#
# A fatal error has been detected by the Java Runtime Environment:
#
#  EXCEPTION_ACCESS_VIOLATION (0xc0000005) at pc=0x00007ff8aa048d6b, pid=21300, tid=31908
#
# JRE version: Java(TM) SE Runtime Environment (25.0.1+8) (build 25.0.1+8-LTS-27)
# Java VM: Java HotSpot(TM) 64-Bit Server VM (25.0.1+8-LTS-27, mixed mode, sharing, tiered, compressed oops, compressed class ptrs, g1 gc, windows-amd64)
# Problematic frame:
# C  [d3d9on12.dll+0x58d6b]
#
# No core dump will be written. Minidumps are not enabled by default on client versions of Windows
#
# If you would like to submit a bug report, please visit:
#   https://bugreport.java.com/bugreport/crash.jsp
# The crash happened outside the Java Virtual Machine in native code.
# See problematic frame for where to report the bug.
#

---------------  S U M M A R Y ------------

Command Line: -Dfile.encoding=IBM850 --module-path=C:\Users\carol\IdeaProjects\JuegoPracticaFinal\target\classes;C:\Users\carol\.m2\repository\ch\qos\logback\logback-classic\1.5.18\logback-classic-1.5.18.jar;C:\Users\carol\.m2\repository\ch\qos\logback\logback-core\1.5.18\logback-core-1.5.18.jar;C:\Users\carol\.m2\repository\com\dlsc\formsfx\formsfx-core\11.6.0\formsfx-core-11.6.0.jar;C:\Users\carol\.m2\repository\com\fasterxml\jackson\core\jackson-annotations\2.14.2\jackson-annotations-2.14.2.jar;C:\Users\carol\.m2\repository\com\fasterxml\jackson\core\jackson-core\2.14.2\jackson-core-2.14.2.jar;C:\Users\carol\.m2\repository\com\fasterxml\jackson\core\jackson-databind\2.14.2\jackson-databind-2.14.2.jar;C:\Users\carol\.m2\repository\com\github\almasb\fxgl\17.3\fxgl-17.3.jar;C:\Users\carol\.m2\repository\com\github\almasb\fxgl-core\17.3\fxgl-core-17.3.jar;C:\Users\carol\.m2\repository\com\github\almasb\fxgl-entity\17.3\fxgl-entity-17.3.jar;C:\Users\carol\.m2\repository\com\github\almasb\fxgl-gameplay\17.3\fxgl-gameplay-17.3.jar;C:\Users\carol\.m2\repository\com\github\almasb\fxgl-io\17.3\fxgl-io-17.3.jar;C:\Users\carol\.m2\repository\com\github\almasb\fxgl-scene\17.3\fxgl-scene-17.3.jar;C:\Users\carol\.m2\repository\com\gluonhq\attach\audio\4.0.17\audio-4.0.17.jar;C:\Users\carol\.m2\repository\com\gluonhq\attach\lifecycle\4.0.17\lifecycle-4.0.17.jar;C:\Users\carol\.m2\repository\com\gluonhq\attach\storage\4.0.17\storage-4.0.17.jar;C:\Users\carol\.m2\repository\com\gluonhq\attach\util\4.0.17\util-4.0.17.jar;C:\Users\carol\.m2\repository\com\google\code\gson\gson\2.10.1\gson-2.10.1.jar;C:\Users\carol\.m2\repository\eu\hansolo\tilesfx\21.0.9\tilesfx-21.0.9.jar;C:\Users\carol\.m2\repository\eu\hansolo\toolbox\21.0.9\toolbox-21.0.9.jar;C:\Users\carol\.m2\repository\eu\hansolo\toolboxfx\21.0.5\toolboxfx-21.0.5.jar;C:\Users\carol\.m2\repository\eu\hansolo\fx\countries\21.0.17\countries-21.0.17.jar;C:\Users\carol\.m2\repository\eu\hansolo\fx\heatmap\21.0.5\heatmap-21.0.5.jar;C:\Users\carol\.m2\repository\net\s--add-modules=jueguito.juegopracticafinal -Djdk.module.main=jueguito.juegopracticafinal jueguito.juegopracticafinal/jueguito.juegopracticafinal.App.Launcher

Host: 13th Gen Intel(R) Core(TM) i7-1355U, 12 cores, 15G,  Windows 11 , 64 bit Build 26100 (10.0.26100.8328)
Time: Mon May 25 21:25:02 2026 Hora de verano romance elapsed time: 122.834694 seconds (0d 0h 2m 2s)

---------------  T H R E A D  ---------------

Current thread (0x000001b9ca370dc0):  JavaThread "QuantumRenderer-0" daemon [_thread_in_native, id=31908, stack(0x0000003455300000,0x0000003455400000) (1024K)]

Stack: [0x0000003455300000,0x0000003455400000],  sp=0x00000034553fce40,  free space=1011k
Native frames: (J=compiled Java code, j=interpreted, Vv=VM code, C=native code)
C  [d3d9on12.dll+0x58d6b]  (no source info available)
C  [d3d9on12.dll+0x153a9]  (no source info available)
C  [d3d9on12.dll+0x14a6c]  (no source info available)
C  [d3d9on12.dll+0xc66a]  (no source info available)
C  [d3d9on12.dll+0x2a776]  (no source info available)
C  [d3d9on12.dll+0x1114f]  (no source info available)
C  [d3d9on12.dll+0x10ad9]  (no source info available)
C  [d3d9on12.dll+0x108d3]  (no source info available)
C  [d3d9.dll+0x15aa5]  (no source info available)
C  [d3d9.dll+0x15c59]  (no source info available)
C  [d3d9.dll+0x15d3b]  (no source info available)
C  [d3d9.dll+0x16af1]  (no source info available)
C  [prism_d3d.dll+0xa376]  (no source info available)
C  [prism_d3d.dll+0x85d4]  (no source info available)
C  [prism_d3d.dll+0x8b5f]  (no source info available)
C  0x000001b9b6989e13  (no source info available)

The last pc belongs to native nmethod (printed below).
Java frames: (J=compiled Java code, j=interpreted, Vv=VM code)
J 3577  com.sun.prism.d3d.D3DResourceFactory.nUpdateTextureB(JJLjava/nio/ByteBuffer;[BIIIIIIII)I javafx.graphics@21.0.6 (0 bytes) @ 0x000001b9b6989dda [0x000001b9b6989d00+0x00000000000000da]
J 5074 c2 com.sun.prism.d3d.D3DTexture.update(Ljava/nio/Buffer;Lcom/sun/prism/PixelFormat;IIIIIIIZ)V javafx.graphics@21.0.6 (425 bytes) @ 0x000001b9b6aa9cd0 [0x000001b9b6aa9a80+0x0000000000000250]
J 7492 c2 com.sun.prism.impl.BaseResourceFactory.createTexture(Lcom/sun/prism/Image;Lcom/sun/prism/Texture$Usage;Lcom/sun/prism/Texture$WrapMode;Z)Lcom/sun/prism/Texture; javafx.graphics@21.0.6 (73 bytes) @ 0x000001b9b6a955f0 [0x000001b9b6a95500+0x00000000000000f0]
J 7525 c1 com.sun.prism.impl.BaseResourceFactory.getCachedTexture(Lcom/sun/prism/Image;Lcom/sun/prism/Texture$WrapMode;Z)Lcom/sun/prism/Texture; javafx.graphics@21.0.6 (537 bytes) @ 0x000001b9af3a72e4 [0x000001b9af3a5c80+0x0000000000001664]
J 7524 c2 com.sun.javafx.sg.prism.NGImageView.renderContent(Lcom/sun/prism/Graphics;)V javafx.graphics@21.0.6 (248 bytes) @ 0x000001b9b68f36d4 [0x000001b9b68f3620+0x00000000000000b4]
J 5368 c2 com.sun.javafx.sg.prism.NGNode.doRender(Lcom/sun/prism/Graphics;)V javafx.graphics@21.0.6 (473 bytes) @ 0x000001b9b6b11724 [0x000001b9b6b11540+0x00000000000001e4]
J 7230 c2 com.sun.javafx.sg.prism.NGImageView.doRender(Lcom/sun/prism/Graphics;)V javafx.graphics@21.0.6 (24 bytes) @ 0x000001b9b6c3bbf0 [0x000001b9b6c3bb80+0x0000000000000070]
J 5077 c2 com.sun.javafx.sg.prism.NGGroup.renderContent(Lcom/sun/prism/Graphics;)V javafx.graphics@21.0.6 (422 bytes) @ 0x000001b9b6aaa620 [0x000001b9b6aaa4a0+0x0000000000000180]
J 5078 c2 com.sun.javafx.sg.prism.NGRegion.renderContent(Lcom/sun/prism/Graphics;)V javafx.graphics@21.0.6 (115 bytes) @ 0x000001b9b6aaad20 [0x000001b9b6aaac20+0x0000000000000100]
J 5368 c2 com.sun.javafx.sg.prism.NGNode.doRender(Lcom/sun/prism/Graphics;)V javafx.graphics@21.0.6 (473 bytes) @ 0x000001b9b6b11724 [0x000001b9b6b11540+0x00000000000001e4]
J 5077 c2 com.sun.javafx.sg.prism.NGGroup.renderContent(Lcom/sun/prism/Graphics;)V javafx.graphics@21.0.6 (422 bytes) @ 0x000001b9b6aaa620 [0x000001b9b6aaa4a0+0x0000000000000180]
J 5078 c2 com.sun.javafx.sg.prism.NGRegion.renderContent(Lcom/sun/prism/Graphics;)V javafx.graphics@21.0.6 (115 bytes) @ 0x000001b9b6aaad20 [0x000001b9b6aaac20+0x0000000000000100]
J 5368 c2 com.sun.javafx.sg.prism.NGNode.doRender(Lcom/sun/prism/Graphics;)V javafx.graphics@21.0.6 (473 bytes) @ 0x000001b9b6b11724 [0x000001b9b6b11540+0x00000000000001e4]
J 5077 c2 com.sun.javafx.sg.prism.NGGroup.renderContent(Lcom/sun/prism/Graphics;)V javafx.graphics@21.0.6 (422 bytes) @ 0x000001b9b6aaa620 [0x000001b9b6aaa4a0+0x0000000000000180]
J 5078 c2 com.sun.javafx.sg.prism.NGRegion.renderContent(Lcom/sun/prism/Graphics;)V javafx.graphics@21.0.6 (115 bytes) @ 0x000001b9b6aaad20 [0x000001b9b6aaac20+0x0000000000000100]
J 5368 c2 com.sun.javafx.sg.prism.NGNode.doRender(Lcom/sun/prism/Graphics;)V javafx.graphics@21.0.6 (473 bytes) @ 0x000001b9b6b11724 [0x000001b9b6b11540+0x00000000000001e4]
J 5077 c2 com.sun.javafx.sg.prism.NGGroup.renderContent(Lcom/sun/prism/Graphics;)V javafx.graphics@21.0.6 (422 bytes) @ 0x000001b9b6aaa620 [0x000001b9b6aaa4a0+0x0000000000000180]
J 5078 c2 com.sun.javafx.sg.prism.NGRegion.renderContent(Lcom/sun/prism/Graphics;)V javafx.graphics@21.0.6 (115 bytes) @ 0x000001b9b6aaad20 [0x000001b9b6aaac20+0x0000000000000100]
J 6339 c1 com.sun.javafx.sg.prism.NGNode.renderRectClip(Lcom/sun/prism/Graphics;Lcom/sun/javafx/sg/prism/NGRectangle;)V javafx.graphics@21.0.6 (122 bytes) @ 0x000001b9af7b6c0c [0x000001b9af7b5d80+0x0000000000000e8c]
J 6345 c1 com.sun.javafx.sg.prism.NGNode.renderClip(Lcom/sun/prism/Graphics;)V javafx.graphics@21.0.6 (473 bytes) @ 0x000001b9af7bdca4 [0x000001b9af7b8f80+0x0000000000004d24]
J 7235 c1 com.sun.javafx.sg.prism.CacheFilter.renderNodeToCache(Lcom/sun/scenario/effect/ImageData;Lcom/sun/javafx/geom/Rectangle;Lcom/sun/javafx/geom/transform/BaseTransform;Lcom/sun/javafx/geom/Rectangle;)V javafx.graphics@21.0.6 (188 bytes) @ 0x000001b9af9d29b4 [0x000001b9af9d1200+0x00000000000017b4]
J 6314 c1 com.sun.javafx.sg.prism.CacheFilter.render(Lcom/sun/prism/Graphics;)V javafx.graphics@21.0.6 (556 bytes) @ 0x000001b9af7a8954 [0x000001b9af7a7280+0x00000000000016d4]
J 6336 c1 com.sun.javafx.sg.prism.NGNode.renderCached(Lcom/sun/prism/Graphics;)V javafx.graphics@21.0.6 (43 bytes) @ 0x000001b9af7b486c [0x000001b9af7b4100+0x000000000000076c]
J 5368 c2 com.sun.javafx.sg.prism.NGNode.doRender(Lcom/sun/prism/Graphics;)V javafx.graphics@21.0.6 (473 bytes) @ 0x000001b9b6b11b2c [0x000001b9b6b11540+0x00000000000005ec]
J 5077 c2 com.sun.javafx.sg.prism.NGGroup.renderContent(Lcom/sun/prism/Graphics;)V javafx.graphics@21.0.6 (422 bytes) @ 0x000001b9b6aaa620 [0x000001b9b6aaa4a0+0x0000000000000180]
J 5078 c2 com.sun.javafx.sg.prism.NGRegion.renderContent(Lcom/sun/prism/Graphics;)V javafx.graphics@21.0.6 (115 bytes) @ 0x000001b9b6aaad20 [0x000001b9b6aaac20+0x0000000000000100]
J 5368 c2 com.sun.javafx.sg.prism.NGNode.doRender(Lcom/sun/prism/Graphics;)V javafx.graphics@21.0.6 (473 bytes) @ 0x000001b9b6b11724 [0x000001b9b6b11540+0x00000000000001e4]
J 5077 c2 com.sun.javafx.sg.prism.NGGroup.renderContent(Lcom/sun/prism/Graphics;)V javafx.graphics@21.0.6 (422 bytes) @ 0x000001b9b6aaa620 [0x000001b9b6aaa4a0+0x0000000000000180]
J 5078 c2 com.sun.javafx.sg.prism.NGRegion.renderContent(Lcom/sun/prism/Graphics;)V javafx.graphics@21.0.6 (115 bytes) @ 0x000001b9b6aaad20 [0x000001b9b6aaac20+0x0000000000000100]
J 5368 c2 com.sun.javafx.sg.prism.NGNode.doRender(Lcom/sun/prism/Graphics;)V javafx.graphics@21.0.6 (473 bytes) @ 0x000001b9b6b11724 [0x000001b9b6b11540+0x00000000000001e4]
J 4702 c2 com.sun.javafx.sg.prism.NGNode.render(Lcom/sun/prism/Graphics;)V javafx.graphics@21.0.6 (39 bytes) @ 0x000001b9b6a27f9c [0x000001b9b6a27f20+0x000000000000007c]
J 7021 c1 com.sun.javafx.tk.quantum.ViewPainter.doPaint(Lcom/sun/prism/Graphics;Lcom/sun/javafx/sg/prism/NodePath;)V javafx.graphics@21.0.6 (206 bytes) @ 0x000001b9af926fe4 [0x000001b9af926100+0x0000000000000ee4]
J 7017 c1 com.sun.javafx.tk.quantum.ViewPainter.paintImpl(Lcom/sun/prism/Graphics;)V javafx.graphics@21.0.6 (1455 bytes) @ 0x000001b9af914784 [0x000001b9af9110a0+0x00000000000036e4]
J 7007 c1 com.sun.javafx.tk.quantum.PresentingPainter.run()V javafx.graphics@21.0.6 (680 bytes) @ 0x000001b9af919744 [0x000001b9af915e80+0x00000000000038c4]
J 6993 c1 java.util.concurrent.Executors$RunnableAdapter.call()Ljava/lang/Object; java.base@25.0.1 (14 bytes) @ 0x000001b9af90c094 [0x000001b9af90bf80+0x0000000000000114]
J 6990 c1 java.util.concurrent.FutureTask.runAndReset()Z java.base@25.0.1 (125 bytes) @ 0x000001b9af907e4c [0x000001b9af907380+0x0000000000000acc]
J 6989 c1 com.sun.javafx.tk.RenderJob.run()V javafx.graphics@21.0.6 (95 bytes) @ 0x000001b9af90638c [0x000001b9af906300+0x000000000000008c]
j  java.util.concurrent.ThreadPoolExecutor.runWorker(Ljava/util/concurrent/ThreadPoolExecutor$Worker;)V+92 java.base@25.0.1
j  java.util.concurrent.ThreadPoolExecutor$Worker.run()V+5 java.base@25.0.1
j  com.sun.javafx.tk.quantum.QuantumRenderer$PipelineRunnable.run()V+8 javafx.graphics@21.0.6
j  java.lang.Thread.runWith(Ljava/lang/Object;Ljava/lang/Runnable;)V+5 java.base@25.0.1
j  java.lang.Thread.run()V+19 java.base@25.0.1
v  ~StubRoutines::call_stub 0x000001b9b63112ed

siginfo: EXCEPTION_ACCESS_VIOLATION (0xc0000005), reading address 0x000001bd4a380ed7


Registers:
RAX=0x00000000ffffffff, RBX=0x000001bc4a1e89f0, RCX=0x000001ba1f082f60, RDX=0x000001bc4a380ea0
RSP=0x00000034553fce40, RBP=0x00000034553fcf69, RSI=0x00000000000004ff, RDI=0x0000000000000000
R8 =0x00000000000004ff, R9 =0x000001b9cb105108, R10=0x00000000ffffffff, R11=0x00007ff8a34d0000
R12=0x00000000000004ff, R13=0x000001b9cb10f820, R14=0x00000000000004ff, R15=0x000001bc4a35d980
RIP=0x00007ff8aa048d6b, EFLAGS=0x0000000000010202

XMM[0]=0x0000000000000400 0x00000000000004ff
XMM[1]=0x0000000000000000 0x0000000000000001
XMM[2]=0x0000000000000000 0x0000000100000057
XMM[3]=0x0000000000000000 0x0000000000000000
XMM[4]=0x0000000000000000 0x0000000000000000
XMM[5]=0xffd8d0b0ffd8d0b0 0xffd8d0b0ffd8d0b0
XMM[6]=0x0000000000000000 0x0000000000000000
XMM[7]=0x0000000000000000 0x3ff4000000000000
XMM[8]=0x0000000000000000 0x0000000000000000
XMM[9]=0x0000000000000000 0x0000000000000000
XMM[10]=0x0000000000000000 0x0000000000000000
XMM[11]=0x0000000000000000 0x0000000000000000
XMM[12]=0x0000000000000000 0x000000004448c000
XMM[13]=0x0000000000000000 0x0000000043e8c000
XMM[14]=0x0000000000000000 0x0000000044c8b000
XMM[15]=0x0000000000000000 0x000000004468a000
  MXCSR=0x00001fa0


Register to memory mapping:

RAX=0x00000000ffffffff is an unknown value
RBX=0x000001bc4a1e89f0 points into unknown readable memory: 0x000001b9cb105108 | 08 51 10 cb b9 01 00 00
RCX=0x000001ba1f082f60 points into unknown readable memory: 0x00000000ffffffff | ff ff ff ff 00 00 00 00
RDX=0x000001bc4a380ea0 points into unknown readable memory: 0x0000000000000001 | 01 00 00 00 00 00 00 00
RSP=0x00000034553fce40 is pointing into the stack for thread: 0x000001b9ca370dc0
RBP=0x00000034553fcf69 is pointing into the stack for thread: 0x000001b9ca370dc0
RSI=0x00000000000004ff is an unknown value
RDI=0x0 is null
R8 =0x00000000000004ff is an unknown value
R9 =0x000001b9cb105108 points into unknown readable memory: 0x000001b9cabfb7c0 | c0 b7 bf ca b9 01 00 00
R10=0x00000000ffffffff is an unknown value
R11=0x00007ff8a34d0000 D3D12Core.dll
R12=0x00000000000004ff is an unknown value
R13=0x000001b9cb10f820 points into unknown readable memory: 0x000001b9cb1ec0f8 | f8 c0 1e cb b9 01 00 00
R14=0x00000000000004ff is an unknown value
R15=0x000001bc4a35d980 points into unknown readable memory: 0x00007ff8aa082000 | 00 20 08 aa f8 7f 00 00

Top of Stack: (sp=0x00000034553fce40)
0x00000034553fce40:   000001b9cb106000 000001b9cb106050   .`......P`......
0x00000034553fce50:   0000000000000000 0000000000000000   ................
0x00000034553fce60:   0000000000000000 00007ff8aa0053a9   .........S......
0x00000034553fce70:   00000034553fd110 000001bc4a380ea0   ..?U4.....8J....
0x00000034553fce80:   0000000000000000 000001b9cb105f78   ........x_......
0x00000034553fce90:   000001b9cb15f400 00000034553fcf69   ........i.?U4...
0x00000034553fcea0:   000001b9cb105f78 00007ff8aa004a6c   x_......lJ......
0x00000034553fceb0:   000001b9cb10f800 0000000000000000   ................
0x00000034553fcec0:   00000034553fcf30 00000034553fcf20   0.?U4... .?U4...
0x00000034553fced0:   00000034553fcf10 00000034553fcf00   ..?U4.....?U4...
0x00000034553fcee0:   00000034553fcef0 0000000000000300   ..?U4...........
0x00000034553fcef0:   000001b9cb105f78 00000034553fcf68   x_......h.?U4...
0x00000034553fcf00:   000001b9cb105f78 00000034553fcf68   x_......h.?U4...
0x00000034553fcf10:   000001b9cb105f78 00000034553fcf68   x_......h.?U4...
0x00000034553fcf20:   000001b9cb105f78 00000034553fcf68   x_......h.?U4...
0x00000034553fcf30:   000001b9cb105f78 00000034553fcf68   x_......h.?U4...
0x00000034553fcf40:   00000000000004ff 0000000000000400   ................
0x00000034553fcf50:   0000000000000001 0000000000000001   ................
0x00000034553fcf60:   00000034553fcf00 000001b9caecaff0   ..?U4...........
0x00000034553fcf70:   0000000000000000 0000000000000000   ................
0x00000034553fcf80:   00000000000004ff 0000000000000001   ................
0x00000034553fcf90:   0000000000000001 000095cad78bb80a   ................
0x00000034553fcfa0:   000001bc4a35d980 00000034553fd110   ..5J......?U4...
0x00000034553fcfb0:   0000000000000001 0000000000000000   ................
0x00000034553fcfc0:   00000034553fd059 00007ff8a9ffc66a   Y.?U4...j.......
0x00000034553fcfd0:   000001b9cb105f78 000001b9cb105f78   x_......x_......
0x00000034553fcfe0:   000001b9cb15f430 000001b9cb105108   0........Q......
0x00000034553fcff0:   00000034553fd2b0 0000000000001000   ..?U4...........
0x00000034553fd000:   0000000000000400 0000000000000000   ................
0x00000034553fd010:   0000000000000000 0100010000010000   ................
0x00000034553fd020:   0000000100010001 00000034553fd2b0   ..........?U4...
0x00000034553fd030:   0000000000000000 00000034553fd390   ..........?U4...

Instructions: (pc=0x00007ff8aa048d6b)
  0x00007ff8aa048c6b:   48 8d 4c 24 50 e8 3b 7b ff ff 90 4c 8d 44 24 70
  0x00007ff8aa048c7b:   48 8b d0 48 8d 4c 24 30 e8 ec d0 ff ff 48 8b c8
  0x00007ff8aa048c8b:   e8 48 e0 ff ff 90 48 8d 4c 24 50 e8 05 e8 fe ff
  0x00007ff8aa048c9b:   90 48 8d 4c 24 70 e8 fa e7 fe ff 48 8d 15 d3 ff
  0x00007ff8aa048cab:   03 00 48 8d 4c 24 30 e8 f9 7a ff ff 90 4c 8b c0
  0x00007ff8aa048cbb:   48 8d 15 66 b7 05 00 48 8d 4c 24 50 e8 cc d0 ff
  0x00007ff8aa048ccb:   ff 48 8b c8 e8 04 e0 ff ff 90 48 8d 4c 24 30 e8
  0x00007ff8aa048cdb:   c1 e7 fe ff 90 48 83 fb 01 49 0f 44 de 48 85 db
  0x00007ff8aa048ceb:   74 39 48 85 ff 74 34 48 8b 8b 10 01 00 00 48 85
  0x00007ff8aa048cfb:   c9 74 28 e8 5d 9d fb ff 48 85 c0 74 1e e8 53 9d
  0x00007ff8aa048d0b:   fb ff 4c 8b c8 48 8b 08 48 8b 01 4c 8b c7 48 8b
  0x00007ff8aa048d1b:   d6 49 8b c9 e8 ec 82 03 00 eb 05 b8 57 00 07 80
  0x00007ff8aa048d2b:   eb 06 eb 00 8b 44 24 20 48 8b 8c 24 90 00 00 00
  0x00007ff8aa048d3b:   48 33 cc e8 fd 89 ff ff 48 8b 9c 24 d8 00 00 00
  0x00007ff8aa048d4b:   48 81 c4 a0 00 00 00 41 5e 5f 5e c3 cc cc cc cc
  0x00007ff8aa048d5b:   cc cc cc cc cc 48 89 54 24 10 48 83 ec 28 8b 01
=>0x00007ff8aa048d6b:   80 7c 10 38 00 75 2e c6 44 10 38 01 48 8b 41 10
  0x00007ff8aa048d7b:   48 3b 41 18 74 0a 48 89 10 48 83 41 10 08 eb 11
  0x00007ff8aa048d8b:   4c 8d 44 24 38 48 8b d0 48 83 c1 08 e8 94 e3 ff
  0x00007ff8aa048d9b:   ff b0 01 eb 02 32 c0 48 83 c4 28 c3 cc cc cc cc
  0x00007ff8aa048dab:   cc cc cc cc cc 48 89 5c 24 10 56 57 41 56 48 83
  0x00007ff8aa048dbb:   ec 30 41 8b d8 4c 8b f2 48 8b f1 45 33 c0 48 8b
  0x00007ff8aa048dcb:   4a 08 4c 8b 12 48 8b c1 49 2b c2 48 c1 f8 02 48
  0x00007ff8aa048ddb:   85 c0 74 71 48 8d be 18 04 00 00 48 8b 17 48 8b
  0x00007ff8aa048deb:   47 08 48 2b c2 48 c1 f8 02 4f 8d 1c 82 4c 3b c0
  0x00007ff8aa048dfb:   73 37 41 8b 03 42 39 04 82 74 13 85 c0 74 0f 42
  0x00007ff8aa048e0b:   89 04 82 4a 83 3c c6 00 0f 94 c0 44 0a c8 49 ff
  0x00007ff8aa048e1b:   c0 49 8b 4e 08 4d 8b 16 48 8b c1 49 2b c2 48 c1
  0x00007ff8aa048e2b:   f8 02 4c 3b c0 72 b4 eb 1c 4d 8b cb 48 89 4c 24
  0x00007ff8aa048e3b:   20 4c 8b 47 08 48 8d 54 24 50 48 8b cf e8 9f 66
  0x00007ff8aa048e4b:   ff ff 41 b1 01 48 8d be 18 04 00 00 4c 8b 07 48
  0x00007ff8aa048e5b:   8b 4f 08 49 2b c8 48 c1 f9 02 48 8b d3 48 3b cb


Stack slot to memory mapping:

stack at sp + 0 slots: 0x000001b9cb106000 points into unknown readable memory: 0x000001b9cb10f1b0 | b0 f1 10 cb b9 01 00 00
stack at sp + 1 slots: 0x000001b9cb106050 points into unknown readable memory: 0x0000000000000000 | 00 00 00 00 00 00 00 00
stack at sp + 2 slots: 0x0 is null
stack at sp + 3 slots: 0x0 is null
stack at sp + 4 slots: 0x0 is null
stack at sp + 5 slots: 0x00007ff8aa0053a9 d3d9on12.dll
stack at sp + 6 slots: 0x00000034553fd110 is pointing into the stack for thread: 0x000001b9ca370dc0
stack at sp + 7 slots: 0x000001bc4a380ea0 points into unknown readable memory: 0x0000000000000001 | 01 00 00 00 00 00 00 00

Lock stack of current Java thread (top to bottom):


Compiled method (n/a) 123066 3577     n 0       com.sun.prism.d3d.D3DResourceFactory::nUpdateTextureB (native)
 total in heap  [0x000001b9b6989c08,0x000001b9b6989f18] = 784
 main code      [0x000001b9b6989d00,0x000001b9b6989f09] = 521
 stub code      [0x000001b9b6989f09,0x000001b9b6989f10] = 7
 oops           [0x000001b9b6989f10,0x000001b9b6989f18] = 8
 mutable elemento [0x000001b9d90de9d0,0x000001b9d90de9f0] = 32
 relocation     [0x000001b9d90de9d0,0x000001b9d90de9f0] = 32

[Constant Pool (empty)]

[MachCode]
[Entry Point]
  # {method} {0x000001b9c64dceb0} 'nUpdateTextureB' '(JJLjava/nio/ByteBuffer;[BIIIIIIII)I' in 'com/sun/prism/d3d/D3DResourceFactory'
  # parm0:    rdx:rdx   = long
  # parm1:    r8:r8     = long
  # parm2:    r9:r9     = 'java/nio/ByteBuffer'
  # parm3:    rdi:rdi   = '[B'
  # parm4:    rsi       = int
  # parm5:    rcx       = int
  # parm6:    [sp+0xc0]   = int  (sp of caller)
  # parm7:    [sp+0xc8]   = int
  # parm8:    [sp+0xd0]   = int
  # parm9:    [sp+0xd8]   = int
  # parm10:   [sp+0xe0]   = int
  # parm11:   [sp+0xe8]   = int
  0x000001b9b6989d00: 6690 448b | 5208 443b 

  0x000001b9b6989d08: ;   {runtime_call Shared Runtime ic_miss_blob}
  0x000001b9b6989d08: 5008 0f85 | d04d 9dff 
[Verified Entry Point]
  0x000001b9b6989d10: 8984 2400 | 80ff ff55 | 488b ec48 | 81ec b000 | 0000 6690 | 4181 7f20 | 0700 0000 

  0x000001b9b6989d2c: ;   {runtime_call Stub::method_entry_barrier}
  0x000001b9b6989d2c: 7405 e80d | a59b ff48 | 6345 3848 | 8944 2468 | 4863 4530 | 4889 4424 | 6048 6345 | 2848 8944 
  0x000001b9b6989d4c: 2458 4863 | 4520 4889 | 4424 5048 | 6345 1848 | 8944 2448 | 4863 4510 | 4889 4424 | 4048 894c 
  0x000001b9b6989d6c: 2438 4889 | 7424 3048 | 89bc 2488 | 0000 0048 | 83ff 0048 | 8d84 2488 | 0000 0048 | 0f44 8424 
  0x000001b9b6989d8c: 8800 0000 | 4889 4424 | 284c 898c | 2480 0000 | 0049 83f9 | 0048 8d84 | 2480 0000 | 0048 0f44 
  0x000001b9b6989dac: 8424 8000 | 0000 4889 | 4424 204d | 8bc8 4c8b 

  0x000001b9b6989dbc: ;   {oop(a 'java/lang/Class'{0x0000000705caa650} = 'com/sun/prism/d3d/D3DResourceFactory')}
  0x000001b9b6989dbc: c249 be50 | a6ca 0507 | 0000 004c | 89b4 24a0 | 0000 004c | 8db4 24a0 | 0000 0049 | 8bd6 c5f8 
  0x000001b9b6989ddc: ;   {internal_word}
  0x000001b9b6989ddc: 7749 bada | 9d98 b6b9 | 0100 004d | 8997 3004 | 0000 4989 | a728 0400 | 0049 8d8f | 4804 0000 
  0x000001b9b6989dfc: 41c7 87d4 | 0400 0004 

  0x000001b9b6989e04: ;   {runtime_call}
  0x000001b9b6989e04: 0000 0048 | b840 8a74 | 02f9 7f00 | 00ff d0c5 | f877 41c7 | 87d4 0400 | 0005 0000 | 00f0 8344 
  0x000001b9b6989e24: 24c0 0049 | 3b6f 280f | 870e 0000 | 0041 83bf | d004 0000 | 000f 842b | 0000 00c5 | f877 4889 
  0x000001b9b6989e44: 45f8 498b | cf4c 8be4 | 4883 ec20 | 4883 e4f0 

  0x000001b9b6989e54: ;   {runtime_call}
  0x000001b9b6989e54: 48b8 a0ac | 946e f87f | 0000 ffd0 | 498b e44d | 33e4 488b | 45f8 41c7 | 87d4 0400 | 0008 0000 
  0x000001b9b6989e74: 0041 83bf | 5005 0000 | 020f 8459 | 0000 0049 | c787 2804 | 0000 0000 | 0000 49c7 | 8730 0400 
  0x000001b9b6989e94: 0000 0000 | 00c5 f877 | 498b 8fb8 | 0400 00c7 | 8100 0100 | 0000 0000 

  0x000001b9b6989eac: ;   {poll_return}
  0x000001b9b6989eac: 00c9 41f6 | 4728 0174 

  0x000001b9b6989eb4: ;   {internal_word}
  0x000001b9b6989eb4: 1649 baae | 9e98 b6b9 | 0100 004d | 8997 e004 

  0x000001b9b6989ec4: ;   {runtime_call SafepointBlob}
  0x000001b9b6989ec4: 0000 e995 | 709d ff49 | 837f 0800 | 0f85 0100 

  0x000001b9b6989ed4: ;   {runtime_call Stub::forward_exception}
  0x000001b9b6989ed4: 0000 c3e9 | 0473 98ff | c5f8 7748 | 8945 f84c | 8be4 4883 | ec20 4883 

  0x000001b9b6989eec: ;   {runtime_call}
  0x000001b9b6989eec: e4f0 48b8 | 10f7 cd6e | f87f 0000 | ffd0 498b | e44d 33e4 | 488b 45f8 | e97a ffff | fff4 f4f4 
  0x000001b9b6989f0c: f4f4 f4f4 
[/MachCode]


Compiled method (c2) 123077 5074       4       com.sun.prism.d3d.D3DTexture::update (425 bytes)
 total in heap  [0x000001b9b6aa9988,0x000001b9b6aaa330] = 2472
 main code      [0x000001b9b6aa9a80,0x000001b9b6aaa2c0] = 2112
 stub code      [0x000001b9b6aaa2c0,0x000001b9b6aaa310] = 80
 oops           [0x000001b9b6aaa310,0x000001b9b6aaa330] = 32
 mutable elemento [0x000001b9d9ca8300,0x000001b9d9ca84e0] = 480
 relocation     [0x000001b9d9ca8300,0x000001b9d9ca83b8] = 184
 metadata       [0x000001b9d9ca83b8,0x000001b9d9ca84e0] = 296
 immutable elemento [0x000001b9da005340,0x000001b9da005a18] = 1752
 dependencies   [0x000001b9da005340,0x000001b9da0053a8] = 104
 nul chk table  [0x000001b9da0053a8,0x000001b9da0053e8] = 64
 handler table  [0x000001b9da0053e8,0x000001b9da005448] = 96
 scopes pcs     [0x000001b9da005448,0x000001b9da0055d8] = 400
 scopes elemento    [0x000001b9da0055d8,0x000001b9da005a18] = 1088

[Constant Pool (empty)]

[MachCode]
[Instructions begin]
  0x000001b9b6aa9a80: 6690 448b | 5208 443b 

  0x000001b9b6aa9a88: ;   {runtime_call Shared Runtime ic_miss_blob}
  0x000001b9b6aa9a88: 5008 0f85 | 5050 8bff 
[Verified Entry Point]
  0x000001b9b6aa9a90: 8984 2400 | 80ff ff55 | 4881 eca0 | 0000 0090 | 4181 7f20 | 0700 0000 | 0f85 0708 | 0000 898c 
  0x000001b9b6aa9ab0: 24c4 0000 | 0089 b424 | bc00 0000 | 89bc 24b4 | 0000 004c | 894c 2438 | 4c89 4424 | 3048 8bea 
  0x000001b9b6aa9ad0: 448b 9c24 | b000 0000 | 4489 1c24 | 448b 9424 | b800 0000 | 4489 5424 | 0844 8b9c | 24c0 0000 
  0x000001b9b6aa9af0: 0044 895c | 2410 448b | 9424 c800 | 0000 4489 

  0x000001b9b6aa9b00: ;   {optimized virtual_call}
  0x000001b9b6aa9b00: 5424 18e8 

  0x000001b9b6aa9b04: ; ImmutableOopMap {rbp=Oop [48]=Oop [56]=Oop }
                      ;*invokevirtual checkUpdateParams {reexecute=0 rethrow=0 return_oop=0}
                      ; - com.sun.prism.d3d.D3DTexture::update@16 (line 141)
  0x000001b9b6aa9b04: 08fa ffff 

  0x000001b9b6aa9b08: ;   {post_call_nop}
  0x000001b9b6aa9b08: 0f1f 8400 | 8001 0000 | 448b 9424 | d000 0000 | 4585 d20f | 843a 0200 | 004c 8bd5 | 458b 5a34 
  0x000001b9b6aa9b28: c4c1 796e | cb43 8b7c | dc0c 458b | 4210 4489 | 4424 7445 | 8b5a 1444 | 895c 2460 | 458b 4218 
  0x000001b9b6aa9b48: 4489 4424 | 6444 8bb4 | 24b4 0000 | 0045 03f3 | 448b 9c24 | bc00 0000 | 4503 d845 | 8b4a 1c44 
  0x000001b9b6aa9b68: 894c 2468 | 458b 4220 | 4489 4424 | 6c45 8b6a | 0c85 ff0f | 8e7b 0200 | 00c4 c179 | 7ec8 438b 
  0x000001b9b6aa9b88: 5cc4 1c45 | 8b4c dc08 

  0x000001b9b6aa9b90: ;   {metadata('com/sun/prism/d3d/D3DTextureData')}
  0x000001b9b6aa9b90: 4181 f960 | ac17 010f | 858f 0400 | 004c 8b4c | 2438 458b | 4118 498d | 0cdc 8b49 

  0x000001b9b6aa9bac: ;   {oop(a 'com/sun/prism/PixelFormat$DataType'{0x0000000705f2ae10})}
  0x000001b9b6aa9bac: 1841 81f8 | c255 bee0 | 0f84 7602 

  0x000001b9b6aa9bb8: ;   {oop(a 'com/sun/prism/PixelFormat$DataType'{0x0000000706150e08})}
  0x000001b9b6aa9bb8: 0000 4181 | f8c1 a1c2 | e00f 84ed | 0200 004c | 8b44 2430 

  0x000001b9b6aa9bcc: ; implicit exception: dispatches to 0x000001b9b6aaa140
  0x000001b9b6aa9bcc: 418b 5008 

  0x000001b9b6aa9bd0: ;   {metadata('java/nio/ByteBuffer')}
  0x000001b9b6aa9bd0: 48be a063 | 2205 0000 | 0000 b800 | 0000 0548 | 03c2 488b | 5040 483b | d60f 85b5 | 0100 0049 
  0x000001b9b6aa9bf0: 8be8 8b55 

  0x000001b9b6aa9bf4: ;   {metadata('java/nio/HeapByteBuffer')}
  0x000001b9b6aa9bf4: 0881 fab8 | de2e 000f | 8537 0100 | 0044 8965 | 18c7 450c | ffff ffff | 498b f08b | 5628 85d2 
  0x000001b9b6aa9c14: 0f84 3a01 | 0000 0fb6 | 6e30 85ed | 0f85 9601 | 0000 488b | c248 c1e0 | 0349 8bac | cc90 0000 
  0x000001b9b6aa9c34: 0049 8bc8 | 85ff 0f8e | f802 0000 

  0x000001b9b6aa9c40: ; implicit exception: dispatches to 0x000001b9b6aaa1d4
  0x000001b9b6aa9c40: 418b 54dc 

  0x000001b9b6aa9c44: ;   {metadata('com/sun/prism/d3d/D3DTextureData')}
  0x000001b9b6aa9c44: 0881 fa60 | ac17 010f | 8503 0400 | 0048 8bf9 | 488b cd44 | 89ac 24cc | 0000 004c | 894c 2440 
  0x000001b9b6aa9c64: 4c89 4424 | 3849 8bea | 4d8d 14dc | 4d8b 4210 | 418b 710c | 488b d14c | 8bcf 488b | f841 8bce 
  0x000001b9b6aa9c84: 4489 1c24 | 448b 9424 | c400 0000 | 4489 5424 | 0844 8b9c | 24b0 0000 | 0044 895c | 2410 448b 
  0x000001b9b6aa9ca4: 9424 b800 | 0000 4489 | 5424 1844 | 8b9c 24c0 | 0000 0044 | 895c 2420 | 448b 9424 | c800 0000 
  0x000001b9b6aa9cc4: 4489 5424 

  0x000001b9b6aa9cc8: ;   {static_call}
  0x000001b9b6aa9cc8: 2866 90e8 

  0x000001b9b6aa9ccc: ; ImmutableOopMap {rbp=Oop [48]=Oop [56]=Oop [64]=Oop }
                      ;*invokestatic nUpdateTextureB {reexecute=0 rethrow=0 return_oop=0}
                      ; - com.sun.prism.d3d.D3DTexture::update@205 (line 230)
                      ; - com.sun.prism.d3d.D3DTexture::update@89 (line 154)
  0x000001b9b6aa9ccc: 4000 eeff 

  0x000001b9b6aa9cd0: ;   {post_call_nop}
  0x000001b9b6aa9cd0: 0f1f 8400 | 4803 0001 | 4c8b c545 | 8b58 3c43 | 8b6c dc0c | 83fd 070f | 83a0 0000 

  0x000001b9b6aa9cec: ;   {oop([I{0x00000007061553a0})}
  0x000001b9b6aa9cec: 0049 baa0 | 5315 0607 | 0000 0041 | 8b6c aa10 | 83fd 0175 | 1348 81c4 | a000 0000 

  0x000001b9b6aa9d08: ;   {poll_return}
  0x000001b9b6aa9d08: 5d49 3b67 | 280f 878c | 0500 00c3 | 448d 55fe | 4183 fa03 | 73e3 ba45 | ffff ff4c | 8944 2430 
  0x000001b9b6aa9d28: ;   {runtime_call UncommonTrapBlob}
  0x000001b9b6aa9d28: 6666 90e8 

  0x000001b9b6aa9d2c: ; ImmutableOopMap {[48]=Oop [56]=Oop [64]=Oop }
                      ;*tableswitch {reexecute=1 rethrow=0 return_oop=0}
                      ; - (reexecute) com.sun.prism.d3d.D3DTexture::update@103 (line 156)
  0x000001b9b6aa9d2c: 305e 98ff 

  0x000001b9b6aa9d30: ;   {post_call_nop}
  0x000001b9b6aa9d30: 0f1f 8400 | a803 0002 

  0x000001b9b6aa9d38: ;   {metadata('java/nio/DirectByteBuffer')}
  0x000001b9b6aa9d38: 81fa d0ab | 2e00 0f85 | 9c02 0000 | 4489 6518 | c745 0cff | ffff ffe9 | b8fe ffff | 33c0 e9d2 
  0x000001b9b6aa9d58: feff ff48 

  0x000001b9b6aa9d5c: ;   {optimized virtual_call}
  0x000001b9b6aa9d5c: 8bd5 90e8 

  0x000001b9b6aa9d60: ; ImmutableOopMap {rbp=Oop [48]=Oop [56]=Oop }
                      ;*invokevirtual getContext {reexecute=0 rethrow=0 return_oop=1}
                      ; - com.sun.prism.d3d.D3DTexture::update@25 (line 145)
  0x000001b9b6aa9d60: bc5b 8cf8 

  0x000001b9b6aa9d64: ;   {post_call_nop}
  0x000001b9b6aa9d64: 0f1f 8400 | dc03 0003 | 4885 c00f | 84a3 0200 | 0048 8bd0 

  0x000001b9b6aa9d78: ;   {optimized virtual_call}
  0x000001b9b6aa9d78: 6666 90e8 

  0x000001b9b6aa9d7c: ; ImmutableOopMap {rbp=Oop [48]=Oop [56]=Oop }
                      ;*invokevirtual flushVertexBuffer {reexecute=0 rethrow=0 return_oop=0}
                      ; - com.sun.prism.d3d.D3DTexture::update@28 (line 145)
  0x000001b9b6aa9d7c: a0be 8bf8 

  0x000001b9b6aa9d80: ;   {post_call_nop}
  0x000001b9b6aa9d80: 0f1f 8400 | f803 0004 | e994 fdff | ffba e4ff | ffff 4c89 

  0x000001b9b6aa9d94: ;   {runtime_call UncommonTrapBlob}
  0x000001b9b6aa9d94: 4424 30e8 

  0x000001b9b6aa9d98: ; ImmutableOopMap {[48]=Oop [56]=Oop [64]=Oop }
                      ;*iaload {reexecute=0 rethrow=0 return_oop=0}
                      ; - com.sun.prism.d3d.D3DTexture::update@102 (line 156)
  0x000001b9b6aa9d98: c45d 98ff 

  0x000001b9b6aa9d9c: ;   {post_call_nop}
  0x000001b9b6aa9d9c: 0f1f 8400 | 1404 0005 | bade ffff | ff49 8be8 

  0x000001b9b6aa9dac: ;   {runtime_call UncommonTrapBlob}
  0x000001b9b6aa9dac: 6666 90e8 

  0x000001b9b6aa9db0: ; ImmutableOopMap {rbp=Oop }
                      ;*checkcast {reexecute=0 rethrow=0 return_oop=0}
                      ; - com.sun.prism.d3d.D3DTexture::update@145 (line 227)
                      ; - com.sun.prism.d3d.D3DTexture::update@89 (line 154)
  0x000001b9b6aa9db0: ac5d 98ff 

  0x000001b9b6aa9db4: ;   {post_call_nop}
  0x000001b9b6aa9db4: 0f1f 8400 | 2c04 0006 | ba45 ffff | ff4c 8944 | 2438 4c89 | 5424 484c | 894c 2450 | 4489 6c24 
  0x000001b9b6aa9dd4: 7044 8974 | 2478 4489 | 5c24 7c89 | 8c24 8000 | 0000 4889 | b424 8800 

  0x000001b9b6aa9dec: ;   {runtime_call UncommonTrapBlob}
  0x000001b9b6aa9dec: 0000 90e8 

  0x000001b9b6aa9df0: ; ImmutableOopMap {[56]=Oop [72]=Oop [80]=Oop [128]=NarrowOop [136]=Oop }
                      ;*ifne {reexecute=1 rethrow=0 return_oop=0}
                      ; - (reexecute) java.nio.ByteBuffer::hasArray@11 (line 1491)
                      ; - com.sun.prism.d3d.D3DTexture::update@158 (line 229)
                      ; - com.sun.prism.d3d.D3DTexture::update@89 (line 154)
  0x000001b9b6aa9df0: 6c5d 98ff 

  0x000001b9b6aa9df4: ;   {post_call_nop}
  0x000001b9b6aa9df4: 0f1f 8400 | 6c04 0007 | ba45 ffff | ff44 896c | 2470 4489 | 7424 7844 | 895c 247c | c5fa 118c 
  0x000001b9b6aa9e14: 2480 0000 | 0089 bc24 | 8400 0000 

  0x000001b9b6aa9e20: ;   {runtime_call UncommonTrapBlob}
  0x000001b9b6aa9e20: 6666 90e8 

  0x000001b9b6aa9e24: ; ImmutableOopMap {rbp=Oop [48]=Oop [56]=Oop [128]=NarrowOop }
                      ;*ifgt {reexecute=1 rethrow=0 return_oop=0}
                      ; - (reexecute) com.sun.prism.impl.ManagedResource::assertLocked@4 (line 95)
                      ; - com.sun.prism.impl.ManagedResource::getResource@1 (line 70)
                      ; - com.sun.prism.d3d.D3DTexture::getContext@7 (line 85)
                      ; - com.sun.prism.d3d.D3DTexture::update@1 (line 210)
                      ; - com.sun.prism.d3d.D3DTexture::update@89 (line 154)
  0x000001b9b6aa9e24: 385d 98ff 

  0x000001b9b6aa9e28: ;   {post_call_nop}
  0x000001b9b6aa9e28: 0f1f 8400 | a004 0008 | ba45 ffff | ff48 8944 | 24f8 8b44 | 2460 8944 | 2458 488b | 4424 f848 
  0x000001b9b6aa9e48: 8944 24f8 | 8b44 2464 | 8944 245c | 488b 4424 | f848 8944 | 24f8 8b44 | 2468 8944 | 2460 488b 
  0x000001b9b6aa9e68: 4424 f848 | 8944 24f8 | 8b44 246c | 8944 2464 | 488b 4424 | f844 896c | 2468 4889 | 4424 f88b 
  0x000001b9b6aa9e88: 4424 7489 | 4424 6c48 | 8b44 24f8 | 4489 7424 | 7044 895c | 2474 894c | 2478 4489 

  0x000001b9b6aa9ea4: ;   {runtime_call UncommonTrapBlob}
  0x000001b9b6aa9ea4: 4424 7ce8 

  0x000001b9b6aa9ea8: ; ImmutableOopMap {rbp=Oop [48]=Oop [56]=Oop [120]=NarrowOop [124]=NarrowOop }
                      ;*if_acmpne {reexecute=1 rethrow=0 return_oop=0}
                      ; - (reexecute) com.sun.prism.d3d.D3DTexture::update@13 (line 212)
                      ; - com.sun.prism.d3d.D3DTexture::update@89 (line 154)
  0x000001b9b6aa9ea8: b45c 98ff 

  0x000001b9b6aa9eac: ;   {post_call_nop}
  0x000001b9b6aa9eac: 0f1f 8400 | 2405 0009 | ba45 ffff | ff48 8944 | 24f8 8b44 | 2460 8944 | 2458 488b | 4424 f848 
  0x000001b9b6aa9ecc: 8944 24f8 | 8b44 2464 | 8944 245c | 488b 4424 | f848 8944 | 24f8 8b44 | 2468 8944 | 2460 488b 
  0x000001b9b6aa9eec: 4424 f848 | 8944 24f8 | 8b44 246c | 8944 2464 | 488b 4424 | f844 896c | 2468 4889 | 4424 f88b 
  0x000001b9b6aa9f0c: 4424 7489 | 4424 6c48 | 8b44 24f8 | 4489 7424 | 7044 895c | 2474 894c | 2478 4489 

  0x000001b9b6aa9f28: ;   {runtime_call UncommonTrapBlob}
  0x000001b9b6aa9f28: 4424 7ce8 

  0x000001b9b6aa9f2c: ; ImmutableOopMap {rbp=Oop [48]=Oop [56]=Oop [120]=NarrowOop [124]=NarrowOop }
                      ;*if_acmpne {reexecute=1 rethrow=0 return_oop=0}
                      ; - (reexecute) com.sun.prism.d3d.D3DTexture::update@82 (line 219)
                      ; - com.sun.prism.d3d.D3DTexture::update@89 (line 154)
  0x000001b9b6aa9f2c: 305c 98ff 

  0x000001b9b6aa9f30: ;   {post_call_nop}
  0x000001b9b6aa9f30: 0f1f 8400 | a805 000a | ba45 ffff | ff4c 8954 | 2430 4c89 | 4424 384c | 894c 2448 | 4889 4424 
  0x000001b9b6aa9f50: f88b 4424 | 6089 4424 | 5848 8b44 | 24f8 4889 | 4424 f88b | 4424 6489 | 4424 5c48 | 8b44 24f8 
  0x000001b9b6aa9f70: 4889 4424 | f88b 4424 | 6889 4424 | 6048 8b44 | 24f8 4889 | 4424 f88b | 4424 6c89 | 4424 6448 
  0x000001b9b6aa9f90: 8b44 24f8 | 4489 6c24 | 6848 8944 | 24f8 8b44 | 2474 8944 | 246c 488b | 4424 f844 | 8974 2470 
  0x000001b9b6aa9fb0: 4489 5c24 | 7448 894c | 2478 4889 | 8424 8000 | 0000 c5fa | 118c 2488 | 0000 0089 | bc24 8c00 
  0x000001b9b6aa9fd0: ;   {runtime_call UncommonTrapBlob}
  0x000001b9b6aa9fd0: 0000 90e8 

  0x000001b9b6aa9fd4: ; ImmutableOopMap {[48]=Oop [56]=Oop [72]=Oop [120]=Oop [128]=Oop [136]=NarrowOop }
                      ;*ifgt {reexecute=1 rethrow=0 return_oop=0}
                      ; - (reexecute) com.sun.prism.impl.ManagedResource::assertLocked@4 (line 95)
                      ; - com.sun.prism.impl.ManagedResource::getResource@1 (line 70)
                      ; - com.sun.prism.d3d.D3DTexture::getNativeSourceHandle@7 (line 76)
                      ; - com.sun.prism.d3d.D3DTexture::update@181 (line 231)
                      ; - com.sun.prism.d3d.D3DTexture::update@89 (line 154)
  0x000001b9b6aa9fd4: 885b 98ff 

  0x000001b9b6aa9fd8: ;   {post_call_nop}
  0x000001b9b6aa9fd8: 0f1f 8400 | 5006 000b | bac6 ffff | ff4c 8944 | 2438 4c89 | 5424 484c | 894c 2450 | 4489 6c24 
  0x000001b9b6aa9ff8: 7044 8974 | 2478 4489 | 5c24 7c89 | 8c24 8000 

  0x000001b9b6aaa008: ;   {runtime_call UncommonTrapBlob}
  0x000001b9b6aaa008: 0000 90e8 

  0x000001b9b6aaa00c: ; ImmutableOopMap {rbp=Oop [56]=Oop [72]=Oop [80]=Oop [128]=NarrowOop }
                      ;*invokevirtual rewind {reexecute=0 rethrow=0 return_oop=0}
                      ; - com.sun.prism.d3d.D3DTexture::update@152 (line 228)
                      ; - com.sun.prism.d3d.D3DTexture::update@89 (line 154)
  0x000001b9b6aaa00c: 505b 98ff 

  0x000001b9b6aaa010: ;   {post_call_nop}
  0x000001b9b6aaa010: 0f1f 8400 | 8806 000c | baf6 ffff 

  0x000001b9b6aaa01c: ;   {runtime_call UncommonTrapBlob}
  0x000001b9b6aaa01c: ff66 90e8 

  0x000001b9b6aaa020: ; ImmutableOopMap {}
                      ;*invokevirtual flushVertexBuffer {reexecute=0 rethrow=0 return_oop=0}
                      ; - com.sun.prism.d3d.D3DTexture::update@28 (line 145)
  0x000001b9b6aaa020: 3c5b 98ff 

  0x000001b9b6aaa024: ;   {post_call_nop}
  0x000001b9b6aaa024: 0f1f 8400 | 9c06 000d | bade ffff | ff44 896c | 2470 4489 | 7424 7844 | 895c 247c | 899c 2480 
  0x000001b9b6aaa044: ;   {runtime_call UncommonTrapBlob}
  0x000001b9b6aaa044: 0000 00e8 

  0x000001b9b6aaa048: ; ImmutableOopMap {rbp=Oop [48]=Oop [56]=Oop [128]=NarrowOop }
                      ;*checkcast {reexecute=0 rethrow=0 return_oop=0}
                      ; - com.sun.prism.d3d.D3DTexture::getContext@10 (line 85)
                      ; - com.sun.prism.d3d.D3DTexture::update@1 (line 210)
                      ; - com.sun.prism.d3d.D3DTexture::update@89 (line 154)
  0x000001b9b6aaa048: 145b 98ff 

  0x000001b9b6aaa04c: ;   {post_call_nop}
  0x000001b9b6aaa04c: 0f1f 8400 | c406 000e | bade ffff | ff4c 8954 | 2430 4c89 | 4424 384c | 894c 2448 | 4889 4424 
  0x000001b9b6aaa06c: f88b 4424 | 6089 4424 | 5848 8b44 | 24f8 4889 | 4424 f88b | 4424 6489 | 4424 5c48 | 8b44 24f8 
  0x000001b9b6aaa08c: 4889 4424 | f88b 4424 | 6889 4424 | 6048 8b44 | 24f8 4889 | 4424 f88b | 4424 6c89 | 4424 6448 
  0x000001b9b6aaa0ac: 8b44 24f8 | 4489 6c24 | 6848 8944 | 24f8 8b44 | 2474 8944 | 246c 488b | 4424 f844 | 8974 2470 
  0x000001b9b6aaa0cc: 4489 5c24 | 7448 894c | 2478 4889 | 8424 8000 | 0000 899c | 2488 0000 

  0x000001b9b6aaa0e4: ;   {runtime_call UncommonTrapBlob}
  0x000001b9b6aaa0e4: 0066 90e8 

  0x000001b9b6aaa0e8: ; ImmutableOopMap {[48]=Oop [56]=Oop [72]=Oop [120]=Oop [128]=Oop [136]=NarrowOop }
                      ;*checkcast {reexecute=0 rethrow=0 return_oop=0}
                      ; - com.sun.prism.d3d.D3DTexture::getNativeSourceHandle@10 (line 76)
                      ; - com.sun.prism.d3d.D3DTexture::update@181 (line 231)
                      ; - com.sun.prism.d3d.D3DTexture::update@89 (line 154)
  0x000001b9b6aaa0e8: 745a 98ff 

  0x000001b9b6aaa0ec: ;   {post_call_nop}
  0x000001b9b6aaa0ec: 0f1f 8400 | 6407 000f | ba56 ffff 

  0x000001b9b6aaa0f8: ;   {runtime_call UncommonTrapBlob}
  0x000001b9b6aaa0f8: ff66 90e8 

  0x000001b9b6aaa0fc: ; ImmutableOopMap {}
                      ;*invokevirtual getResource {reexecute=0 rethrow=0 return_oop=0}
                      ; - com.sun.prism.d3d.D3DTexture::getContext@7 (line 85)
                      ; - com.sun.prism.d3d.D3DTexture::update@1 (line 210)
                      ; - com.sun.prism.d3d.D3DTexture::update@89 (line 154)
  0x000001b9b6aaa0fc: 605a 98ff 

  0x000001b9b6aaa100: ;   {post_call_nop}
  0x000001b9b6aaa100: 0f1f 8400 | 7807 0010 | baf4 ffff | ff44 896c | 2470 4489 | 7424 7844 | 895c 247c 

  0x000001b9b6aaa11c: ;   {runtime_call UncommonTrapBlob}
  0x000001b9b6aaa11c: 6666 90e8 

  0x000001b9b6aaa120: ; ImmutableOopMap {rbp=Oop [48]=Oop [56]=Oop }
                      ;*checkcast {reexecute=0 rethrow=0 return_oop=0}
                      ; - com.sun.prism.d3d.D3DTexture::getContext@10 (line 85)
                      ; - com.sun.prism.d3d.D3DTexture::update@1 (line 210)
                      ; - com.sun.prism.d3d.D3DTexture::update@89 (line 154)
  0x000001b9b6aaa120: 3c5a 98ff 

  0x000001b9b6aaa124: ;   {post_call_nop}
  0x000001b9b6aaa124: 0f1f 8400 | 9c07 0011 | baf6 ffff 

  0x000001b9b6aaa130: ;   {runtime_call UncommonTrapBlob}
  0x000001b9b6aaa130: ff66 90e8 

  0x000001b9b6aaa134: ; ImmutableOopMap {}
                      ;*invokevirtual getDataType {reexecute=0 rethrow=0 return_oop=0}
                      ; - com.sun.prism.d3d.D3DTexture::update@7 (line 212)
                      ; - com.sun.prism.d3d.D3DTexture::update@89 (line 154)
  0x000001b9b6aaa134: 285a 98ff 

  0x000001b9b6aaa138: ;   {post_call_nop}
  0x000001b9b6aaa138: 0f1f 8400 | b007 0012 | baf4 ffff | ff48 8944 | 24f8 8b44 | 2460 8944 | 2458 488b | 4424 f848 
  0x000001b9b6aaa158: 8944 24f8 | 8b44 2464 | 8944 245c | 488b 4424 | f848 8944 | 24f8 8b44 | 2468 8944 | 2460 488b 
  0x000001b9b6aaa178: 4424 f848 | 8944 24f8 | 8b44 246c | 8944 2464 | 488b 4424 | f844 896c | 2468 4889 | 4424 f88b 
  0x000001b9b6aaa198: 4424 7489 | 4424 6c48 | 8b44 24f8 | 4489 7424 | 7044 895c | 2474 894c 

  0x000001b9b6aaa1b0: ;   {runtime_call UncommonTrapBlob}
  0x000001b9b6aaa1b0: 2478 90e8 

  0x000001b9b6aaa1b4: ; ImmutableOopMap {rbp=Oop [48]=Oop [56]=Oop [120]=NarrowOop }
                      ;*checkcast {reexecute=0 rethrow=0 return_oop=0}
                      ; - com.sun.prism.d3d.D3DTexture::update@145 (line 227)
                      ; - com.sun.prism.d3d.D3DTexture::update@89 (line 154)
  0x000001b9b6aaa1b4: a859 98ff 

  0x000001b9b6aaa1b8: ;   {post_call_nop}
  0x000001b9b6aaa1b8: 0f1f 8400 | 3008 0013 | baf6 ffff 

  0x000001b9b6aaa1c4: ;   {runtime_call UncommonTrapBlob}
  0x000001b9b6aaa1c4: ff66 90e8 

  0x000001b9b6aaa1c8: ; ImmutableOopMap {}
                      ;*invokevirtual getContextHandle {reexecute=0 rethrow=0 return_oop=0}
                      ; - com.sun.prism.d3d.D3DTexture::update@177 (line 230)
                      ; - com.sun.prism.d3d.D3DTexture::update@89 (line 154)
  0x000001b9b6aaa1c8: 9459 98ff 

  0x000001b9b6aaa1cc: ;   {post_call_nop}
  0x000001b9b6aaa1cc: 0f1f 8400 | 4408 0014 | baf4 ffff | ff4c 8954 | 2430 4c89 | 4424 384c | 894c 2448 | 4889 4424 
  0x000001b9b6aaa1ec: f88b 4424 | 6089 4424 | 5848 8b44 | 24f8 4889 | 4424 f88b | 4424 6489 | 4424 5c48 | 8b44 24f8 
  0x000001b9b6aaa20c: 4889 4424 | f88b 4424 | 6889 4424 | 6048 8b44 | 24f8 4889 | 4424 f88b | 4424 6c89 | 4424 6448 
  0x000001b9b6aaa22c: 8b44 24f8 | 4489 6c24 | 6848 8944 | 24f8 8b44 | 2474 8944 | 246c 488b | 4424 f844 | 8974 2470 
  0x000001b9b6aaa24c: 4489 5c24 | 7448 894c | 2478 4889 | 8424 8000 

  0x000001b9b6aaa25c: ;   {runtime_call UncommonTrapBlob}
  0x000001b9b6aaa25c: 0000 90e8 

  0x000001b9b6aaa260: ; ImmutableOopMap {[48]=Oop [56]=Oop [72]=Oop [120]=Oop [128]=Oop }
                      ;*checkcast {reexecute=0 rethrow=0 return_oop=0}
                      ; - com.sun.prism.d3d.D3DTexture::getNativeSourceHandle@10 (line 76)
                      ; - com.sun.prism.d3d.D3DTexture::update@181 (line 231)
                      ; - com.sun.prism.d3d.D3DTexture::update@89 (line 154)
  0x000001b9b6aaa260: fc58 98ff 

  0x000001b9b6aaa264: ;   {post_call_nop}
  0x000001b9b6aaa264: 0f1f 8400 | dc08 0015 | baf6 ffff 

  0x000001b9b6aaa270: ;   {runtime_call UncommonTrapBlob}
  0x000001b9b6aaa270: ff66 90e8 

  0x000001b9b6aaa274: ; ImmutableOopMap {}
                      ;*invokevirtual ordinal {reexecute=0 rethrow=0 return_oop=0}
                      ; - com.sun.prism.d3d.D3DTexture::update@99 (line 156)
  0x000001b9b6aaa274: e858 98ff 

  0x000001b9b6aaa278: ;   {post_call_nop}
  0x000001b9b6aaa278: 0f1f 8400 | f008 0016 | 488b d0eb | 0d48 8bd0 | eb08 488b | d0eb 0348 | 8bd0 4881 | c4a0 0000 
  0x000001b9b6aaa298: ;   {runtime_call C2 Runtime rethrow}
  0x000001b9b6aaa298: 005d e9c1 

  0x000001b9b6aaa29c: ;   {internal_word}
  0x000001b9b6aaa29c: e598 ff49 | ba09 9daa | b6b9 0100 | 004d 8997 | e004 0000 

  0x000001b9b6aaa2b0: ;   {runtime_call SafepointBlob}
  0x000001b9b6aaa2b0: e9ab 6c8b 

  0x000001b9b6aaa2b4: ;   {runtime_call Stub::method_entry_barrier}
  0x000001b9b6aaa2b4: ffe8 869f | 89ff e9ef | f7ff fff4 
[Stub Code]
  0x000001b9b6aaa2c0: ;   {static_stub}
  0x000001b9b6aaa2c0: 48bb 0000 | 0000 0000 

  0x000001b9b6aaa2c8: ;   {runtime_call nmethod}
  0x000001b9b6aaa2c8: 0000 e9fb 

  0x000001b9b6aaa2cc: ;   {static_stub}
  0x000001b9b6aaa2cc: ffff ff48 | bb00 0000 | 0000 0000 

  0x000001b9b6aaa2d8: ;   {runtime_call nmethod}
  0x000001b9b6aaa2d8: 00e9 fbff 

  0x000001b9b6aaa2dc: ;   {static_stub}
  0x000001b9b6aaa2dc: ffff 48bb | 0000 0000 | 0000 0000 

  0x000001b9b6aaa2e8: ;   {runtime_call nmethod}
  0x000001b9b6aaa2e8: e9fb ffff 

  0x000001b9b6aaa2ec: ;   {static_stub}
  0x000001b9b6aaa2ec: ff48 bb00 | 0000 0000 

  0x000001b9b6aaa2f4: ;   {runtime_call nmethod}
  0x000001b9b6aaa2f4: 0000 00e9 | fbff ffff 
[Exception Handler]
  0x000001b9b6aaa2fc: ;   {runtime_call ExceptionBlob}
  0x000001b9b6aaa2fc: e95f 5b98 | ffe8 0000 | 0000 4883 

  0x000001b9b6aaa308: ;   {runtime_call DeoptimizationBlob}
  0x000001b9b6aaa308: 2c24 05e9 | 506f 8bff 
[/MachCode]


Compiled method (c2) 123103 7492       4       com.sun.prism.impl.BaseResourceFactory::createTexture (73 bytes)
 total in heap  [0x000001b9b6a95408,0x000001b9b6a957d0] = 968
 main code      [0x000001b9b6a95500,0x000001b9b6a95790] = 656
 stub code      [0x000001b9b6a95790,0x000001b9b6a957c8] = 56
 oops           [0x000001b9b6a957c8,0x000001b9b6a957d0] = 8
 mutable elemento [0x000001b9ef37e5f0,0x000001b9ef37e750] = 352
 relocation     [0x000001b9ef37e5f0,0x000001b9ef37e650] = 96
 metadata       [0x000001b9ef37e650,0x000001b9ef37e750] = 256
 immutable elemento [0x000001b98298f820,0x000001b98298fb80] = 864
 dependencies   [0x000001b98298f820,0x000001b98298f888] = 104
 nul chk table  [0x000001b98298f888,0x000001b98298f8b0] = 40
 handler table  [0x000001b98298f8b0,0x000001b98298f8e0] = 48
 scopes pcs     [0x000001b98298f8e0,0x000001b98298f9c0] = 224
 scopes elemento    [0x000001b98298f9c0,0x000001b98298fb80] = 448

[Constant Pool (empty)]

[MachCode]
[Instructions begin]
  0x000001b9b6a95500: 6690 448b | 5208 443b 

  0x000001b9b6a95508: ;   {runtime_call Shared Runtime ic_miss_blob}
  0x000001b9b6a95508: 5008 0f85 | d095 8cff 
[Verified Entry Point]
  0x000001b9b6a95510: 8984 2400 | 80ff ff55 | 4883 ec60 | 4181 7f20 | 0700 0000 | 0f85 5c02 | 0000 448b | d60f b64a 
  0x000001b9b6a95530: 0c85 c90f | 8567 0100 | 0049 8be8 

  0x000001b9b6a9553c: ; implicit exception: dispatches to 0x000001b9b6a9571e
  0x000001b9b6a9553c: 458b 4028 | 8b4d 188b | 7514 49c1 | e003 4489 | 1424 8974 | 2430 894c 

  0x000001b9b6a95554: ;   {optimized virtual_call}
  0x000001b9b6a95554: 242c 90e8 

  0x000001b9b6a95558: ; ImmutableOopMap {rbp=Oop }
                      ;*invokevirtual createTexture {reexecute=0 rethrow=0 return_oop=1}
                      ; - com.sun.prism.d3d.D3DResourceFactory::createTexture@10 (line 63)
                      ; - com.sun.prism.impl.BaseResourceFactory::createTexture@38 (line 277)
  0x000001b9b6a95558: c407 36f8 

  0x000001b9b6a9555c: ;   {post_call_nop}
  0x000001b9b6a9555c: 0f1f 8400 | 5401 0000 

  0x000001b9b6a95564: ; implicit exception: dispatches to 0x000001b9b6a95758
  0x000001b9b6a95564: 448b 5808 

  0x000001b9b6a95568: ;   {metadata('com/sun/prism/d3d/D3DTexture')}
  0x000001b9b6a95568: 4181 fb90 | 9e17 010f | 85f6 0000 | 0044 8b45 | 2447 8b54 | c418 4489 | 5424 2448 | 8944 2438 
  0x000001b9b6a95588: 448b 5d1c | 448b 4d28 | 8b4d 0c44 | 8b55 104b | 8d1c c448 | 895c 2440 | 418b e849 | c1e1 0348 
  0x000001b9b6a955a8: 8bd0 4c8b | c333 ff33 | f644 8914 | 2448 8944 | 24f8 8b44 | 2430 8944 | 2408 488b | 4424 f848 
  0x000001b9b6a955c8: 8944 24f8 | 8b44 242c | 8944 2410 | 488b 4424 | f844 895c | 2418 41bb | 0100 0000 | 4489 5c24 
  0x000001b9b6a955e8: ;   {optimized virtual_call}
  0x000001b9b6a955e8: 2066 90e8 

  0x000001b9b6a955ec: ; ImmutableOopMap {rbp=NarrowOop [56]=Oop [64]=Oop }
                      ;*invokevirtual update {reexecute=0 rethrow=0 return_oop=0}
                      ; - com.sun.prism.impl.BaseTexture::update@40 (line 321)
                      ; - com.sun.prism.impl.BaseResourceFactory::createTexture@58 (line 282)
  0x000001b9b6a955ec: a044 0100 

  0x000001b9b6a955f0: ;   {post_call_nop}
  0x000001b9b6a955f0: 0f1f 8400 | e801 0001 | 448b c547 | 8b5c c408 

  0x000001b9b6a95600: ;   {metadata('java/nio/HeapByteBuffer')}
  0x000001b9b6a95600: 4181 fbb8 | de2e 0075 | 7b4c 8b5c | 2440 418b | 6b1c 448b | 5424 2444 | 3bd5 0f8f | 9400 0000 
  0x000001b9b6a95620: 4585 d20f | 8caf 0000 | 0045 8b43 | 0c45 3bc2 | 7f2f 4589 | 5318 488b | 4424 3844 | 8b58 3443 
  0x000001b9b6a95640: 8b6c dc0c | 85ed 0f8e | a800 0000 | 43ff 44dc | 1048 83c4 

  0x000001b9b6a95654: ;   {poll_return}
  0x000001b9b6a95654: 605d 493b | 6728 0f87 | 1001 0000 | c341 c743 | 0cff ffff | ffeb c7ba | deff ffff | 4889 4424 
  0x000001b9b6a95674: ;   {runtime_call UncommonTrapBlob}
  0x000001b9b6a95674: 4066 90e8 

  0x000001b9b6a95678: ; ImmutableOopMap {rbp=Oop [64]=Oop }
                      ;*invokeinterface update {reexecute=0 rethrow=0 return_oop=0}
                      ; - com.sun.prism.impl.BaseResourceFactory::createTexture@58 (line 282)
  0x000001b9b6a95678: e4a4 99ff 

  0x000001b9b6a9567c: ;   {post_call_nop}
  0x000001b9b6a9567c: 0f1f 8400 | 7402 0002 | ba5e ffff | ff48 8b6c | 2438 4489 

  0x000001b9b6a95690: ;   {runtime_call UncommonTrapBlob}
  0x000001b9b6a95690: 4424 28e8 

  0x000001b9b6a95694: ; ImmutableOopMap {rbp=Oop [40]=NarrowOop }
                      ;*invokevirtual position {reexecute=0 rethrow=0 return_oop=0}
                      ; - com.sun.prism.impl.BaseTexture::update@47 (line 325)
                      ; - com.sun.prism.impl.BaseResourceFactory::createTexture@58 (line 282)
  0x000001b9b6a95694: c8a4 99ff 

  0x000001b9b6a95698: ;   {post_call_nop}
  0x000001b9b6a95698: 0f1f 8400 | 9002 0003 | ba45 ffff 

  0x000001b9b6a956a4: ;   {runtime_call UncommonTrapBlob}
  0x000001b9b6a956a4: ff8b e9e8 

  0x000001b9b6a956a8: ; ImmutableOopMap {}
                      ;*ifeq {reexecute=1 rethrow=0 return_oop=0}
                      ; - (reexecute) com.sun.prism.impl.BaseResourceFactory::createTexture@4 (line 271)
  0x000001b9b6a956a8: b4a4 99ff 

  0x000001b9b6a956ac: ;   {post_call_nop}
  0x000001b9b6a956ac: 0f1f 8400 | a402 0004 | ba45 ffff | ff48 ff74 | 2438 488f | 4424 284c | 895c 2438 

  0x000001b9b6a956c8: ;   {runtime_call UncommonTrapBlob}
  0x000001b9b6a956c8: 6666 90e8 

  0x000001b9b6a956cc: ; ImmutableOopMap {[40]=Oop [56]=Oop }
                      ;*if_icmple {reexecute=1 rethrow=0 return_oop=0}
                      ; - (reexecute) java.nio.Buffer::position@5 (line 325)
                      ; - java.nio.ByteBuffer::position@2 (line 1561)
                      ; - java.nio.ByteBuffer::position@2 (line 292)
                      ; - com.sun.prism.impl.BaseTexture::update@47 (line 325)
                      ; - com.sun.prism.impl.BaseResourceFactory::createTexture@58 (line 282)
  0x000001b9b6a956cc: 90a4 99ff 

  0x000001b9b6a956d0: ;   {post_call_nop}
  0x000001b9b6a956d0: 0f1f 8400 | c802 0005 | ba45 ffff | ff48 8b6c | 2438 4c89 

  0x000001b9b6a956e4: ;   {runtime_call UncommonTrapBlob}
  0x000001b9b6a956e4: 5c24 30e8 

  0x000001b9b6a956e8: ; ImmutableOopMap {rbp=Oop [48]=Oop }
                      ;*ifge {reexecute=1 rethrow=0 return_oop=0}
                      ; - (reexecute) java.nio.Buffer::position@14 (line 325)
                      ; - java.nio.ByteBuffer::position@2 (line 1561)
                      ; - java.nio.ByteBuffer::position@2 (line 292)
                      ; - com.sun.prism.impl.BaseTexture::update@47 (line 325)
                      ; - com.sun.prism.impl.BaseResourceFactory::createTexture@58 (line 282)
  0x000001b9b6a956e8: 74a4 99ff 

  0x000001b9b6a956ec: ;   {post_call_nop}
  0x000001b9b6a956ec: 0f1f 8400 | e402 0006 | ba45 ffff | ff44 895c 

  0x000001b9b6a956fc: ;   {runtime_call UncommonTrapBlob}
  0x000001b9b6a956fc: 2424 90e8 

  0x000001b9b6a95700: ; ImmutableOopMap {[36]=NarrowOop [56]=Oop }
                      ;*ifgt {reexecute=1 rethrow=0 return_oop=0}
                      ; - (reexecute) com.sun.prism.impl.ManagedResource::assertLocked@4 (line 95)
                      ; - com.sun.prism.impl.ManagedResource::contentsUseful@1 (line 164)
                      ; - com.sun.prism.impl.BaseTexture::contentsUseful@4 (line 282)
                      ; - com.sun.prism.impl.BaseResourceFactory::createTexture@65 (line 283)
  0x000001b9b6a95700: 5ca4 99ff 

  0x000001b9b6a95704: ;   {post_call_nop}
  0x000001b9b6a95704: 0f1f 8400 | fc02 0007 | 488b d0eb | 0348 8bd0 | 4883 c460 

  0x000001b9b6a95718: ;   {runtime_call C2 Runtime rethrow}
  0x000001b9b6a95718: 5de9 4231 | 9aff baf6 

  0x000001b9b6a95720: ;   {runtime_call UncommonTrapBlob}
  0x000001b9b6a95720: ffff ffe8 

  0x000001b9b6a95724: ; ImmutableOopMap {}
                      ;*invokevirtual getPixelFormat {reexecute=0 rethrow=0 return_oop=0}
                      ; - com.sun.prism.impl.BaseResourceFactory::createTexture@10 (line 273)
  0x000001b9b6a95724: 38a4 99ff 

  0x000001b9b6a95728: ;   {post_call_nop}
  0x000001b9b6a95728: 0f1f 8400 | 2003 0008 | baf6 ffff 

  0x000001b9b6a95734: ;   {runtime_call UncommonTrapBlob}
  0x000001b9b6a95734: ff66 90e8 

  0x000001b9b6a95738: ; ImmutableOopMap {}
                      ;*invokevirtual position {reexecute=0 rethrow=0 return_oop=0}
                      ; - com.sun.prism.impl.BaseTexture::update@8 (line 320)
                      ; - com.sun.prism.impl.BaseResourceFactory::createTexture@58 (line 282)
  0x000001b9b6a95738: 24a4 99ff 

  0x000001b9b6a9573c: ;   {post_call_nop}
  0x000001b9b6a9573c: 0f1f 8400 | 3403 0009 | baf6 ffff 

  0x000001b9b6a95748: ;   {runtime_call UncommonTrapBlob}
  0x000001b9b6a95748: ff66 90e8 

  0x000001b9b6a9574c: ; ImmutableOopMap {}
                      ;*invokevirtual contentsUseful {reexecute=0 rethrow=0 return_oop=0}
                      ; - com.sun.prism.impl.BaseTexture::contentsUseful@4 (line 282)
                      ; - com.sun.prism.impl.BaseResourceFactory::createTexture@65 (line 283)
  0x000001b9b6a9574c: 10a4 99ff 

  0x000001b9b6a95750: ;   {post_call_nop}
  0x000001b9b6a95750: 0f1f 8400 | 4803 000a | ba45 ffff | ff48 8944 

  0x000001b9b6a95760: ;   {runtime_call UncommonTrapBlob}
  0x000001b9b6a95760: 2428 90e8 

  0x000001b9b6a95764: ; ImmutableOopMap {[40]=Oop }
                      ;*ifnull {reexecute=1 rethrow=0 return_oop=0}
                      ; - (reexecute) com.sun.prism.impl.BaseResourceFactory::createTexture@45 (line 281)
  0x000001b9b6a95764: f8a3 99ff 

  0x000001b9b6a95768: ;   {post_call_nop}
  0x000001b9b6a95768: 0f1f 8400 | 6003 000b 

  0x000001b9b6a95770: ;   {internal_word}
  0x000001b9b6a95770: 49ba 5656 | a9b6 b901 | 0000 4d89 | 97e0 0400 

  0x000001b9b6a95780: ;   {runtime_call SafepointBlob}
  0x000001b9b6a95780: 00e9 dab7 

  0x000001b9b6a95784: ;   {runtime_call Stub::method_entry_barrier}
  0x000001b9b6a95784: 8cff e8b5 | ea8a ffe9 | 9afd ffff 
[Stub Code]
  0x000001b9b6a95790: ;   {static_stub}
  0x000001b9b6a95790: 48bb 30b2 | 4dc6 b901 

  0x000001b9b6a95798: ;   {runtime_call I2C/C2I adapters}
  0x000001b9b6a95798: 0000 e932 

  0x000001b9b6a9579c: ;   {static_stub}
  0x000001b9b6a9579c: 569d ff48 | bb00 0000 | 0000 0000 

  0x000001b9b6a957a8: ;   {runtime_call nmethod}
  0x000001b9b6a957a8: 00e9 fbff 

  0x000001b9b6a957ac: ;   {runtime_call ExceptionBlob}
  0x000001b9b6a957ac: ffff e9ad | a699 ffe8 | 0000 0000 | 4883 2c24 

  0x000001b9b6a957bc: ;   {runtime_call DeoptimizationBlob}
  0x000001b9b6a957bc: 05e9 9eba | 8cff f4f4 | f4f4 f4f4 
[/MachCode]


---------------  P R O C E S S  ---------------

Threads class SMR info:
_java_thread_list=0x000001b9e7ab8cb0, length=18, elements={
0x000001b9a40ea770, 0x000001b9c5a80280, 0x000001b9c5a80ce0, 0x000001b9c5a87430,
0x000001b9c5a8afe0, 0x000001b9c5a938e0, 0x000001b9c5a940a0, 0x000001b9c5a94b90,
0x000001b9c5aa50d0, 0x000001b9ca0cb560, 0x000001b9ca79f820, 0x000001b9ca194ba0,
0x000001b9ca370dc0, 0x000001b9cb0ef690, 0x000001b9cb0f0260, 0x000001b9cb24e3b0,
0x000001b9cb4e59b0, 0x000001b9cb7d9ea0
}

Java Threads: ( => current thread )
  0x000001b9a40ea770 JavaThread "main"                              [_thread_blocked, id=33544, stack(0x0000003453e00000,0x0000003453f00000) (1024K)]
  0x000001b9c5a80280 JavaThread "Reference Handler"          daemon [_thread_blocked, id=29132, stack(0x0000003454600000,0x0000003454700000) (1024K)]
  0x000001b9c5a80ce0 JavaThread "Finalizer"                  daemon [_thread_blocked, id=36844, stack(0x0000003454700000,0x0000003454800000) (1024K)]
  0x000001b9c5a87430 JavaThread "Signal Dispatcher"          daemon [_thread_blocked, id=29284, stack(0x0000003454800000,0x0000003454900000) (1024K)]
  0x000001b9c5a8afe0 JavaThread "Attach Listener"            daemon [_thread_blocked, id=1316, stack(0x0000003454900000,0x0000003454a00000) (1024K)]
  0x000001b9c5a938e0 JavaThread "Service Thread"             daemon [_thread_blocked, id=9076, stack(0x0000003454a00000,0x0000003454b00000) (1024K)]
  0x000001b9c5a940a0 JavaThread "Monitor Deflation Thread"   daemon [_thread_blocked, id=19792, stack(0x0000003454b00000,0x0000003454c00000) (1024K)]
  0x000001b9c5a94b90 JavaThread "C2 CompilerThread0"         daemon [_thread_blocked, id=17492, stack(0x0000003454c00000,0x0000003454d00000) (1024K)]
  0x000001b9c5aa50d0 JavaThread "C1 CompilerThread0"         daemon [_thread_blocked, id=28600, stack(0x0000003454d00000,0x0000003454e00000) (1024K)]
  0x000001b9ca0cb560 JavaThread "Common-Cleaner"             daemon [_thread_blocked, id=37800, stack(0x0000003454e00000,0x0000003454f00000) (1024K)]
  0x000001b9ca79f820 JavaThread "Notification Thread"        daemon [_thread_blocked, id=14536, stack(0x0000003455100000,0x0000003455200000) (1024K)]
  0x000001b9ca194ba0 JavaThread "JavaFX-Launcher"                   [_thread_blocked, id=36584, stack(0x0000003455200000,0x0000003455300000) (1024K)]
=>0x000001b9ca370dc0 JavaThread "QuantumRenderer-0"          daemon [_thread_in_native, id=31908, stack(0x0000003455300000,0x0000003455400000) (1024K)]
  0x000001b9cb0ef690 JavaThread "InvokeLaterDispatcher"      daemon [_thread_blocked, id=5924, stack(0x0000003455800000,0x0000003455900000) (1024K)]
  0x000001b9cb0f0260 JavaThread "JavaFX Application Thread"         [_thread_blocked, id=25732, stack(0x0000003455900000,0x0000003455a00000) (1024K)]
  0x000001b9cb24e3b0 JavaThread "Thread-2"                   daemon [_thread_in_native, id=37848, stack(0x0000003454f00000,0x0000003455000000) (1024K)]
  0x000001b9cb4e59b0 JavaThread "Prism Font Disposer"        daemon [_thread_blocked, id=29400, stack(0x0000003456300000,0x0000003456400000) (1024K)]
  0x000001b9cb7d9ea0 JavaThread "Cleaner-0"                  daemon [_thread_blocked, id=28148, stack(0x0000003456500000,0x0000003456600000) (1024K)]
Total: 18

Other Threads:
  0x000001b9c5a6e800 VMThread "VM Thread"                           [id=25152, stack(0x0000003454500000,0x0000003454600000) (1024K)]
  0x000001b9c5a5e250 WatcherThread "VM Periodic Task Thread"        [id=37276, stack(0x0000003454400000,0x0000003454500000) (1024K)]
  0x000001b9a65cf120 WorkerThread "GC Thread#0"                     [id=33652, stack(0x0000003453f00000,0x0000003454000000) (1024K)]
  0x000001b9cb4cc500 WorkerThread "GC Thread#1"                     [id=20588, stack(0x0000003455b00000,0x0000003455c00000) (1024K)]
  0x000001b9cb4ccd40 WorkerThread "GC Thread#2"                     [id=21304, stack(0x0000003455c00000,0x0000003455d00000) (1024K)]
  0x000001b9cb4d1180 WorkerThread "GC Thread#3"                     [id=11932, stack(0x0000003455d00000,0x0000003455e00000) (1024K)]
  0x000001b9cb4d15b0 WorkerThread "GC Thread#4"                     [id=14512, stack(0x0000003455e00000,0x0000003455f00000) (1024K)]
  0x000001b9cb4d19e0 WorkerThread "GC Thread#5"                     [id=36412, stack(0x0000003455f00000,0x0000003456000000) (1024K)]
  0x000001b9cb748d60 WorkerThread "GC Thread#6"                     [id=30448, stack(0x0000003456700000,0x0000003456800000) (1024K)]
  0x000001b9cb74f4e0 WorkerThread "GC Thread#7"                     [id=29108, stack(0x0000003456800000,0x0000003456900000) (1024K)]
  0x000001b9cb74df50 WorkerThread "GC Thread#8"                     [id=4004, stack(0x0000003456900000,0x0000003456a00000) (1024K)]
  0x000001b9cb74db00 WorkerThread "GC Thread#9"                     [id=36768, stack(0x0000003456a00000,0x0000003456b00000) (1024K)]
  0x000001b9a65e8a60 ConcurrentGCThread "G1 Main Marker"            [id=28924, stack(0x0000003454000000,0x0000003454100000) (1024K)]
  0x000001b9a65ec1e0 WorkerThread "G1 Conc#0"                       [id=17296, stack(0x0000003454100000,0x0000003454200000) (1024K)]
  0x000001b9d995b260 WorkerThread "G1 Conc#1"                       [id=17012, stack(0x0000003453c00000,0x0000003453d00000) (1024K)]
  0x000001b9d995b6b0 WorkerThread "G1 Conc#2"                       [id=31580, stack(0x0000003453d00000,0x0000003453e00000) (1024K)]
  0x000001b9c592cdb0 ConcurrentGCThread "G1 Refine#0"               [id=33412, stack(0x0000003454200000,0x0000003454300000) (1024K)]
  0x000001b9c592d3c0 ConcurrentGCThread "G1 Service"                [id=33800, stack(0x0000003454300000,0x0000003454400000) (1024K)]
Total: 18

Threads with active compile tasks:
Total: 0

VM state: not at safepoint (normal execution)

VM Mutex/Monitor currently owned by a thread: None

Heap address: 0x0000000705800000, size: 4008 MB, Compressed Oops mode: Zero based, Oop shift amount: 3

CDS archive(s) mapped at: [0x0000000005000000-0x0000000005dd0000-0x0000000005dd0000), size 14483456, SharedBaseAddress: 0x0000000005000000, ArchiveRelocationMode: 1.
Compressed class space mapped at: 0x0000000006000000-0x0000000046000000, reserved size: 1073741824
UseCompressedClassPointers 1, UseCompactObjectHeaders 0
Narrow klass pointer bits 32, Max shift 3
Narrow klass base: 0x0000000005000000, Narrow klass shift: 0
Encoding Range: [0x0000000005000000 - 0x0000000105000000), (4294967296 bytes)
Klass Range:    [0x0000000005010000 - 0x0000000046000000), (1090453504 bytes)
Klass ID Range:  [65536 - 1090519033) (1090453497)
Protection zone: [0x0000000005000000 - 0x0000000005010000), (65536 bytes)

GC Precious Log:
 CardTable entry size: 512
 Card Set container configuration: InlinePtr #cards 4 size 8 Array Of Cards #cards 16 size 48 Howl #buckets 8 coarsen threshold 3686 Howl Bitmap #cards 512 size 80 coarsen threshold 460 Card regions per heap region 1 cards per card region 4096
 CPUs: 12 total, 12 available
 Memory: 16024M
 Large Page Support: Disabled
 NUMA Support: Disabled
 Compressed Oops: Enabled (Zero based)
 Heap Region Size: 2M
 Heap Min Capacity: 8M
 Heap Initial Capacity: 252M
 Heap Max Capacity: 4008M
 Pre-touch: Disabled
 Parallel Workers: 10
 Concurrent Workers: 3
 Concurrent Refinement Workers: 10
 Periodic GC: Disabled

Heap:
 garbage-first heap   total reserved 4104192K, committed 565248K, used 291989K [0x0000000705800000, 0x0000000800000000)
  region size 2048K, 21 young (43008K), 9 survivors (18432K)

Heap Regions: E=young(eden), S=young(survivor), O=old, HS=humongous(starts), HC=humongous(continues), CS=collection set, F=free, TAMS=top-at-mark-start, PB=parsable bottom
|   0|0x0000000705800000, 0x0000000705a00000, 0x0000000705a00000|100%|HS|  |TAMS 0x0000000705800000| PB 0x0000000705800000| Complete |  0
|   1|0x0000000705a00000, 0x0000000705c00000, 0x0000000705c00000|100%| O|  |TAMS 0x0000000705a00000| PB 0x0000000705a00000| Untracked |  0
|   2|0x0000000705c00000, 0x0000000705e00000, 0x0000000705e00000|100%| O|  |TAMS 0x0000000705c00000| PB 0x0000000705c00000| Untracked |  0
|   3|0x0000000705e00000, 0x0000000706000000, 0x0000000706000000|100%| O|  |TAMS 0x0000000705e00000| PB 0x0000000705e00000| Untracked |  0
|   4|0x0000000706000000, 0x0000000706200000, 0x0000000706200000|100%| O|  |TAMS 0x0000000706000000| PB 0x0000000706000000| Untracked |  0
|   5|0x0000000706200000, 0x0000000706400000, 0x0000000706400000|100%| O|  |TAMS 0x0000000706200000| PB 0x0000000706200000| Untracked |  0
|   6|0x0000000706400000, 0x0000000706600000, 0x0000000706600000|100%| O|  |TAMS 0x0000000706400000| PB 0x0000000706400000| Untracked |  0
|   7|0x0000000706600000, 0x0000000706800000, 0x0000000706800000|100%| O|  |TAMS 0x0000000706600000| PB 0x0000000706600000| Untracked |  0
|   8|0x0000000706800000, 0x0000000706a00000, 0x0000000706a00000|100%| O|  |TAMS 0x0000000706800000| PB 0x0000000706800000| Untracked |  0
|   9|0x0000000706a00000, 0x0000000706c00000, 0x0000000706c00000|100%| O|  |TAMS 0x0000000706a00000| PB 0x0000000706a00000| Untracked |  0
|  10|0x0000000706c00000, 0x0000000706e00000, 0x0000000706e00000|100%| O|  |TAMS 0x0000000706c00000| PB 0x0000000706c00000| Untracked |  0
|  11|0x0000000706e00000, 0x0000000707000000, 0x0000000707000000|100%| O|  |TAMS 0x0000000706e00000| PB 0x0000000706e00000| Untracked |  0
|  12|0x0000000707000000, 0x0000000707200000, 0x0000000707200000|100%| O|  |TAMS 0x0000000707000000| PB 0x0000000707000000| Untracked |  0
|  13|0x0000000707200000, 0x0000000707400000, 0x0000000707400000|100%| O|  |TAMS 0x0000000707200000| PB 0x0000000707200000| Untracked |  0
|  14|0x0000000707400000, 0x0000000707600000, 0x0000000707600000|100%|HS|  |TAMS 0x0000000707400000| PB 0x0000000707400000| Complete |  0
|  15|0x0000000707600000, 0x0000000707800000, 0x0000000707800000|100%|HC|  |TAMS 0x0000000707600000| PB 0x0000000707600000| Complete |  0
|  16|0x0000000707800000, 0x0000000707a00000, 0x0000000707a00000|100%| O|  |TAMS 0x0000000707800000| PB 0x0000000707800000| Untracked |  0
|  17|0x0000000707a00000, 0x0000000707c00000, 0x0000000707c00000|100%| O|  |TAMS 0x0000000707a00000| PB 0x0000000707a00000| Untracked |  0
|  18|0x0000000707c00000, 0x0000000707e00000, 0x0000000707e00000|100%| O|  |TAMS 0x0000000707c00000| PB 0x0000000707c00000| Untracked |  0
|  19|0x0000000707e00000, 0x0000000708000000, 0x0000000708000000|100%| O|  |TAMS 0x0000000707e00000| PB 0x0000000707e00000| Untracked |  0
|  20|0x0000000708000000, 0x0000000708200000, 0x0000000708200000|100%| O|  |TAMS 0x0000000708000000| PB 0x0000000708000000| Untracked |  0
|  21|0x0000000708200000, 0x0000000708400000, 0x0000000708400000|100%| O|  |TAMS 0x0000000708200000| PB 0x0000000708200000| Untracked |  0
|  22|0x0000000708400000, 0x0000000708600000, 0x0000000708600000|100%| O|  |TAMS 0x0000000708400000| PB 0x0000000708400000| Untracked |  0
|  23|0x0000000708600000, 0x0000000708800000, 0x0000000708800000|100%| O|  |TAMS 0x0000000708600000| PB 0x0000000708600000| Untracked |  0
|  24|0x0000000708800000, 0x0000000708a00000, 0x0000000708a00000|100%| O|  |TAMS 0x0000000708800000| PB 0x0000000708800000| Untracked |  0
|  25|0x0000000708a00000, 0x0000000708c00000, 0x0000000708c00000|100%| O|  |TAMS 0x0000000708a00000| PB 0x0000000708a00000| Untracked |  0
|  26|0x0000000708c00000, 0x0000000708e00000, 0x0000000708e00000|100%| O|  |TAMS 0x0000000708c00000| PB 0x0000000708c00000| Untracked |  0
|  27|0x0000000708e00000, 0x0000000709000000, 0x0000000709000000|100%| O|  |TAMS 0x0000000708e00000| PB 0x0000000708e00000| Untracked |  0
|  28|0x0000000709000000, 0x0000000709200000, 0x0000000709200000|100%| O|  |TAMS 0x0000000709000000| PB 0x0000000709000000| Untracked |  0
|  29|0x0000000709200000, 0x0000000709400000, 0x0000000709400000|100%| O|  |TAMS 0x0000000709200000| PB 0x0000000709200000| Untracked |  0
|  30|0x0000000709400000, 0x0000000709600000, 0x0000000709600000|100%| O|  |TAMS 0x0000000709400000| PB 0x0000000709400000| Untracked |  0
|  31|0x0000000709600000, 0x0000000709800000, 0x0000000709800000|100%|HS|  |TAMS 0x0000000709600000| PB 0x0000000709600000| Complete |  0
|  32|0x0000000709800000, 0x0000000709a00000, 0x0000000709a00000|100%|HC|  |TAMS 0x0000000709800000| PB 0x0000000709800000| Complete |  0
|  33|0x0000000709a00000, 0x0000000709c00000, 0x0000000709c00000|100%| O|  |TAMS 0x0000000709a00000| PB 0x0000000709a00000| Untracked |  0
|  34|0x0000000709c00000, 0x0000000709e00000, 0x0000000709e00000|100%| O|  |TAMS 0x0000000709c00000| PB 0x0000000709c00000| Untracked |  0
|  35|0x0000000709e00000, 0x000000070a000000, 0x000000070a000000|100%| O|  |TAMS 0x0000000709e00000| PB 0x0000000709e00000| Untracked |  0
|  36|0x000000070a000000, 0x000000070a200000, 0x000000070a200000|100%| O|  |TAMS 0x000000070a000000| PB 0x000000070a000000| Untracked |  0
|  37|0x000000070a200000, 0x000000070a400000, 0x000000070a400000|100%| O|  |TAMS 0x000000070a200000| PB 0x000000070a200000| Untracked |  0
|  38|0x000000070a400000, 0x000000070a600000, 0x000000070a600000|100%| O|  |TAMS 0x000000070a400000| PB 0x000000070a400000| Untracked |  0
|  39|0x000000070a600000, 0x000000070a800000, 0x000000070a800000|100%| O|  |TAMS 0x000000070a600000| PB 0x000000070a600000| Untracked |  0
|  40|0x000000070a800000, 0x000000070aa00000, 0x000000070aa00000|100%| O|  |TAMS 0x000000070a800000| PB 0x000000070a800000| Untracked |  0
|  41|0x000000070aa00000, 0x000000070ac00000, 0x000000070ac00000|100%| O|  |TAMS 0x000000070aa00000| PB 0x000000070aa00000| Untracked |  0
|  42|0x000000070ac00000, 0x000000070ae00000, 0x000000070ae00000|100%| O|  |TAMS 0x000000070ac00000| PB 0x000000070ac00000| Untracked |  0
|  43|0x000000070ae00000, 0x000000070b000000, 0x000000070b000000|100%| O|  |TAMS 0x000000070ae00000| PB 0x000000070ae00000| Untracked |  0
|  44|0x000000070b000000, 0x000000070b200000, 0x000000070b200000|100%| O|  |TAMS 0x000000070b000000| PB 0x000000070b000000| Untracked |  0
|  45|0x000000070b200000, 0x000000070b400000, 0x000000070b400000|100%| O|  |TAMS 0x000000070b200000| PB 0x000000070b200000| Untracked |  0
|  46|0x000000070b400000, 0x000000070b600000, 0x000000070b600000|100%| O|  |TAMS 0x000000070b400000| PB 0x000000070b400000| Untracked |  0
|  47|0x000000070b600000, 0x000000070b800000, 0x000000070b800000|100%| O|  |TAMS 0x000000070b600000| PB 0x000000070b600000| Untracked |  0
|  48|0x000000070b800000, 0x000000070ba00000, 0x000000070ba00000|100%| O|  |TAMS 0x000000070b800000| PB 0x000000070b800000| Untracked |  0
|  49|0x000000070ba00000, 0x000000070bc00000, 0x000000070bc00000|100%| O|  |TAMS 0x000000070ba00000| PB 0x000000070ba00000| Untracked |  0
|  50|0x000000070bc00000, 0x000000070be00000, 0x000000070be00000|100%| O|  |TAMS 0x000000070bc00000| PB 0x000000070bc00000| Untracked |  0
|  51|0x000000070be00000, 0x000000070be00000, 0x000000070c000000|  0%| F|  |TAMS 0x000000070be00000| PB 0x000000070be00000| Untracked |  0
|  52|0x000000070c000000, 0x000000070c000000, 0x000000070c200000|  0%| F|  |TAMS 0x000000070c000000| PB 0x000000070c000000| Untracked |  0
|  53|0x000000070c200000, 0x000000070c200000, 0x000000070c400000|  0%| F|  |TAMS 0x000000070c200000| PB 0x000000070c200000| Untracked |  0
|  54|0x000000070c400000, 0x000000070c400000, 0x000000070c600000|  0%| F|  |TAMS 0x000000070c400000| PB 0x000000070c400000| Untracked |  0
|  55|0x000000070c600000, 0x000000070c800000, 0x000000070c800000|100%| O|  |TAMS 0x000000070c600000| PB 0x000000070c600000| Untracked |  0
|  56|0x000000070c800000, 0x000000070ca00000, 0x000000070ca00000|100%| O|  |TAMS 0x000000070c800000| PB 0x000000070c800000| Untracked |  0
|  57|0x000000070ca00000, 0x000000070cc00000, 0x000000070cc00000|100%| O|  |TAMS 0x000000070ca00000| PB 0x000000070ca00000| Untracked |  0
|  58|0x000000070cc00000, 0x000000070ce00000, 0x000000070ce00000|100%| O|  |TAMS 0x000000070cc00000| PB 0x000000070cc00000| Untracked |  0
|  59|0x000000070ce00000, 0x000000070d000000, 0x000000070d000000|100%| O|  |TAMS 0x000000070ce00000| PB 0x000000070ce00000| Untracked |  0
|  60|0x000000070d000000, 0x000000070d200000, 0x000000070d200000|100%| O|  |TAMS 0x000000070d000000| PB 0x000000070d000000| Untracked |  0
|  61|0x000000070d200000, 0x000000070d400000, 0x000000070d400000|100%| O|  |TAMS 0x000000070d200000| PB 0x000000070d200000| Untracked |  0
|  62|0x000000070d400000, 0x000000070d600000, 0x000000070d600000|100%| O|  |TAMS 0x000000070d400000| PB 0x000000070d400000| Untracked |  0
|  63|0x000000070d600000, 0x000000070d800000, 0x000000070d800000|100%| O|  |TAMS 0x000000070d600000| PB 0x000000070d600000| Untracked |  0
|  64|0x000000070d800000, 0x000000070d800000, 0x000000070da00000|  0%| F|  |TAMS 0x000000070d800000| PB 0x000000070d800000| Untracked |  0
|  65|0x000000070da00000, 0x000000070da00000, 0x000000070dc00000|  0%| F|  |TAMS 0x000000070da00000| PB 0x000000070da00000| Untracked |  0
|  66|0x000000070dc00000, 0x000000070dc00000, 0x000000070de00000|  0%| F|  |TAMS 0x000000070dc00000| PB 0x000000070dc00000| Untracked |  0
|  67|0x000000070de00000, 0x000000070e000000, 0x000000070e000000|100%|HS|  |TAMS 0x000000070de00000| PB 0x000000070de00000| Complete |  0
|  68|0x000000070e000000, 0x000000070e200000, 0x000000070e200000|100%|HC|  |TAMS 0x000000070e000000| PB 0x000000070e000000| Complete |  0
|  69|0x000000070e200000, 0x000000070e400000, 0x000000070e400000|100%| O|  |TAMS 0x000000070e200000| PB 0x000000070e200000| Untracked |  0
|  70|0x000000070e400000, 0x000000070e600000, 0x000000070e600000|100%| O|  |TAMS 0x000000070e400000| PB 0x000000070e400000| Untracked |  0
|  71|0x000000070e600000, 0x000000070e800000, 0x000000070e800000|100%| O|  |TAMS 0x000000070e600000| PB 0x000000070e600000| Untracked |  0
|  72|0x000000070e800000, 0x000000070ea00000, 0x000000070ea00000|100%| O|  |TAMS 0x000000070e800000| PB 0x000000070e800000| Untracked |  0
|  73|0x000000070ea00000, 0x000000070ec00000, 0x000000070ec00000|100%| O|  |TAMS 0x000000070ea00000| PB 0x000000070ea00000| Untracked |  0
|  74|0x000000070ec00000, 0x000000070ee00000, 0x000000070ee00000|100%| O|  |TAMS 0x000000070ec00000| PB 0x000000070ec00000| Untracked |  0
|  75|0x000000070ee00000, 0x000000070f000000, 0x000000070f000000|100%| O|  |TAMS 0x000000070ee00000| PB 0x000000070ee00000| Untracked |  0
|  76|0x000000070f000000, 0x000000070f200000, 0x000000070f200000|100%| O|  |TAMS 0x000000070f000000| PB 0x000000070f000000| Untracked |  0
|  77|0x000000070f200000, 0x000000070f400000, 0x000000070f400000|100%| O|  |TAMS 0x000000070f200000| PB 0x000000070f200000| Untracked |  0
|  78|0x000000070f400000, 0x000000070f600000, 0x000000070f600000|100%| O|  |TAMS 0x000000070f400000| PB 0x000000070f400000| Untracked |  0
|  79|0x000000070f600000, 0x000000070f800000, 0x000000070f800000|100%| O|  |TAMS 0x000000070f600000| PB 0x000000070f600000| Untracked |  0
|  80|0x000000070f800000, 0x000000070fa00000, 0x000000070fa00000|100%| O|  |TAMS 0x000000070f800000| PB 0x000000070f800000| Untracked |  0
|  81|0x000000070fa00000, 0x000000070fc00000, 0x000000070fc00000|100%| O|  |TAMS 0x000000070fa00000| PB 0x000000070fa00000| Untracked |  0
|  82|0x000000070fc00000, 0x000000070fe00000, 0x000000070fe00000|100%| O|  |TAMS 0x000000070fc00000| PB 0x000000070fc00000| Untracked |  0
|  83|0x000000070fe00000, 0x0000000710000000, 0x0000000710000000|100%| O|  |TAMS 0x000000070fe00000| PB 0x000000070fe00000| Untracked |  0
|  84|0x0000000710000000, 0x0000000710200000, 0x0000000710200000|100%| O|  |TAMS 0x0000000710000000| PB 0x0000000710000000| Untracked |  0
|  85|0x0000000710200000, 0x0000000710400000, 0x0000000710400000|100%| O|  |TAMS 0x0000000710200000| PB 0x0000000710200000| Untracked |  0
|  86|0x0000000710400000, 0x0000000710600000, 0x0000000710600000|100%| O|  |TAMS 0x0000000710400000| PB 0x0000000710400000| Untracked |  0
|  87|0x0000000710600000, 0x0000000710800000, 0x0000000710800000|100%| O|  |TAMS 0x0000000710600000| PB 0x0000000710600000| Untracked |  0
|  88|0x0000000710800000, 0x0000000710a00000, 0x0000000710a00000|100%| O|  |TAMS 0x0000000710800000| PB 0x0000000710800000| Untracked |  0
|  89|0x0000000710a00000, 0x0000000710c00000, 0x0000000710c00000|100%| O|  |TAMS 0x0000000710a00000| PB 0x0000000710a00000| Untracked |  0
|  90|0x0000000710c00000, 0x0000000710e00000, 0x0000000710e00000|100%| O|  |TAMS 0x0000000710c00000| PB 0x0000000710c00000| Untracked |  0
|  91|0x0000000710e00000, 0x0000000711000000, 0x0000000711000000|100%|HS|  |TAMS 0x0000000710e00000| PB 0x0000000710e00000| Complete |  0
|  92|0x0000000711000000, 0x0000000711200000, 0x0000000711200000|100%|HC|  |TAMS 0x0000000711000000| PB 0x0000000711000000| Complete |  0
|  93|0x0000000711200000, 0x0000000711400000, 0x0000000711400000|100%| O|  |TAMS 0x0000000711200000| PB 0x0000000711200000| Untracked |  0
|  94|0x0000000711400000, 0x0000000711600000, 0x0000000711600000|100%| O|  |TAMS 0x0000000711400000| PB 0x0000000711400000| Untracked |  0
|  95|0x0000000711600000, 0x0000000711800000, 0x0000000711800000|100%| O|  |TAMS 0x0000000711600000| PB 0x0000000711600000| Untracked |  0
|  96|0x0000000711800000, 0x0000000711a00000, 0x0000000711a00000|100%| O|  |TAMS 0x0000000711800000| PB 0x0000000711800000| Untracked |  0
|  97|0x0000000711a00000, 0x0000000711c00000, 0x0000000711c00000|100%| O|  |TAMS 0x0000000711a00000| PB 0x0000000711a00000| Untracked |  0
|  98|0x0000000711c00000, 0x0000000711e00000, 0x0000000711e00000|100%| O|  |TAMS 0x0000000711c00000| PB 0x0000000711c00000| Untracked |  0
|  99|0x0000000711e00000, 0x0000000712000000, 0x0000000712000000|100%|HS|  |TAMS 0x0000000711e00000| PB 0x0000000711e00000| Complete |  0
| 100|0x0000000712000000, 0x0000000712200000, 0x0000000712200000|100%|HC|  |TAMS 0x0000000712000000| PB 0x0000000712000000| Complete |  0
| 101|0x0000000712200000, 0x0000000712400000, 0x0000000712400000|100%| O|  |TAMS 0x0000000712200000| PB 0x0000000712200000| Untracked |  0
| 102|0x0000000712400000, 0x0000000712600000, 0x0000000712600000|100%| O|  |TAMS 0x0000000712400000| PB 0x0000000712400000| Untracked |  0
| 103|0x0000000712600000, 0x0000000712800000, 0x0000000712800000|100%| O|  |TAMS 0x0000000712600000| PB 0x0000000712600000| Untracked |  0
| 104|0x0000000712800000, 0x0000000712a00000, 0x0000000712a00000|100%| O|  |TAMS 0x0000000712800000| PB 0x0000000712800000| Untracked |  0
| 105|0x0000000712a00000, 0x0000000712c00000, 0x0000000712c00000|100%| O|  |TAMS 0x0000000712a00000| PB 0x0000000712a00000| Untracked |  0
| 106|0x0000000712c00000, 0x0000000712e00000, 0x0000000712e00000|100%| O|  |TAMS 0x0000000712c00000| PB 0x0000000712c00000| Untracked |  0
| 107|0x0000000712e00000, 0x0000000713000000, 0x0000000713000000|100%| O|  |TAMS 0x0000000712e00000| PB 0x0000000712e00000| Untracked |  0
| 108|0x0000000713000000, 0x0000000713200000, 0x0000000713200000|100%| O|  |TAMS 0x0000000713000000| PB 0x0000000713000000| Untracked |  0
| 109|0x0000000713200000, 0x0000000713400000, 0x0000000713400000|100%| O|  |TAMS 0x0000000713200000| PB 0x0000000713200000| Untracked |  0
| 110|0x0000000713400000, 0x0000000713600000, 0x0000000713600000|100%| O|  |TAMS 0x0000000713400000| PB 0x0000000713400000| Untracked |  0
| 111|0x0000000713600000, 0x0000000713800000, 0x0000000713800000|100%| O|  |TAMS 0x0000000713600000| PB 0x0000000713600000| Untracked |  0
| 112|0x0000000713800000, 0x0000000713a00000, 0x0000000713a00000|100%| O|  |TAMS 0x0000000713800000| PB 0x0000000713800000| Untracked |  0
| 113|0x0000000713a00000, 0x0000000713c00000, 0x0000000713c00000|100%| O|  |TAMS 0x0000000713a00000| PB 0x0000000713a00000| Untracked |  0
| 114|0x0000000713c00000, 0x0000000713e00000, 0x0000000713e00000|100%| O|  |TAMS 0x0000000713c00000| PB 0x0000000713c00000| Untracked |  0
| 115|0x0000000713e00000, 0x0000000714000000, 0x0000000714000000|100%| O|  |TAMS 0x0000000713e00000| PB 0x0000000713e00000| Untracked |  0
| 116|0x0000000714000000, 0x0000000714200000, 0x0000000714200000|100%| O|  |TAMS 0x0000000714000000| PB 0x0000000714000000| Untracked |  0
| 117|0x0000000714200000, 0x0000000714400000, 0x0000000714400000|100%| O|  |TAMS 0x0000000714200000| PB 0x0000000714200000| Untracked |  0
| 118|0x0000000714400000, 0x0000000714600000, 0x0000000714600000|100%| O|  |TAMS 0x0000000714400000| PB 0x0000000714400000| Untracked |  0
| 119|0x0000000714600000, 0x0000000714800000, 0x0000000714800000|100%| O|  |TAMS 0x0000000714600000| PB 0x0000000714600000| Untracked |  0
| 120|0x0000000714800000, 0x0000000714a00000, 0x0000000714a00000|100%| O|  |TAMS 0x0000000714800000| PB 0x0000000714800000| Untracked |  0
| 121|0x0000000714a00000, 0x0000000714c00000, 0x0000000714c00000|100%| O|  |TAMS 0x0000000714a00000| PB 0x0000000714a00000| Untracked |  0
| 122|0x0000000714c00000, 0x0000000714e00000, 0x0000000714e00000|100%| O|  |TAMS 0x0000000714c00000| PB 0x0000000714c00000| Untracked |  0
| 123|0x0000000714e00000, 0x0000000715000000, 0x0000000715000000|100%| O|  |TAMS 0x0000000714e00000| PB 0x0000000714e00000| Untracked |  0
| 124|0x0000000715000000, 0x0000000715200000, 0x0000000715200000|100%| O|  |TAMS 0x0000000715000000| PB 0x0000000715000000| Untracked |  0
| 125|0x0000000715200000, 0x0000000715400000, 0x0000000715400000|100%| O|  |TAMS 0x0000000715200000| PB 0x0000000715200000| Untracked |  0
| 126|0x0000000715400000, 0x0000000715600000, 0x0000000715600000|100%| O|  |TAMS 0x0000000715400000| PB 0x0000000715400000| Untracked |  0
| 127|0x0000000715600000, 0x0000000715800000, 0x0000000715800000|100%| O|  |TAMS 0x0000000715600000| PB 0x0000000715600000| Untracked |  0
| 128|0x0000000715800000, 0x0000000715a00000, 0x0000000715a00000|100%| O|  |TAMS 0x0000000715800000| PB 0x0000000715800000| Untracked |  0
| 129|0x0000000715a00000, 0x0000000715a00000, 0x0000000715c00000|  0%| F|  |TAMS 0x0000000715a00000| PB 0x0000000715a00000| Untracked |  0
| 130|0x0000000715c00000, 0x0000000715c00000, 0x0000000715e00000|  0%| F|  |TAMS 0x0000000715c00000| PB 0x0000000715c00000| Untracked |  0
| 131|0x0000000715e00000, 0x0000000715e00000, 0x0000000716000000|  0%| F|  |TAMS 0x0000000715e00000| PB 0x0000000715e00000| Untracked |  0
| 132|0x0000000716000000, 0x0000000716000000, 0x0000000716200000|  0%| F|  |TAMS 0x0000000716000000| PB 0x0000000716000000| Untracked |  0
| 133|0x0000000716200000, 0x0000000716200000, 0x0000000716400000|  0%| F|  |TAMS 0x0000000716200000| PB 0x0000000716200000| Untracked |  0
| 134|0x0000000716400000, 0x0000000716400000, 0x0000000716600000|  0%| F|  |TAMS 0x0000000716400000| PB 0x0000000716400000| Untracked |  0
| 135|0x0000000716600000, 0x0000000716600000, 0x0000000716800000|  0%| F|  |TAMS 0x0000000716600000| PB 0x0000000716600000| Untracked |  0
| 136|0x0000000716800000, 0x0000000716800000, 0x0000000716a00000|  0%| F|  |TAMS 0x0000000716800000| PB 0x0000000716800000| Untracked |  0
| 137|0x0000000716a00000, 0x0000000716a00000, 0x0000000716c00000|  0%| F|  |TAMS 0x0000000716a00000| PB 0x0000000716a00000| Untracked |  0
| 138|0x0000000716c00000, 0x0000000716c00000, 0x0000000716e00000|  0%| F|  |TAMS 0x0000000716c00000| PB 0x0000000716c00000| Untracked |  0
| 139|0x0000000716e00000, 0x0000000716e00000, 0x0000000717000000|  0%| F|  |TAMS 0x0000000716e00000| PB 0x0000000716e00000| Untracked |  0
| 140|0x0000000717000000, 0x0000000717000000, 0x0000000717200000|  0%| F|  |TAMS 0x0000000717000000| PB 0x0000000717000000| Untracked |  0
| 141|0x0000000717200000, 0x0000000717200000, 0x0000000717400000|  0%| F|  |TAMS 0x0000000717200000| PB 0x0000000717200000| Untracked |  0
| 142|0x0000000717400000, 0x0000000717400000, 0x0000000717600000|  0%| F|  |TAMS 0x0000000717400000| PB 0x0000000717400000| Untracked |  0
| 143|0x0000000717600000, 0x0000000717600000, 0x0000000717800000|  0%| F|  |TAMS 0x0000000717600000| PB 0x0000000717600000| Untracked |  0
| 144|0x0000000717800000, 0x0000000717800000, 0x0000000717a00000|  0%| F|  |TAMS 0x0000000717800000| PB 0x0000000717800000| Untracked |  0
| 145|0x0000000717a00000, 0x0000000717a00000, 0x0000000717c00000|  0%| F|  |TAMS 0x0000000717a00000| PB 0x0000000717a00000| Untracked |  0
| 146|0x0000000717c00000, 0x0000000717c00000, 0x0000000717e00000|  0%| F|  |TAMS 0x0000000717c00000| PB 0x0000000717c00000| Untracked |  0
| 147|0x0000000717e00000, 0x0000000717e00000, 0x0000000718000000|  0%| F|  |TAMS 0x0000000717e00000| PB 0x0000000717e00000| Untracked |  0
| 148|0x0000000718000000, 0x0000000718000000, 0x0000000718200000|  0%| F|  |TAMS 0x0000000718000000| PB 0x0000000718000000| Untracked |  0
| 149|0x0000000718200000, 0x0000000718200000, 0x0000000718400000|  0%| F|  |TAMS 0x0000000718200000| PB 0x0000000718200000| Untracked |  0
| 150|0x0000000718400000, 0x0000000718400000, 0x0000000718600000|  0%| F|  |TAMS 0x0000000718400000| PB 0x0000000718400000| Untracked |  0
| 151|0x0000000718600000, 0x0000000718600000, 0x0000000718800000|  0%| F|  |TAMS 0x0000000718600000| PB 0x0000000718600000| Untracked |  0
| 152|0x0000000718800000, 0x0000000718800000, 0x0000000718a00000|  0%| F|  |TAMS 0x0000000718800000| PB 0x0000000718800000| Untracked |  0
| 153|0x0000000718a00000, 0x0000000718a00000, 0x0000000718c00000|  0%| F|  |TAMS 0x0000000718a00000| PB 0x0000000718a00000| Untracked |  0
| 154|0x0000000718c00000, 0x0000000718c00000, 0x0000000718e00000|  0%| F|  |TAMS 0x0000000718c00000| PB 0x0000000718c00000| Untracked |  0
| 155|0x0000000718e00000, 0x0000000718e00000, 0x0000000719000000|  0%| F|  |TAMS 0x0000000718e00000| PB 0x0000000718e00000| Untracked |  0
| 156|0x0000000719000000, 0x0000000719000000, 0x0000000719200000|  0%| F|  |TAMS 0x0000000719000000| PB 0x0000000719000000| Untracked |  0
| 157|0x0000000719200000, 0x0000000719200000, 0x0000000719400000|  0%| F|  |TAMS 0x0000000719200000| PB 0x0000000719200000| Untracked |  0
| 158|0x0000000719400000, 0x0000000719400000, 0x0000000719600000|  0%| F|  |TAMS 0x0000000719400000| PB 0x0000000719400000| Untracked |  0
| 159|0x0000000719600000, 0x0000000719600000, 0x0000000719800000|  0%| F|  |TAMS 0x0000000719600000| PB 0x0000000719600000| Untracked |  0
| 160|0x0000000719800000, 0x0000000719800000, 0x0000000719a00000|  0%| F|  |TAMS 0x0000000719800000| PB 0x0000000719800000| Untracked |  0
| 161|0x0000000719a00000, 0x0000000719a00000, 0x0000000719c00000|  0%| F|  |TAMS 0x0000000719a00000| PB 0x0000000719a00000| Untracked |  0
| 162|0x0000000719c00000, 0x0000000719c00000, 0x0000000719e00000|  0%| F|  |TAMS 0x0000000719c00000| PB 0x0000000719c00000| Untracked |  0
| 163|0x0000000719e00000, 0x0000000719e00000, 0x000000071a000000|  0%| F|  |TAMS 0x0000000719e00000| PB 0x0000000719e00000| Untracked |  0
| 164|0x000000071a000000, 0x000000071a000000, 0x000000071a200000|  0%| F|  |TAMS 0x000000071a000000| PB 0x000000071a000000| Untracked |  0
| 165|0x000000071a200000, 0x000000071a200000, 0x000000071a400000|  0%| F|  |TAMS 0x000000071a200000| PB 0x000000071a200000| Untracked |  0
| 166|0x000000071a400000, 0x000000071a400000, 0x000000071a600000|  0%| F|  |TAMS 0x000000071a400000| PB 0x000000071a400000| Untracked |  0
| 167|0x000000071a600000, 0x000000071a600000, 0x000000071a800000|  0%| F|  |TAMS 0x000000071a600000| PB 0x000000071a600000| Untracked |  0
| 168|0x000000071a800000, 0x000000071a800000, 0x000000071aa00000|  0%| F|  |TAMS 0x000000071a800000| PB 0x000000071a800000| Untracked |  0
| 169|0x000000071aa00000, 0x000000071aa00000, 0x000000071ac00000|  0%| F|  |TAMS 0x000000071aa00000| PB 0x000000071aa00000| Untracked |  0
| 170|0x000000071ac00000, 0x000000071ac00000, 0x000000071ae00000|  0%| F|  |TAMS 0x000000071ac00000| PB 0x000000071ac00000| Untracked |  0
| 171|0x000000071ae00000, 0x000000071ae00000, 0x000000071b000000|  0%| F|  |TAMS 0x000000071ae00000| PB 0x000000071ae00000| Untracked |  0
| 172|0x000000071b000000, 0x000000071b000000, 0x000000071b200000|  0%| F|  |TAMS 0x000000071b000000| PB 0x000000071b000000| Untracked |  0
| 173|0x000000071b200000, 0x000000071b200000, 0x000000071b400000|  0%| F|  |TAMS 0x000000071b200000| PB 0x000000071b200000| Untracked |  0
| 174|0x000000071b400000, 0x000000071b400000, 0x000000071b600000|  0%| F|  |TAMS 0x000000071b400000| PB 0x000000071b400000| Untracked |  0
| 175|0x000000071b600000, 0x000000071b600000, 0x000000071b800000|  0%| F|  |TAMS 0x000000071b600000| PB 0x000000071b600000| Untracked |  0
| 176|0x000000071b800000, 0x000000071b800000, 0x000000071ba00000|  0%| F|  |TAMS 0x000000071b800000| PB 0x000000071b800000| Untracked |  0
| 177|0x000000071ba00000, 0x000000071ba00000, 0x000000071bc00000|  0%| F|  |TAMS 0x000000071ba00000| PB 0x000000071ba00000| Untracked |  0
| 178|0x000000071bc00000, 0x000000071bc00000, 0x000000071be00000|  0%| F|  |TAMS 0x000000071bc00000| PB 0x000000071bc00000| Untracked |  0
| 179|0x000000071be00000, 0x000000071be00000, 0x000000071c000000|  0%| F|  |TAMS 0x000000071be00000| PB 0x000000071be00000| Untracked |  0
| 180|0x000000071c000000, 0x000000071c000000, 0x000000071c200000|  0%| F|  |TAMS 0x000000071c000000| PB 0x000000071c000000| Untracked |  0
| 181|0x000000071c200000, 0x000000071c200000, 0x000000071c400000|  0%| F|  |TAMS 0x000000071c200000| PB 0x000000071c200000| Untracked |  0
| 182|0x000000071c400000, 0x000000071c400000, 0x000000071c600000|  0%| F|  |TAMS 0x000000071c400000| PB 0x000000071c400000| Untracked |  0
| 183|0x000000071c600000, 0x000000071c600000, 0x000000071c800000|  0%| F|  |TAMS 0x000000071c600000| PB 0x000000071c600000| Untracked |  0
| 184|0x000000071c800000, 0x000000071c800000, 0x000000071ca00000|  0%| F|  |TAMS 0x000000071c800000| PB 0x000000071c800000| Untracked |  0
| 185|0x000000071ca00000, 0x000000071ca00000, 0x000000071cc00000|  0%| F|  |TAMS 0x000000071ca00000| PB 0x000000071ca00000| Untracked |  0
| 186|0x000000071cc00000, 0x000000071cc00000, 0x000000071ce00000|  0%| F|  |TAMS 0x000000071cc00000| PB 0x000000071cc00000| Untracked |  0
| 187|0x000000071ce00000, 0x000000071ce00000, 0x000000071d000000|  0%| F|  |TAMS 0x000000071ce00000| PB 0x000000071ce00000| Untracked |  0
| 188|0x000000071d000000, 0x000000071d000000, 0x000000071d200000|  0%| F|  |TAMS 0x000000071d000000| PB 0x000000071d000000| Untracked |  0
| 189|0x000000071d200000, 0x000000071d200000, 0x000000071d400000|  0%| F|  |TAMS 0x000000071d200000| PB 0x000000071d200000| Untracked |  0
| 190|0x000000071d400000, 0x000000071d400000, 0x000000071d600000|  0%| F|  |TAMS 0x000000071d400000| PB 0x000000071d400000| Untracked |  0
| 191|0x000000071d600000, 0x000000071d600000, 0x000000071d800000|  0%| F|  |TAMS 0x000000071d600000| PB 0x000000071d600000| Untracked |  0
| 192|0x000000071d800000, 0x000000071d800000, 0x000000071da00000|  0%| F|  |TAMS 0x000000071d800000| PB 0x000000071d800000| Untracked |  0
| 193|0x000000071da00000, 0x000000071da00000, 0x000000071dc00000|  0%| F|  |TAMS 0x000000071da00000| PB 0x000000071da00000| Untracked |  0
| 194|0x000000071dc00000, 0x000000071dc00000, 0x000000071de00000|  0%| F|  |TAMS 0x000000071dc00000| PB 0x000000071dc00000| Untracked |  0
| 195|0x000000071de00000, 0x000000071de00000, 0x000000071e000000|  0%| F|  |TAMS 0x000000071de00000| PB 0x000000071de00000| Untracked |  0
| 196|0x000000071e000000, 0x000000071e000000, 0x000000071e200000|  0%| F|  |TAMS 0x000000071e000000| PB 0x000000071e000000| Untracked |  0
| 197|0x000000071e200000, 0x000000071e200000, 0x000000071e400000|  0%| F|  |TAMS 0x000000071e200000| PB 0x000000071e200000| Untracked |  0
| 198|0x000000071e400000, 0x000000071e400000, 0x000000071e600000|  0%| F|  |TAMS 0x000000071e400000| PB 0x000000071e400000| Untracked |  0
| 199|0x000000071e600000, 0x000000071e600000, 0x000000071e800000|  0%| F|  |TAMS 0x000000071e600000| PB 0x000000071e600000| Untracked |  0
| 200|0x000000071e800000, 0x000000071e800000, 0x000000071ea00000|  0%| F|  |TAMS 0x000000071e800000| PB 0x000000071e800000| Untracked |  0
| 201|0x000000071ea00000, 0x000000071ea00000, 0x000000071ec00000|  0%| F|  |TAMS 0x000000071ea00000| PB 0x000000071ea00000| Untracked |  0
| 202|0x000000071ec00000, 0x000000071ec00000, 0x000000071ee00000|  0%| F|  |TAMS 0x000000071ec00000| PB 0x000000071ec00000| Untracked |  0
| 203|0x000000071ee00000, 0x000000071ee00000, 0x000000071f000000|  0%| F|  |TAMS 0x000000071ee00000| PB 0x000000071ee00000| Untracked |  0
| 204|0x000000071f000000, 0x000000071f000000, 0x000000071f200000|  0%| F|  |TAMS 0x000000071f000000| PB 0x000000071f000000| Untracked |  0
| 205|0x000000071f200000, 0x000000071f200000, 0x000000071f400000|  0%| F|  |TAMS 0x000000071f200000| PB 0x000000071f200000| Untracked |  0
| 206|0x000000071f400000, 0x000000071f400000, 0x000000071f600000|  0%| F|  |TAMS 0x000000071f400000| PB 0x000000071f400000| Untracked |  0
| 207|0x000000071f600000, 0x000000071f600000, 0x000000071f800000|  0%| F|  |TAMS 0x000000071f600000| PB 0x000000071f600000| Untracked |  0
| 208|0x000000071f800000, 0x000000071f800000, 0x000000071fa00000|  0%| F|  |TAMS 0x000000071f800000| PB 0x000000071f800000| Untracked |  0
| 209|0x000000071fa00000, 0x000000071fa00000, 0x000000071fc00000|  0%| F|  |TAMS 0x000000071fa00000| PB 0x000000071fa00000| Untracked |  0
| 210|0x000000071fc00000, 0x000000071fc00000, 0x000000071fe00000|  0%| F|  |TAMS 0x000000071fc00000| PB 0x000000071fc00000| Untracked |  0
| 211|0x000000071fe00000, 0x000000071fe00000, 0x0000000720000000|  0%| F|  |TAMS 0x000000071fe00000| PB 0x000000071fe00000| Untracked |  0
| 212|0x0000000720000000, 0x0000000720000000, 0x0000000720200000|  0%| F|  |TAMS 0x0000000720000000| PB 0x0000000720000000| Untracked |  0
| 213|0x0000000720200000, 0x0000000720200000, 0x0000000720400000|  0%| F|  |TAMS 0x0000000720200000| PB 0x0000000720200000| Untracked |  0
| 214|0x0000000720400000, 0x0000000720400000, 0x0000000720600000|  0%| F|  |TAMS 0x0000000720400000| PB 0x0000000720400000| Untracked |  0
| 215|0x0000000720600000, 0x0000000720600000, 0x0000000720800000|  0%| F|  |TAMS 0x0000000720600000| PB 0x0000000720600000| Untracked |  0
| 216|0x0000000720800000, 0x0000000720800000, 0x0000000720a00000|  0%| F|  |TAMS 0x0000000720800000| PB 0x0000000720800000| Untracked |  0
| 217|0x0000000720a00000, 0x0000000720a00000, 0x0000000720c00000|  0%| F|  |TAMS 0x0000000720a00000| PB 0x0000000720a00000| Untracked |  0
| 218|0x0000000720c00000, 0x0000000720c00000, 0x0000000720e00000|  0%| F|  |TAMS 0x0000000720c00000| PB 0x0000000720c00000| Untracked |  0
| 219|0x0000000720e00000, 0x0000000720e00000, 0x0000000721000000|  0%| F|  |TAMS 0x0000000720e00000| PB 0x0000000720e00000| Untracked |  0
| 220|0x0000000721000000, 0x0000000721000000, 0x0000000721200000|  0%| F|  |TAMS 0x0000000721000000| PB 0x0000000721000000| Untracked |  0
| 221|0x0000000721200000, 0x0000000721200000, 0x0000000721400000|  0%| F|  |TAMS 0x0000000721200000| PB 0x0000000721200000| Untracked |  0
| 222|0x0000000721400000, 0x0000000721400000, 0x0000000721600000|  0%| F|  |TAMS 0x0000000721400000| PB 0x0000000721400000| Untracked |  0
| 223|0x0000000721600000, 0x0000000721600000, 0x0000000721800000|  0%| F|  |TAMS 0x0000000721600000| PB 0x0000000721600000| Untracked |  0
| 224|0x0000000721800000, 0x0000000721800000, 0x0000000721a00000|  0%| F|  |TAMS 0x0000000721800000| PB 0x0000000721800000| Untracked |  0
| 225|0x0000000721a00000, 0x0000000721a00000, 0x0000000721c00000|  0%| F|  |TAMS 0x0000000721a00000| PB 0x0000000721a00000| Untracked |  0
| 226|0x0000000721c00000, 0x0000000721c00000, 0x0000000721e00000|  0%| F|  |TAMS 0x0000000721c00000| PB 0x0000000721c00000| Untracked |  0
| 227|0x0000000721e00000, 0x0000000721e00000, 0x0000000722000000|  0%| F|  |TAMS 0x0000000721e00000| PB 0x0000000721e00000| Untracked |  0
| 228|0x0000000722000000, 0x0000000722000000, 0x0000000722200000|  0%| F|  |TAMS 0x0000000722000000| PB 0x0000000722000000| Untracked |  0
| 229|0x0000000722200000, 0x0000000722200000, 0x0000000722400000|  0%| F|  |TAMS 0x0000000722200000| PB 0x0000000722200000| Untracked |  0
| 230|0x0000000722400000, 0x0000000722400000, 0x0000000722600000|  0%| F|  |TAMS 0x0000000722400000| PB 0x0000000722400000| Untracked |  0
| 231|0x0000000722600000, 0x0000000722600000, 0x0000000722800000|  0%| F|  |TAMS 0x0000000722600000| PB 0x0000000722600000| Untracked |  0
| 232|0x0000000722800000, 0x0000000722800000, 0x0000000722a00000|  0%| F|  |TAMS 0x0000000722800000| PB 0x0000000722800000| Untracked |  0
| 233|0x0000000722a00000, 0x0000000722c00000, 0x0000000722c00000|100%| S|CS|TAMS 0x0000000722a00000| PB 0x0000000722a00000| Complete |  0
| 234|0x0000000722c00000, 0x0000000722e00000, 0x0000000722e00000|100%| S|CS|TAMS 0x0000000722c00000| PB 0x0000000722c00000| Complete |  0
| 235|0x0000000722e00000, 0x0000000723000000, 0x0000000723000000|100%| S|CS|TAMS 0x0000000722e00000| PB 0x0000000722e00000| Complete |  0
| 236|0x0000000723000000, 0x0000000723200000, 0x0000000723200000|100%| S|CS|TAMS 0x0000000723000000| PB 0x0000000723000000| Complete |  0
| 237|0x0000000723200000, 0x0000000723400000, 0x0000000723400000|100%| S|CS|TAMS 0x0000000723200000| PB 0x0000000723200000| Complete |  0
| 238|0x0000000723400000, 0x0000000723600000, 0x0000000723600000|100%| S|CS|TAMS 0x0000000723400000| PB 0x0000000723400000| Complete |  0
| 239|0x0000000723600000, 0x0000000723800000, 0x0000000723800000|100%| S|CS|TAMS 0x0000000723600000| PB 0x0000000723600000| Complete |  0
| 240|0x0000000723800000, 0x0000000723a00000, 0x0000000723a00000|100%| S|CS|TAMS 0x0000000723800000| PB 0x0000000723800000| Complete |  0
| 241|0x0000000723a00000, 0x0000000723c00000, 0x0000000723c00000|100%| S|CS|TAMS 0x0000000723a00000| PB 0x0000000723a00000| Complete |  0
| 242|0x0000000723c00000, 0x0000000723c00000, 0x0000000723e00000|  0%| F|  |TAMS 0x0000000723c00000| PB 0x0000000723c00000| Untracked |  0
| 243|0x0000000723e00000, 0x0000000723e00000, 0x0000000724000000|  0%| F|  |TAMS 0x0000000723e00000| PB 0x0000000723e00000| Untracked |  0
| 244|0x0000000724000000, 0x0000000724000000, 0x0000000724200000|  0%| F|  |TAMS 0x0000000724000000| PB 0x0000000724000000| Untracked |  0
| 245|0x0000000724200000, 0x0000000724200000, 0x0000000724400000|  0%| F|  |TAMS 0x0000000724200000| PB 0x0000000724200000| Untracked |  0
| 246|0x0000000724400000, 0x0000000724400000, 0x0000000724600000|  0%| F|  |TAMS 0x0000000724400000| PB 0x0000000724400000| Untracked |  0
| 247|0x0000000724600000, 0x0000000724600000, 0x0000000724800000|  0%| F|  |TAMS 0x0000000724600000| PB 0x0000000724600000| Untracked |  0
| 248|0x0000000724800000, 0x0000000724800000, 0x0000000724a00000|  0%| F|  |TAMS 0x0000000724800000| PB 0x0000000724800000| Untracked |  0
| 249|0x0000000724a00000, 0x0000000724a00000, 0x0000000724c00000|  0%| F|  |TAMS 0x0000000724a00000| PB 0x0000000724a00000| Untracked |  0
| 250|0x0000000724c00000, 0x0000000724c00000, 0x0000000724e00000|  0%| F|  |TAMS 0x0000000724c00000| PB 0x0000000724c00000| Untracked |  0
| 251|0x0000000724e00000, 0x0000000724e00000, 0x0000000725000000|  0%| F|  |TAMS 0x0000000724e00000| PB 0x0000000724e00000| Untracked |  0
| 252|0x0000000725000000, 0x0000000725000000, 0x0000000725200000|  0%| F|  |TAMS 0x0000000725000000| PB 0x0000000725000000| Untracked |  0
| 253|0x0000000725200000, 0x0000000725200000, 0x0000000725400000|  0%| F|  |TAMS 0x0000000725200000| PB 0x0000000725200000| Untracked |  0
| 254|0x0000000725400000, 0x0000000725400000, 0x0000000725600000|  0%| F|  |TAMS 0x0000000725400000| PB 0x0000000725400000| Untracked |  0
| 255|0x0000000725600000, 0x0000000725600000, 0x0000000725800000|  0%| F|  |TAMS 0x0000000725600000| PB 0x0000000725600000| Untracked |  0
| 256|0x0000000725800000, 0x0000000725800000, 0x0000000725a00000|  0%| F|  |TAMS 0x0000000725800000| PB 0x0000000725800000| Untracked |  0
| 257|0x0000000725a00000, 0x0000000725a00000, 0x0000000725c00000|  0%| F|  |TAMS 0x0000000725a00000| PB 0x0000000725a00000| Untracked |  0
| 258|0x0000000725c00000, 0x0000000725c00000, 0x0000000725e00000|  0%| F|  |TAMS 0x0000000725c00000| PB 0x0000000725c00000| Untracked |  0
| 259|0x0000000725e00000, 0x0000000725e00000, 0x0000000726000000|  0%| F|  |TAMS 0x0000000725e00000| PB 0x0000000725e00000| Untracked |  0
| 260|0x0000000726000000, 0x0000000726000000, 0x0000000726200000|  0%| F|  |TAMS 0x0000000726000000| PB 0x0000000726000000| Untracked |  0
| 261|0x0000000726200000, 0x0000000726200000, 0x0000000726400000|  0%| F|  |TAMS 0x0000000726200000| PB 0x0000000726200000| Untracked |  0
| 262|0x0000000726400000, 0x0000000726400000, 0x0000000726600000|  0%| F|  |TAMS 0x0000000726400000| PB 0x0000000726400000| Untracked |  0
| 263|0x0000000726600000, 0x0000000726694708, 0x0000000726800000| 28%| E|  |TAMS 0x0000000726600000| PB 0x0000000726600000| Complete |  0
|1992|0x00000007fe800000, 0x00000007fea00000, 0x00000007fea00000|100%| E|CS|TAMS 0x00000007fe800000| PB 0x00000007fe800000| Complete |  0
|1993|0x00000007fea00000, 0x00000007fec00000, 0x00000007fec00000|100%| E|CS|TAMS 0x00000007fea00000| PB 0x00000007fea00000| Complete |  0
|1994|0x00000007fec00000, 0x00000007fee00000, 0x00000007fee00000|100%| E|CS|TAMS 0x00000007fec00000| PB 0x00000007fec00000| Complete |  0
|1995|0x00000007fee00000, 0x00000007ff000000, 0x00000007ff000000|100%| E|CS|TAMS 0x00000007fee00000| PB 0x00000007fee00000| Complete |  0
|1996|0x00000007ff000000, 0x00000007ff200000, 0x00000007ff200000|100%| E|CS|TAMS 0x00000007ff000000| PB 0x00000007ff000000| Complete |  0
|1997|0x00000007ff200000, 0x00000007ff400000, 0x00000007ff400000|100%| E|CS|TAMS 0x00000007ff200000| PB 0x00000007ff200000| Complete |  0
|1998|0x00000007ff400000, 0x00000007ff600000, 0x00000007ff600000|100%| E|CS|TAMS 0x00000007ff400000| PB 0x00000007ff400000| Complete |  0
|1999|0x00000007ff600000, 0x00000007ff800000, 0x00000007ff800000|100%| E|CS|TAMS 0x00000007ff600000| PB 0x00000007ff600000| Complete |  0
|2000|0x00000007ff800000, 0x00000007ffa00000, 0x00000007ffa00000|100%| E|CS|TAMS 0x00000007ff800000| PB 0x00000007ff800000| Complete |  0
|2001|0x00000007ffa00000, 0x00000007ffc00000, 0x00000007ffc00000|100%| E|CS|TAMS 0x00000007ffa00000| PB 0x00000007ffa00000| Complete |  0
|2002|0x00000007ffc00000, 0x00000007ffe00000, 0x00000007ffe00000|100%| E|CS|TAMS 0x00000007ffc00000| PB 0x00000007ffc00000| Complete |  0
|2003|0x00000007ffe00000, 0x00000007fff256a0, 0x0000000800000000| 57%| O|  |TAMS 0x00000007ffe00000| PB 0x00000007ffe00000| Untracked |  0

Card table byte_map: [0x000001b9beb10000,0x000001b9bf2f0000] _byte_map_base: 0x000001b9bb2e4000

Marking Bits: (CMBitMap*) 0x000001b9a65cf8b0
 Bits: [0x000001b9bf2f0000, 0x000001b9c3190000)

Polling page: 0x000001b9a4350000

Metaspace:
Metaspace        used 20485K, committed 20800K, reserved 1114112K
 class space     used 2587K, committed 2752K, reserved 1048576K

Usage:
  Non-class:     17.48 MB used.
      Class:      2.53 MB used.
       Both:     20.01 MB used.

Virtual space:
  Non-class space:       64.00 MB reserved,      17.62 MB ( 28%) committed,  1 nodes.
      Class space:        1.00 GB reserved,       2.69 MB ( <1%) committed,  1 nodes.
             Both:        1.06 GB reserved,      20.31 MB (  2%) committed. 

Chunk freelists:
   Non-Class:  13.84 MB
       Class:  13.37 MB
        Both:  27.21 MB

MaxMetaspaceSize: unlimited
CompressedClassSpaceSize: 1.00 GB
Initial GC threshold: 21.00 MB
Current GC threshold: 33.88 MB
CDS: on
 - commit_granule_bytes: 65536.
 - commit_granule_words: 8192.
 - virtual_space_node_default_size: 8388608.
 - enlarge_chunks_in_place: 1.
UseCompressedClassPointers 1, UseCompactObjectHeaders 0
Narrow klass pointer bits 32, Max shift 3
Narrow klass base: 0x0000000005000000, Narrow klass shift: 0
Encoding Range: [0x0000000005000000 - 0x0000000105000000), (4294967296 bytes)
Klass Range:    [0x0000000005010000 - 0x0000000046000000), (1090453504 bytes)
Klass ID Range:  [65536 - 1090519033) (1090453497)
Protection zone: [0x0000000005000000 - 0x0000000005010000), (65536 bytes)


Internal statistics:

num_allocs_failed_limit: 0.
num_arena_births: 264.
num_arena_deaths: 0.
num_vsnodes_births: 2.
num_vsnodes_deaths: 0.
num_space_committed: 325.
num_space_uncommitted: 0.
num_chunks_returned_to_freelist: 0.
num_chunks_taken_from_freelist: 938.
num_chunk_merges: 0.
num_chunk_splits: 659.
num_chunks_enlarged: 536.
num_inconsistent_stats: 0.

CodeHeap 'non-profiled nmethods': size=120064Kb used=3477Kb max_used=3968Kb free=116586Kb
 bounds [0x000001b9b68a0000, 0x000001b9b6c90000, 0x000001b9bdde0000]
CodeHeap 'profiled nmethods': size=120000Kb used=9166Kb max_used=12501Kb free=110833Kb
 bounds [0x000001b9aede0000, 0x000001b9afa20000, 0x000001b9b6310000]
CodeHeap 'non-nmethods': size=5696Kb used=1724Kb max_used=1837Kb free=3971Kb
 bounds [0x000001b9b6310000, 0x000001b9b6580000, 0x000001b9b68a0000]
CodeCache: size=245760Kb, used=14367Kb, max_used=18306Kb, free=231390Kb
 total_blobs=6988, nmethods=6141, adapters=750, full_count=0
Compilation: enabled, stopped_count=0, restarted_count=0

Compilation events (20 events):
Event: 120.159 Thread 0x000001b9c5aa50d0 7516       3       javafx.scene.shape.Shape::doComputeGeomBounds (11 bytes)
Event: 120.159 Thread 0x000001b9c5aa50d0 nmethod 7516 0x000001b9af017508 code [0x000001b9af017600, 0x000001b9af017a08]
Event: 120.163 Thread 0x000001b9c5a94b90 7517       4       java.util.HashMap::getOrDefault (19 bytes)
Event: 120.173 Thread 0x000001b9c5a94b90 nmethod 7517 0x000001b9b68d7f88 code [0x000001b9b68d8080, 0x000001b9b68d8408]
Event: 120.173 Thread 0x000001b9c5a94b90 7518       4       com.sun.prism.impl.BaseResourcePool::freeDisposalRequestedAndCheckResources (156 bytes)
Event: 120.181 Thread 0x000001b9c5a94b90 nmethod 7518 0x000001b9b6ab4e88 code [0x000001b9b6ab4f80, 0x000001b9b6ab5500]
Event: 120.193 Thread 0x000001b9c5a94b90 7519       4       java.util.ArrayList::rangeCheckForAdd (26 bytes)
Event: 120.193 Thread 0x000001b9c5a94b90 nmethod 7519 0x000001b9b68bd108 code [0x000001b9b68bd200, 0x000001b9b68bd2c0]
Event: 120.193 Thread 0x000001b9c5a94b90 7520       4       javafx.collections.ListChangeBuilder$SingleChange::wasUpdated (12 bytes)
Event: 120.193 Thread 0x000001b9c5a94b90 nmethod 7520 0x000001b9b68e7588 code [0x000001b9b68e7680, 0x000001b9b68e7738]
Event: 120.236 Thread 0x000001b9c5a94b90 7521       4       java.util.concurrent.locks.AbstractQueuedSynchronizer$Node::setStatusRelaxed (12 bytes)
Event: 120.236 Thread 0x000001b9c5a94b90 nmethod 7521 0x000001b9b6915408 code [0x000001b9b6915500, 0x000001b9b6915578]
Event: 122.603 Thread 0x000001b9c5a94b90 7522       4       javafx.scene.control.Control::computeMaxWidth (51 bytes)
Event: 122.615 Thread 0x000001b9c5a94b90 nmethod 7522 0x000001b9b6af4688 code [0x000001b9b6af47a0, 0x000001b9b6af5f20]
Event: 122.634 Thread 0x000001b9c5aa50d0 7523       3       com.sun.prism.d3d.D3DResourceFactory::createTexture (281 bytes)
Event: 122.635 Thread 0x000001b9c5aa50d0 nmethod 7523 0x000001b9aedf5c08 code [0x000001b9aedf5d00, 0x000001b9aedf6f70]
Event: 122.658 Thread 0x000001b9c5a94b90 7524       4       com.sun.javafx.sg.prism.NGImageView::renderContent (248 bytes)
Event: 122.659 Thread 0x000001b9c5aa50d0 7525       3       com.sun.prism.impl.BaseResourceFactory::getCachedTexture (537 bytes)
Event: 122.660 Thread 0x000001b9c5aa50d0 nmethod 7525 0x000001b9af3a5b88 code [0x000001b9af3a5c80, 0x000001b9af3a89a0]
Event: 122.664 Thread 0x000001b9c5a94b90 nmethod 7524 0x000001b9b68f3508 code [0x000001b9b68f3620, 0x000001b9b68f3e70]

GC Heap Usage History (20 events):
Event: 87.744 {heap Before GC invocations=16 (full 0):
 garbage-first heap   total reserved 4104192K, committed 282624K, used 181181K [0x0000000705800000, 0x0000000800000000)
  region size 2048K, 4 young (8192K), 3 survivors (6144K)
}
Event: 87.750 {heap After GC invocations=17 (full 0):
 garbage-first heap   total reserved 4104192K, committed 282624K, used 184871K [0x0000000705800000, 0x0000000800000000)
  region size 2048K, 1 young (2048K), 1 survivors (2048K)
}
Event: 88.246 {heap Before GC invocations=18 (full 0):
 garbage-first heap   total reserved 4104192K, committed 282624K, used 156199K [0x0000000705800000, 0x0000000800000000)
  region size 2048K, 18 young (36864K), 1 survivors (2048K)
}
Event: 88.257 {heap After GC invocations=19 (full 0):
 garbage-first heap   total reserved 4104192K, committed 282624K, used 146581K [0x0000000705800000, 0x0000000800000000)
  region size 2048K, 3 young (6144K), 3 survivors (6144K)
}
Event: 88.520 {heap Before GC invocations=19 (full 0):
 garbage-first heap   total reserved 4104192K, committed 282624K, used 201877K [0x0000000705800000, 0x0000000800000000)
  region size 2048K, 26 young (53248K), 3 survivors (6144K)
}
Event: 88.537 {heap After GC invocations=20 (full 0):
 garbage-first heap   total reserved 4104192K, committed 565248K, used 157486K [0x0000000705800000, 0x0000000800000000)
  region size 2048K, 4 young (8192K), 4 survivors (8192K)
}
Event: 92.102 {heap Before GC invocations=20 (full 0):
 garbage-first heap   total reserved 4104192K, committed 565248K, used 329518K [0x0000000705800000, 0x0000000800000000)
  region size 2048K, 77 young (157696K), 4 survivors (8192K)
}
Event: 92.126 {heap After GC invocations=21 (full 0):
 garbage-first heap   total reserved 4104192K, committed 565248K, used 151246K [0x0000000705800000, 0x0000000800000000)
  region size 2048K, 10 young (20480K), 10 survivors (20480K)
}
Event: 94.360 {heap Before GC invocations=21 (full 0):
 garbage-first heap   total reserved 4104192K, committed 565248K, used 341710K [0x0000000705800000, 0x0000000800000000)
  region size 2048K, 89 young (182272K), 10 survivors (20480K)
}
Event: 94.403 {heap After GC invocations=22 (full 0):
 garbage-first heap   total reserved 4104192K, committed 565248K, used 174879K [0x0000000705800000, 0x0000000800000000)
  region size 2048K, 12 young (24576K), 12 survivors (24576K)
}
Event: 97.875 {heap Before GC invocations=22 (full 0):
 garbage-first heap   total reserved 4104192K, committed 565248K, used 389919K [0x0000000705800000, 0x0000000800000000)
  region size 2048K, 101 young (206848K), 12 survivors (24576K)
}
Event: 97.910 {heap After GC invocations=23 (full 0):
 garbage-first heap   total reserved 4104192K, committed 565248K, used 201286K [0x0000000705800000, 0x0000000800000000)
  region size 2048K, 13 young (26624K), 13 survivors (26624K)
}
Event: 101.731 {heap Before GC invocations=23 (full 0):
 garbage-first heap   total reserved 4104192K, committed 565248K, used 416326K [0x0000000705800000, 0x0000000800000000)
  region size 2048K, 102 young (208896K), 13 survivors (26624K)
}
Event: 101.750 {heap After GC invocations=24 (full 0):
 garbage-first heap   total reserved 4104192K, committed 565248K, used 220309K [0x0000000705800000, 0x0000000800000000)
  region size 2048K, 13 young (26624K), 13 survivors (26624K)
}
Event: 112.611 {heap Before GC invocations=24 (full 0):
 garbage-first heap   total reserved 4104192K, committed 565248K, used 437397K [0x0000000705800000, 0x0000000800000000)
  region size 2048K, 103 young (210944K), 13 survivors (26624K)
}
Event: 112.642 {heap After GC invocations=25 (full 0):
 garbage-first heap   total reserved 4104192K, committed 565248K, used 253077K [0x0000000705800000, 0x0000000800000000)
  region size 2048K, 13 young (26624K), 13 survivors (26624K)
}
Event: 120.022 {heap Before GC invocations=25 (full 0):
 garbage-first heap   total reserved 4104192K, committed 565248K, used 429205K [0x0000000705800000, 0x0000000800000000)
  region size 2048K, 89 young (182272K), 13 survivors (26624K)
}
Event: 120.068 {heap After GC invocations=26 (full 0):
 garbage-first heap   total reserved 4104192K, committed 565248K, used 263787K [0x0000000705800000, 0x0000000800000000)
  region size 2048K, 12 young (24576K), 12 survivors (24576K)
}
Event: 122.570 {heap Before GC invocations=26 (full 0):
 garbage-first heap   total reserved 4104192K, committed 565248K, used 341611K [0x0000000705800000, 0x0000000800000000)
  region size 2048K, 45 young (92160K), 12 survivors (24576K)
}
Event: 122.582 {heap After GC invocations=27 (full 0):
 garbage-first heap   total reserved 4104192K, committed 565248K, used 265365K [0x0000000705800000, 0x0000000800000000)
  region size 2048K, 9 young (18432K), 9 survivors (18432K)
}

Metaspace Usage History (20 events):
Event: 87.744 {metaspace Before GC invocations=16 (full 0):
 Metaspace       used 20478K, committed 20800K, reserved 1114112K
  class space    used 2586K, committed 2752K, reserved 1048576K
}
Event: 87.750 {metaspace After GC invocations=17 (full 0):
 Metaspace       used 20478K, committed 20800K, reserved 1114112K
  class space    used 2586K, committed 2752K, reserved 1048576K
}
Event: 88.246 {metaspace Before GC invocations=18 (full 0):
 Metaspace       used 20478K, committed 20800K, reserved 1114112K
  class space    used 2586K, committed 2752K, reserved 1048576K
}
Event: 88.257 {metaspace After GC invocations=19 (full 0):
 Metaspace       used 20478K, committed 20800K, reserved 1114112K
  class space    used 2586K, committed 2752K, reserved 1048576K
}
Event: 88.520 {metaspace Before GC invocations=19 (full 0):
 Metaspace       used 20478K, committed 20800K, reserved 1114112K
  class space    used 2586K, committed 2752K, reserved 1048576K
}
Event: 88.537 {metaspace After GC invocations=20 (full 0):
 Metaspace       used 20478K, committed 20800K, reserved 1114112K
  class space    used 2586K, committed 2752K, reserved 1048576K
}
Event: 92.102 {metaspace Before GC invocations=20 (full 0):
 Metaspace       used 20478K, committed 20800K, reserved 1114112K
  class space    used 2586K, committed 2752K, reserved 1048576K
}
Event: 92.126 {metaspace After GC invocations=21 (full 0):
 Metaspace       used 20478K, committed 20800K, reserved 1114112K
  class space    used 2586K, committed 2752K, reserved 1048576K
}
Event: 94.360 {metaspace Before GC invocations=21 (full 0):
 Metaspace       used 20478K, committed 20800K, reserved 1114112K
  class space    used 2586K, committed 2752K, reserved 1048576K
}
Event: 94.403 {metaspace After GC invocations=22 (full 0):
 Metaspace       used 20478K, committed 20800K, reserved 1114112K
  class space    used 2586K, committed 2752K, reserved 1048576K
}
Event: 97.875 {metaspace Before GC invocations=22 (full 0):
 Metaspace       used 20478K, committed 20800K, reserved 1114112K
  class space    used 2586K, committed 2752K, reserved 1048576K
}
Event: 97.910 {metaspace After GC invocations=23 (full 0):
 Metaspace       used 20478K, committed 20800K, reserved 1114112K
  class space    used 2586K, committed 2752K, reserved 1048576K
}
Event: 101.731 {metaspace Before GC invocations=23 (full 0):
 Metaspace       used 20484K, committed 20800K, reserved 1114112K
  class space    used 2586K, committed 2752K, reserved 1048576K
}
Event: 101.750 {metaspace After GC invocations=24 (full 0):
 Metaspace       used 20484K, committed 20800K, reserved 1114112K
  class space    used 2586K, committed 2752K, reserved 1048576K
}
Event: 112.611 {metaspace Before GC invocations=24 (full 0):
 Metaspace       used 20484K, committed 20800K, reserved 1114112K
  class space    used 2586K, committed 2752K, reserved 1048576K
}
Event: 112.642 {metaspace After GC invocations=25 (full 0):
 Metaspace       used 20484K, committed 20800K, reserved 1114112K
  class space    used 2586K, committed 2752K, reserved 1048576K
}
Event: 120.022 {metaspace Before GC invocations=25 (full 0):
 Metaspace       used 20485K, committed 20800K, reserved 1114112K
  class space    used 2587K, committed 2752K, reserved 1048576K
}
Event: 120.068 {metaspace After GC invocations=26 (full 0):
 Metaspace       used 20485K, committed 20800K, reserved 1114112K
  class space    used 2587K, committed 2752K, reserved 1048576K
}
Event: 122.570 {metaspace Before GC invocations=26 (full 0):
 Metaspace       used 20485K, committed 20800K, reserved 1114112K
  class space    used 2587K, committed 2752K, reserved 1048576K
}
Event: 122.582 {metaspace After GC invocations=27 (full 0):
 Metaspace       used 20485K, committed 20800K, reserved 1114112K
  class space    used 2587K, committed 2752K, reserved 1048576K
}

Dll operation events (20 events):
Event: 0.335 Loaded shared library C:\Users\carol\.openjfx\cache\21.0.6+3\amd64\api-ms-win-crt-locale-l1-1-0.dll
Event: 0.337 Loaded shared library C:\Users\carol\.openjfx\cache\21.0.6+3\amd64\api-ms-win-crt-math-l1-1-0.dll
Event: 0.338 Loaded shared library C:\Users\carol\.openjfx\cache\21.0.6+3\amd64\api-ms-win-crt-multibyte-l1-1-0.dll
Event: 0.340 Loaded shared library C:\Users\carol\.openjfx\cache\21.0.6+3\amd64\api-ms-win-crt-private-l1-1-0.dll
Event: 0.342 Loaded shared library C:\Users\carol\.openjfx\cache\21.0.6+3\amd64\api-ms-win-crt-process-l1-1-0.dll
Event: 0.343 Loaded shared library C:\Users\carol\.openjfx\cache\21.0.6+3\amd64\api-ms-win-crt-runtime-l1-1-0.dll
Event: 0.345 Loaded shared library C:\Users\carol\.openjfx\cache\21.0.6+3\amd64\api-ms-win-crt-stdio-l1-1-0.dll
Event: 0.347 Loaded shared library C:\Users\carol\.openjfx\cache\21.0.6+3\amd64\api-ms-win-crt-string-l1-1-0.dll
Event: 0.349 Loaded shared library C:\Users\carol\.openjfx\cache\21.0.6+3\amd64\api-ms-win-crt-time-l1-1-0.dll
Event: 0.351 Loaded shared library C:\Users\carol\.openjfx\cache\21.0.6+3\amd64\api-ms-win-crt-utility-l1-1-0.dll
Event: 0.361 Loaded shared library C:\Users\carol\.openjfx\cache\21.0.6+3\amd64\ucrtbase.dll
Event: 0.364 Loaded shared library C:\Users\carol\.openjfx\cache\21.0.6+3\amd64\vcruntime140.dll
Event: 0.366 Loaded shared library C:\Users\carol\.openjfx\cache\21.0.6+3\amd64\vcruntime140_1.dll
Event: 0.372 Loaded shared library C:\Users\carol\.openjfx\cache\21.0.6+3\amd64\msvcp140.dll
Event: 0.374 Loaded shared library C:\Users\carol\.openjfx\cache\21.0.6+3\amd64\msvcp140_1.dll
Event: 0.379 Loaded shared library C:\Users\carol\.openjfx\cache\21.0.6+3\amd64\msvcp140_2.dll
Event: 0.401 Loaded shared library C:\Users\carol\.openjfx\cache\21.0.6+3\amd64\prism_d3d.dll
Event: 0.457 Loaded shared library C:\Users\carol\.openjfx\cache\21.0.6+3\amd64\glass.dll
Event: 0.518 Loaded shared library C:\Program Files\Java\jdk-25\bin\jimage.dll
Event: 0.620 Loaded shared library C:\Users\carol\.openjfx\cache\21.0.6+3\amd64\javafx_font.dll

Deoptimization events (20 events):
Event: 119.949 Thread 0x000001b9ca370dc0 Uncommon trap: trap_request=0xffffff45 fr.pc=0x000001b9b69e6ecc relative=0x000000000000164c
Event: 119.949 Thread 0x000001b9ca370dc0 Uncommon trap: reason=unstable_if action=reinterpret pc=0x000001b9b69e6ecc method=com.sun.prism.d3d.D3DResourceFactory.createTexture(Lcom/sun/prism/PixelFormat;Lcom/sun/prism/Texture$Usage;Lcom/sun/prism/Texture$WrapMode;IIZ)Lcom/sun/prism/d3d/D3DTexture;
Event: 119.949 Thread 0x000001b9ca370dc0 DEOPT PACKING pc=0x000001b9b69e6ecc sp=0x00000034553fdc90
Event: 119.949 Thread 0x000001b9ca370dc0 DEOPT UNPACKING pc=0x000001b9b642fc02 sp=0x00000034553fdc58 mode 2
Event: 119.950 Thread 0x000001b9ca370dc0 Uncommon trap: trap_request=0xffffff45 fr.pc=0x000001b9b68f8ad4 relative=0x0000000000000954
Event: 119.950 Thread 0x000001b9ca370dc0 Uncommon trap: reason=unstable_if action=reinterpret pc=0x000001b9b68f8ad4 method=com.sun.prism.impl.BaseResourceFactory.createTexture(Lcom/sun/prism/Image;Lcom/sun/prism/Texture$Usage;Lcom/sun/prism/Texture$WrapMode;Z)Lcom/sun/prism/Texture; @ 45 c2
Event: 119.950 Thread 0x000001b9ca370dc0 DEOPT PACKING pc=0x000001b9b68f8ad4 sp=0x00000034553fdd70
Event: 119.950 Thread 0x000001b9ca370dc0 DEOPT UNPACKING pc=0x000001b9b642fc02 sp=0x00000034553fdc70 mode 2
Event: 119.950 Thread 0x000001b9ca370dc0 Uncommon trap: trap_request=0xfffffff4 fr.pc=0x000001b9b6abe93c relative=0x000000000000079c
Event: 119.950 Thread 0x000001b9ca370dc0 Uncommon trap: reason=null_check action=make_not_entrant pc=0x000001b9b6abe93c method=com.sun.prism.impl.ps.BaseShaderGraphics.drawTexture(Lcom/sun/prism/Texture;FFFFFFFF)V @ 1 c2
Event: 119.950 Thread 0x000001b9ca370dc0 DEOPT PACKING pc=0x000001b9b6abe93c sp=0x00000034553fde00
Event: 119.950 Thread 0x000001b9ca370dc0 DEOPT UNPACKING pc=0x000001b9b642fc02 sp=0x00000034553fdcf0 mode 2
Event: 120.014 Thread 0x000001b9ca370dc0 Uncommon trap: trap_request=0xffffff45 fr.pc=0x000001b9b6b671d8 relative=0x0000000000000258
Event: 120.014 Thread 0x000001b9ca370dc0 Uncommon trap: reason=unstable_if action=reinterpret pc=0x000001b9b6b671d8 method=com.sun.prism.impl.ManagedResource.isLocked()Z @ 4 c2
Event: 120.014 Thread 0x000001b9ca370dc0 DEOPT PACKING pc=0x000001b9b6b671d8 sp=0x00000034553fee10
Event: 120.014 Thread 0x000001b9ca370dc0 DEOPT UNPACKING pc=0x000001b9b642fc02 sp=0x00000034553fed40 mode 2
Event: 120.167 Thread 0x000001b9ca370dc0 DEOPT PACKING pc=0x000001b9af0fcdaf sp=0x00000034553fede0
Event: 120.167 Thread 0x000001b9ca370dc0 DEOPT UNPACKING pc=0x000001b9b6361702 sp=0x00000034553fe298 mode 0
Event: 120.175 Thread 0x000001b9ca370dc0 DEOPT PACKING pc=0x000001b9af0fcdaf sp=0x00000034553fede0
Event: 120.175 Thread 0x000001b9ca370dc0 DEOPT UNPACKING pc=0x000001b9b6361702 sp=0x00000034553fe298 mode 0

Classes loaded (20 events):
Event: 2.316 Loading class java/io/SequenceInputStream
Event: 2.316 Loading class java/io/SequenceInputStream done
Event: 2.419 Loading class java/lang/invoke/TypeConvertingMethodAdapter$1
Event: 2.419 Loading class java/lang/invoke/TypeConvertingMethodAdapter$1 done
Event: 2.419 Loading class java/lang/invoke/TypeConvertingMethodAdapter$BoxHolder
Event: 2.419 Loading class java/lang/invoke/TypeConvertingMethodAdapter$BoxHolder done
Event: 2.493 Loading class java/lang/FdLibm$Hypot
Event: 2.493 Loading class java/lang/FdLibm$Hypot done
Event: 2.524 Loading class java/lang/FdLibm$Acos
Event: 2.524 Loading class java/lang/FdLibm$Acos done
Event: 4.259 Loading class java/lang/foreign/MemorySegment
Event: 4.259 Loading class java/lang/foreign/MemorySegment done
Event: 7.380 Loading class java/lang/Math$RandomNumberGeneratorHolder
Event: 7.380 Loading class java/lang/Math$RandomNumberGeneratorHolder done
Event: 119.959 Loading class java/lang/Throwable$WrappedPrintStream
Event: 119.965 Loading class java/lang/Throwable$PrintStreamOrWriter
Event: 119.974 Loading class java/lang/Throwable$PrintStreamOrWriter done
Event: 119.975 Loading class java/lang/Throwable$WrappedPrintStream done
Event: 119.997 Loading class java/lang/StackTraceElement$HashedModules
Event: 120.000 Loading class java/lang/StackTraceElement$HashedModules done

Classes unloaded (0 events):
No events

Classes redefined (0 events):
No events

Internal exceptions (20 events):
Event: 2.320 Thread 0x000001b9cb0f0260 Exception <a 'sun/nio/fs/WindowsException'{0x00000007131d6508}> (0x00000007131d6508) 
thrown [s\open\src\hotspot\share\prims\jni.cpp, line 516]
Event: 2.386 Thread 0x000001b9cb0f0260 Exception <a 'java/lang/ClassNotFoundException'{0x00000007129590f8}: com/sun/javafx/scene/control/skin/resources/controls> (0x00000007129590f8) 
thrown [s\open\src\hotspot\share\prims\jni.cpp, line 534]
Event: 2.387 Thread 0x000001b9cb0f0260 Exception <a 'java/lang/ClassNotFoundException'{0x0000000712966a48}: com/sun/javafx/scene/control/skin/resources/controls_es> (0x0000000712966a48) 
thrown [s\open\src\hotspot\share\prims\jni.cpp, line 534]
Event: 2.387 Thread 0x000001b9cb0f0260 Exception <a 'java/lang/ClassNotFoundException'{0x0000000712973d40}: com/sun/javafx/scene/control/skin/resources/controls_es_ES> (0x0000000712973d40) 
thrown [s\open\src\hotspot\share\prims\jni.cpp, line 534]
Event: 2.497 Thread 0x000001b9cb0f0260 Exception <a 'java/lang/NoSuchMethodError'{0x000000071120d6d8}: 'void java.lang.invoke.DirectMethodHandle$Holder.invokeSpecial(java.lang.Object, java.lang.Object, int, int)'> (0x000000071120d6d8) 
thrown [s\open\src\hotspot\share\interpreter\linkResolver.cpp, line 804]
Event: 2.498 Thread 0x000001b9cb0f0260 Exception <a 'java/lang/NoSuchMethodError'{0x000000071121d280}: 'java.lang.Object java.lang.invoke.DirectMethodHandle$Holder.newInvokeSpecial(java.lang.Object, java.lang.Object, int, int)'> (0x000000071121d280) 
thrown [s\open\src\hotspot\share\interpreter\linkResolver.cpp, line 804]
Event: 2.631 Thread 0x000001b9ca370dc0 Exception <a 'java/lang/NoSuchMethodError'{0x0000000711052b30}: 'java.lang.Object java.lang.invoke.DirectMethodHandle$Holder.invokeStaticInit(java.lang.Object, int)'> (0x0000000711052b30) 
thrown [s\open\src\hotspot\share\interpreter\linkResolver.cpp, line 804]
Event: 9.658 Thread 0x000001b9cb0f0260 Implicit null exception at 0x000001b9b6a964ed to 0x000001b9b6a968d4
Event: 14.155 Thread 0x000001b9ca370dc0 Implicit null exception at 0x000001b9b6ae1218 to 0x000001b9b6ae13c0
Event: 14.155 Thread 0x000001b9ca370dc0 Implicit null exception at 0x000001b9b6a0969a to 0x000001b9b6a0972c
Event: 14.155 Thread 0x000001b9ca370dc0 Implicit null exception at 0x000001b9b6a093ca to 0x000001b9b6a09414
Event: 14.156 Thread 0x000001b9ca370dc0 Implicit null exception at 0x000001b9b6ae0d07 to 0x000001b9b6ae0f3c
Event: 27.481 Thread 0x000001b9cb0f0260 Exception <a 'java/lang/NoSuchMethodError'{0x00000007143bd958}: 'java.lang.Object java.lang.invoke.DirectMethodHandle$Holder.newInvokeSpecial(java.lang.Object, java.lang.Object, java.lang.Object, int, int, int, int, int)'> (0x00000007143bd958) 
thrown [s\open\src\hotspot\share\interpreter\linkResolver.cpp, line 804]
Event: 43.588 Thread 0x000001b9cb0f0260 Exception <a 'java/lang/NoSuchMethodError'{0x00000007150f1b40}: 'java.lang.Object java.lang.invoke.DirectMethodHandle$Holder.newInvokeSpecial(java.lang.Object, java.lang.Object, java.lang.Object, double, double, double, double, int, int, int, int, int, int, int, int, int)'> (0x00000007150f1b40) 
thrown [s\open\src\hotspot\share\interpreter\linkResolver.cpp, line 804]
Event: 79.352 Thread 0x000001b9ca370dc0 Implicit null exception at 0x000001b9b6a6304d to 0x000001b9b6a63874
Event: 79.353 Thread 0x000001b9ca370dc0 Implicit null exception at 0x000001b9b6b7ed2e to 0x000001b9b6b7eda0
Event: 119.950 Thread 0x000001b9ca370dc0 Implicit null exception at 0x000001b9b68f8560 to 0x000001b9b68f8ab4
Event: 119.950 Thread 0x000001b9ca370dc0 Implicit null exception at 0x000001b9b6abe2a3 to 0x000001b9b6abe900
Event: 119.950 Thread 0x000001b9ca370dc0 Implicit null exception at 0x000001b9af4245a0 to 0x000001b9af425030
Event: 119.951 Thread 0x000001b9ca370dc0 Exception <a 'java/lang/NullPointerException'{0x000000071e619710}> (0x000000071e619710) 
thrown [s\open\src\hotspot\share\runtime\sharedRuntime.cpp, line 681]

VM Operations (20 events):
Event: 88.520 Executing safepoint VM operation: G1CollectForAllocation (G1 Evacuation Pause)
Event: 88.537 Executing safepoint VM operation: G1CollectForAllocation (G1 Evacuation Pause) done
Event: 92.102 Executing safepoint VM operation: G1CollectForAllocation (G1 Evacuation Pause)
Event: 92.126 Executing safepoint VM operation: G1CollectForAllocation (G1 Evacuation Pause) done
Event: 94.360 Executing safepoint VM operation: G1CollectForAllocation (G1 Evacuation Pause)
Event: 94.403 Executing safepoint VM operation: G1CollectForAllocation (G1 Evacuation Pause) done
Event: 97.875 Executing safepoint VM operation: G1CollectForAllocation (G1 Evacuation Pause)
Event: 97.910 Executing safepoint VM operation: G1CollectForAllocation (G1 Evacuation Pause) done
Event: 101.731 Executing safepoint VM operation: G1CollectForAllocation (G1 Evacuation Pause)
Event: 101.750 Executing safepoint VM operation: G1CollectForAllocation (G1 Evacuation Pause) done
Event: 112.611 Executing safepoint VM operation: G1CollectForAllocation (G1 Evacuation Pause)
Event: 112.642 Executing safepoint VM operation: G1CollectForAllocation (G1 Evacuation Pause) done
Event: 120.022 Executing safepoint VM operation: G1TryInitiateConcMark (G1 Humongous Allocation)
Event: 120.068 Executing safepoint VM operation: G1TryInitiateConcMark (G1 Humongous Allocation) done
Event: 120.319 Executing non-safepoint VM operation: HandshakeAllThreads (HandshakeForDeflation)
Event: 120.319 Executing non-safepoint VM operation: HandshakeAllThreads (HandshakeForDeflation) done
Event: 120.319 Executing non-safepoint VM operation: RendezvousGCThreads
Event: 120.319 Executing non-safepoint VM operation: RendezvousGCThreads done
Event: 122.570 Executing safepoint VM operation: G1TryInitiateConcMark (G1 Humongous Allocation)
Event: 122.582 Executing safepoint VM operation: G1TryInitiateConcMark (G1 Humongous Allocation) done

Memory protections (0 events):
No events

Nmethod flushes (20 events):
Event: 87.774 Thread 0x000001b9c5a6e800 flushing  nmethod 0x000001b9af42e708
Event: 87.774 Thread 0x000001b9c5a6e800 flushing  nmethod 0x000001b9af430088
Event: 87.774 Thread 0x000001b9c5a6e800 flushing  nmethod 0x000001b9af448c88
Event: 87.774 Thread 0x000001b9c5a6e800 flushing  nmethod 0x000001b9af44af88
Event: 87.774 Thread 0x000001b9c5a6e800 flushing  nmethod 0x000001b9af44cd08
Event: 87.774 Thread 0x000001b9c5a6e800 flushing  nmethod 0x000001b9af44de08
Event: 87.774 Thread 0x000001b9c5a6e800 flushing  nmethod 0x000001b9af47c388
Event: 87.774 Thread 0x000001b9c5a6e800 flushing  nmethod 0x000001b9af481608
Event: 87.774 Thread 0x000001b9c5a6e800 flushing  nmethod 0x000001b9af4d0e88
Event: 87.774 Thread 0x000001b9c5a6e800 flushing  nmethod 0x000001b9af4d1208
Event: 87.774 Thread 0x000001b9c5a6e800 flushing  nmethod 0x000001b9af50c208
Event: 87.774 Thread 0x000001b9c5a6e800 flushing  nmethod 0x000001b9af510388
Event: 87.774 Thread 0x000001b9c5a6e800 flushing  nmethod 0x000001b9af511308
Event: 87.774 Thread 0x000001b9c5a6e800 flushing  nmethod 0x000001b9af513788
Event: 87.774 Thread 0x000001b9c5a6e800 flushing  nmethod 0x000001b9af514088
Event: 87.774 Thread 0x000001b9c5a6e800 flushing  nmethod 0x000001b9af576c08
Event: 87.774 Thread 0x000001b9c5a6e800 flushing  nmethod 0x000001b9af583e88
Event: 87.774 Thread 0x000001b9c5a6e800 flushing  nmethod 0x000001b9af5c6688
Event: 87.774 Thread 0x000001b9c5a6e800 flushing  nmethod 0x000001b9af5c6988
Event: 87.774 Thread 0x000001b9c5a6e800 flushing  nmethod 0x000001b9af5c7888

Events (20 events):
Event: 10.754 Thread 0x000001b9c5a94b90 Thread added: 0x000001b9d97ae8b0
Event: 10.761 Thread 0x000001b9c5aa50d0 Thread added: 0x000001b9d97b08f0
Event: 11.240 Thread 0x000001b9d97b08f0 Thread exited: 0x000001b9d97b08f0
Event: 11.240 Thread 0x000001b9d97ae8b0 Thread exited: 0x000001b9d97ae8b0
Event: 11.250 Thread 0x000001b9c5aa50d0 Thread added: 0x000001b9d97ae8b0
Event: 11.255 Thread 0x000001b9c5aa50d0 Thread added: 0x000001b9d97ad080
Event: 11.627 Thread 0x000001b9d97ad080 Thread exited: 0x000001b9d97ad080
Event: 11.686 Thread 0x000001b9d97ae8b0 Thread exited: 0x000001b9d97ae8b0
Event: 11.706 Thread 0x000001b9c5aa50d0 Thread added: 0x000001b9d97af8d0
Event: 11.706 Thread 0x000001b9c5aa50d0 Thread added: 0x000001b9d97b00e0
Event: 12.345 Thread 0x000001b9d97b00e0 Thread exited: 0x000001b9d97b00e0
Event: 12.345 Thread 0x000001b9d97af8d0 Thread exited: 0x000001b9d97af8d0
Event: 13.972 Thread 0x000001b9c5aa50d0 Thread added: 0x000001b9d97ac060
Event: 14.496 Thread 0x000001b9d97ac060 Thread exited: 0x000001b9d97ac060
Event: 69.839 Thread 0x000001b9c5aa50d0 Thread added: 0x000001b9d97ac060
Event: 69.839 Thread 0x000001b9c5aa50d0 Thread added: 0x000001b9d97b08f0
Event: 71.637 Thread 0x000001b9d97b08f0 Thread exited: 0x000001b9d97b08f0
Event: 71.672 Thread 0x000001b9d97ac060 Thread exited: 0x000001b9d97ac060
Event: 83.420 Thread 0x000001b9c5aa50d0 Thread added: 0x000001b9d97ad080
Event: 84.050 Thread 0x000001b9d97ad080 Thread exited: 0x000001b9d97ad080


Dynamic libraries:
0x00007ff7639d0000 - 0x00007ff7639e0000 	C:\Program Files\Java\jdk-25\bin\java.exe
0x00007ff930580000 - 0x00007ff9307e7000 	C:\WINDOWS\SYSTEM32\ntdll.dll
0x00007ff92ed20000 - 0x00007ff92ede9000 	C:\WINDOWS\System32\KERNEL32.DLL
0x00007ff92dae0000 - 0x00007ff92ded7000 	C:\WINDOWS\System32\KERNELBASE.dll
0x00007ff92cfe0000 - 0x00007ff92d12b000 	C:\WINDOWS\System32\ucrtbase.dll
0x00007ff911650000 - 0x00007ff91166e000 	C:\Program Files\Java\jdk-25\bin\VCRUNTIME140.dll
0x00007ff911730000 - 0x00007ff911747000 	C:\Program Files\Java\jdk-25\bin\jli.dll
0x00007ff92f510000 - 0x00007ff92f6d6000 	C:\WINDOWS\System32\USER32.dll
0x00007ff92cfb0000 - 0x00007ff92cfd7000 	C:\WINDOWS\System32\win32u.dll
0x00007ff90c930000 - 0x00007ff90cbc2000 	C:\WINDOWS\WinSxS\amd64_microsoft.windows.common-controls_6595b64144ccf1df_6.0.26100.8457_none_3e0b2faee331e92d\COMCTL32.dll
0x00007ff930510000 - 0x00007ff93053b000 	C:\WINDOWS\System32\GDI32.dll
0x00007ff92f3a0000 - 0x00007ff92f449000 	C:\WINDOWS\System32\msvcrt.dll
0x00007ff92e060000 - 0x00007ff92e18c000 	C:\WINDOWS\System32\gdi32full.dll
0x00007ff92d130000 - 0x00007ff92d1d3000 	C:\WINDOWS\System32\msvcp_win.dll
0x00007ff92ee80000 - 0x00007ff92eeb2000 	C:\WINDOWS\System32\IMM32.DLL
0x00007ff912760000 - 0x00007ff91276c000 	C:\Program Files\Java\jdk-25\bin\vcruntime140_1.dll
0x00007ff8f5040000 - 0x00007ff8f50cd000 	C:\Program Files\Java\jdk-25\bin\msvcp140.dll
0x00007ff86e4c0000 - 0x00007ff86f31f000 	C:\Program Files\Java\jdk-25\bin\server\jvm.dll
0x00007ff92f450000 - 0x00007ff92f506000 	C:\WINDOWS\System32\ADVAPI32.dll
0x00007ff92ea80000 - 0x00007ff92eb27000 	C:\WINDOWS\System32\sechost.dll
0x00007ff92e300000 - 0x00007ff92e418000 	C:\WINDOWS\System32\RPCRT4.dll
0x00007ff92edf0000 - 0x00007ff92ee70000 	C:\WINDOWS\System32\WS2_32.dll
0x00007ff92ce30000 - 0x00007ff92ce8e000 	C:\WINDOWS\SYSTEM32\POWRPROF.dll
0x00007ff91c9c0000 - 0x00007ff91c9cb000 	C:\WINDOWS\SYSTEM32\VERSION.dll
0x00007ff921ee0000 - 0x00007ff921f16000 	C:\WINDOWS\SYSTEM32\WINMM.dll
0x00007ff92cdf0000 - 0x00007ff92ce04000 	C:\WINDOWS\SYSTEM32\UMPDC.dll
0x00007ff92bd40000 - 0x00007ff92bd5b000 	C:\WINDOWS\SYSTEM32\kernel.appcore.dll
0x00007ff911640000 - 0x00007ff91164a000 	C:\Program Files\Java\jdk-25\bin\jimage.dll
0x00007ff92aed0000 - 0x00007ff92b112000 	C:\WINDOWS\SYSTEM32\DBGHELP.DLL
0x00007ff92e580000 - 0x00007ff92e903000 	C:\WINDOWS\System32\combase.dll
0x00007ff92e4a0000 - 0x00007ff92e579000 	C:\WINDOWS\System32\OLEAUT32.dll
0x00007ff90a8a0000 - 0x00007ff90a8db000 	C:\WINDOWS\SYSTEM32\dbgcore.DLL
0x00007ff92e190000 - 0x00007ff92e238000 	C:\WINDOWS\System32\bcryptPrimitives.dll
0x00007ff909980000 - 0x00007ff90999f000 	C:\Program Files\Java\jdk-25\bin\java.dll
0x00007ff92eb30000 - 0x00007ff92ecc7000 	C:\WINDOWS\System32\ole32.dll
0x00007ff92f6e0000 - 0x00007ff92fe4e000 	C:\WINDOWS\System32\SHELL32.dll
0x00007ff92d1e0000 - 0x00007ff92da4c000 	C:\WINDOWS\System32\windows.storage.dll
0x00007ff92fe60000 - 0x00007ff92ff56000 	C:\WINDOWS\System32\SHCORE.dll
0x00007ff92f1a0000 - 0x00007ff92f206000 	C:\WINDOWS\System32\shlwapi.dll
0x00007ff92ced0000 - 0x00007ff92cef9000 	C:\WINDOWS\SYSTEM32\profapi.dll
0x00007ff909940000 - 0x00007ff909952000 	C:\Program Files\Java\jdk-25\bin\net.dll
0x00007ff92c2b0000 - 0x00007ff92c31c000 	C:\WINDOWS\system32\mswsock.dll
0x00007ff909920000 - 0x00007ff909936000 	C:\Program Files\Java\jdk-25\bin\nio.dll
0x00007ff909690000 - 0x00007ff9096a7000 	C:\Program Files\Java\jdk-25\bin\zip.dll
0x000001b9a4390000 - 0x000001b9a4393000 	C:\Users\carol\.openjfx\cache\21.0.6+3\amd64\api-ms-win-core-console-l1-1-0.dll
0x000001b9a43a0000 - 0x000001b9a43a3000 	C:\Users\carol\.openjfx\cache\21.0.6+3\amd64\api-ms-win-core-console-l1-2-0.dll
0x000001b9a43b0000 - 0x000001b9a43b3000 	C:\Users\carol\.openjfx\cache\21.0.6+3\amd64\api-ms-win-core-datetime-l1-1-0.dll
0x000001b9a43c0000 - 0x000001b9a43c3000 	C:\Users\carol\.openjfx\cache\21.0.6+3\amd64\api-ms-win-core-debug-l1-1-0.dll
0x000001b9a43d0000 - 0x000001b9a43d3000 	C:\Users\carol\.openjfx\cache\21.0.6+3\amd64\api-ms-win-core-errorhandling-l1-1-0.dll
0x000001b9a43e0000 - 0x000001b9a43e4000 	C:\Users\carol\.openjfx\cache\21.0.6+3\amd64\api-ms-win-core-file-l1-1-0.dll
0x000001b9a4740000 - 0x000001b9a4743000 	C:\Users\carol\.openjfx\cache\21.0.6+3\amd64\api-ms-win-core-file-l1-2-0.dll
0x000001b9a4750000 - 0x000001b9a4753000 	C:\Users\carol\.openjfx\cache\21.0.6+3\amd64\api-ms-win-core-file-l2-1-0.dll
0x000001b9a4760000 - 0x000001b9a4763000 	C:\Users\carol\.openjfx\cache\21.0.6+3\amd64\api-ms-win-core-handle-l1-1-0.dll
0x000001b9a64e0000 - 0x000001b9a64e3000 	C:\Users\carol\.openjfx\cache\21.0.6+3\amd64\api-ms-win-core-heap-l1-1-0.dll
0x000001b9a64f0000 - 0x000001b9a64f3000 	C:\Users\carol\.openjfx\cache\21.0.6+3\amd64\api-ms-win-core-interlocked-l1-1-0.dll
0x000001b9a6500000 - 0x000001b9a6503000 	C:\Users\carol\.openjfx\cache\21.0.6+3\amd64\api-ms-win-core-libraryloader-l1-1-0.dll
0x000001b9a6510000 - 0x000001b9a6513000 	C:\Users\carol\.openjfx\cache\21.0.6+3\amd64\api-ms-win-core-localization-l1-2-0.dll
0x000001b9c5fb0000 - 0x000001b9c5fb3000 	C:\Users\carol\.openjfx\cache\21.0.6+3\amd64\api-ms-win-core-memory-l1-1-0.dll
0x000001b9c5fc0000 - 0x000001b9c5fc3000 	C:\Users\carol\.openjfx\cache\21.0.6+3\amd64\api-ms-win-core-namedpipe-l1-1-0.dll
0x000001b9c5fd0000 - 0x000001b9c5fd3000 	C:\Users\carol\.openjfx\cache\21.0.6+3\amd64\api-ms-win-core-processenvironment-l1-1-0.dll
0x000001b9c5fe0000 - 0x000001b9c5fe3000 	C:\Users\carol\.openjfx\cache\21.0.6+3\amd64\api-ms-win-core-processthreads-l1-1-0.dll
0x000001b9c5ff0000 - 0x000001b9c5ff3000 	C:\Users\carol\.openjfx\cache\21.0.6+3\amd64\api-ms-win-core-processthreads-l1-1-1.dll
0x000001b9cac00000 - 0x000001b9cac03000 	C:\Users\carol\.openjfx\cache\21.0.6+3\amd64\api-ms-win-core-profile-l1-1-0.dll
0x000001b9cac10000 - 0x000001b9cac13000 	C:\Users\carol\.openjfx\cache\21.0.6+3\amd64\api-ms-win-core-rtlsupport-l1-1-0.dll
0x000001b9cac20000 - 0x000001b9cac23000 	C:\Users\carol\.openjfx\cache\21.0.6+3\amd64\api-ms-win-core-string-l1-1-0.dll
0x000001b9cac30000 - 0x000001b9cac33000 	C:\Users\carol\.openjfx\cache\21.0.6+3\amd64\api-ms-win-core-synch-l1-1-0.dll
0x000001b9cac40000 - 0x000001b9cac43000 	C:\Users\carol\.openjfx\cache\21.0.6+3\amd64\api-ms-win-core-synch-l1-2-0.dll
0x000001b9cac50000 - 0x000001b9cac53000 	C:\Users\carol\.openjfx\cache\21.0.6+3\amd64\api-ms-win-core-sysinfo-l1-1-0.dll
0x000001b9cac60000 - 0x000001b9cac63000 	C:\Users\carol\.openjfx\cache\21.0.6+3\amd64\api-ms-win-core-timezone-l1-1-0.dll
0x000001b9cac70000 - 0x000001b9cac73000 	C:\Users\carol\.openjfx\cache\21.0.6+3\amd64\api-ms-win-core-util-l1-1-0.dll
0x000001b9cac80000 - 0x000001b9cac83000 	C:\Users\carol\.openjfx\cache\21.0.6+3\amd64\api-ms-win-crt-conio-l1-1-0.dll
0x000001b9cac90000 - 0x000001b9cac94000 	C:\Users\carol\.openjfx\cache\21.0.6+3\amd64\api-ms-win-crt-convert-l1-1-0.dll
0x000001b9caca0000 - 0x000001b9caca3000 	C:\Users\carol\.openjfx\cache\21.0.6+3\amd64\api-ms-win-crt-environment-l1-1-0.dll
0x000001b9cacb0000 - 0x000001b9cacb3000 	C:\Users\carol\.openjfx\cache\21.0.6+3\amd64\api-ms-win-crt-filesystem-l1-1-0.dll
0x000001b9cacc0000 - 0x000001b9cacc3000 	C:\Users\carol\.openjfx\cache\21.0.6+3\amd64\api-ms-win-crt-heap-l1-1-0.dll
0x000001b9cacd0000 - 0x000001b9cacd3000 	C:\Users\carol\.openjfx\cache\21.0.6+3\amd64\api-ms-win-crt-locale-l1-1-0.dll
0x000001b9cace0000 - 0x000001b9cace5000 	C:\Users\carol\.openjfx\cache\21.0.6+3\amd64\api-ms-win-crt-math-l1-1-0.dll
0x000001b9cacf0000 - 0x000001b9cacf5000 	C:\Users\carol\.openjfx\cache\21.0.6+3\amd64\api-ms-win-crt-multibyte-l1-1-0.dll
0x000001b9cad00000 - 0x000001b9cad10000 	C:\Users\carol\.openjfx\cache\21.0.6+3\amd64\api-ms-win-crt-private-l1-1-0.dll
0x000001b9cad10000 - 0x000001b9cad13000 	C:\Users\carol\.openjfx\cache\21.0.6+3\amd64\api-ms-win-crt-process-l1-1-0.dll
0x000001b9cad20000 - 0x000001b9cad24000 	C:\Users\carol\.openjfx\cache\21.0.6+3\amd64\api-ms-win-crt-runtime-l1-1-0.dll
0x000001b9cad30000 - 0x000001b9cad34000 	C:\Users\carol\.openjfx\cache\21.0.6+3\amd64\api-ms-win-crt-stdio-l1-1-0.dll
0x000001b9cad40000 - 0x000001b9cad44000 	C:\Users\carol\.openjfx\cache\21.0.6+3\amd64\api-ms-win-crt-string-l1-1-0.dll
0x000001b9cad50000 - 0x000001b9cad53000 	C:\Users\carol\.openjfx\cache\21.0.6+3\amd64\api-ms-win-crt-time-l1-1-0.dll
0x000001b9cad60000 - 0x000001b9cad63000 	C:\Users\carol\.openjfx\cache\21.0.6+3\amd64\api-ms-win-crt-utility-l1-1-0.dll
0x00007ff8f3730000 - 0x00007ff8f382c000 	C:\Users\carol\.openjfx\cache\21.0.6+3\amd64\ucrtbase.dll
0x00007ff907f50000 - 0x00007ff907f6b000 	C:\Users\carol\.openjfx\cache\21.0.6+3\amd64\vcruntime140.dll
0x00007ff9096d0000 - 0x00007ff9096dc000 	C:\Users\carol\.openjfx\cache\21.0.6+3\amd64\vcruntime140_1.dll
0x00007ff8f4c20000 - 0x00007ff8f4cae000 	C:\Users\carol\.openjfx\cache\21.0.6+3\amd64\msvcp140.dll
0x00007ff909200000 - 0x00007ff909209000 	C:\Users\carol\.openjfx\cache\21.0.6+3\amd64\msvcp140_1.dll
0x00007ff8fdaa0000 - 0x00007ff8fdae1000 	C:\Users\carol\.openjfx\cache\21.0.6+3\amd64\msvcp140_2.dll
0x00007ff902740000 - 0x00007ff902770000 	C:\Users\carol\.openjfx\cache\21.0.6+3\amd64\prism_d3d.dll
0x00007ff907560000 - 0x00007ff907713000 	C:\WINDOWS\system32\d3d9.dll
0x00007ff928150000 - 0x00007ff92817f000 	C:\WINDOWS\SYSTEM32\dwmapi.dll
0x00007ff927f90000 - 0x00007ff927fd5000 	C:\WINDOWS\SYSTEM32\dxcore.dll
0x00007ff927eb0000 - 0x00007ff927f5a000 	C:\WINDOWS\system32\uxtheme.dll
0x00007ff8a9ff0000 - 0x00007ff8aa0b0000 	C:\WINDOWS\SYSTEM32\d3d9on12.dll
0x00007ff8a3830000 - 0x00007ff8a3855000 	C:\WINDOWS\SYSTEM32\d3d12.dll
0x00007ff927fe0000 - 0x00007ff92811e000 	C:\WINDOWS\SYSTEM32\dxgi.dll
0x00007ff92cb20000 - 0x00007ff92cb71000 	C:\WINDOWS\SYSTEM32\cfgmgr32.dll
0x00007ff8a34d0000 - 0x00007ff8a3828000 	C:\WINDOWS\SYSTEM32\D3D12Core.dll
0x00007ff8a33d0000 - 0x00007ff8a34c3000 	C:\WINDOWS\System32\DriverStore\FileRepository\iigd_dch.inf_amd64_3a1075f314aa12bf\igd12umd64.dll
0x00007ff8583a0000 - 0x00007ff859625000 	C:\WINDOWS\System32\DriverStore\FileRepository\iigd_dch.inf_amd64_3a1075f314aa12bf\igd12um64xel.dll
0x00007ff92dee0000 - 0x00007ff92e058000 	C:\WINDOWS\System32\CRYPT32.dll
0x00007ff92cea0000 - 0x00007ff92ceca000 	C:\WINDOWS\SYSTEM32\bcrypt.dll
0x00007ff91ac80000 - 0x00007ff91adf8000 	C:\WINDOWS\SYSTEM32\drvstore.dll
0x00007ff8a3320000 - 0x00007ff8a3346000 	C:\WINDOWS\System32\DriverStore\FileRepository\iigd_dch.inf_amd64_3a1075f314aa12bf\igdext64.dll
0x00007ff8932b0000 - 0x00007ff8932f9000 	C:\WINDOWS\SYSTEM32\ControlLib.dll
0x00007ff921d60000 - 0x00007ff921df1000 	C:\WINDOWS\System32\DriverStore\FileRepository\iigd_dch.inf_amd64_3a1075f314aa12bf\IntelControlLib.dll
0x00007ff9255d0000 - 0x00007ff925631000 	C:\WINDOWS\SYSTEM32\directxdatabasehelper.dll
0x00007ff921650000 - 0x00007ff921a8e000 	C:\WINDOWS\System32\DriverStore\FileRepository\iigd_dch.inf_amd64_3a1075f314aa12bf\igdgmm64.dll
0x00007ff91cfc0000 - 0x00007ff921014000 	C:\WINDOWS\System32\DriverStore\FileRepository\iigd_dch.inf_amd64_3a1075f314aa12bf\igc64.dll
0x00007ff8a3230000 - 0x00007ff8a3315000 	C:\WINDOWS\SYSTEM32\D3DSCache.dll
0x00007ff92c360000 - 0x00007ff92c393000 	C:\WINDOWS\SYSTEM32\USERENV.dll
0x00007ff8a2f20000 - 0x00007ff8a322c000 	C:\WINDOWS\System32\DriverStore\FileRepository\iigd_dch.inf_amd64_3a1075f314aa12bf\igd12dxva64.dll
0x00007ff930070000 - 0x00007ff9304f7000 	C:\WINDOWS\System32\SETUPAPI.dll
0x00007ff8b0b80000 - 0x00007ff8b1d5d000 	C:\WINDOWS\System32\DriverStore\FileRepository\iigd_dch.inf_amd64_3a1075f314aa12bf\igddxvacommon64.dll
0x00007ff8aee50000 - 0x00007ff8b0b7b000 	C:\WINDOWS\System32\DriverStore\FileRepository\iigd_dch.inf_amd64_3a1075f314aa12bf\media_bin_64.dll
0x00007ff8b3370000 - 0x00007ff8b3397000 	C:\WINDOWS\System32\DriverStore\FileRepository\iigd_dch.inf_amd64_3a1075f314aa12bf\igdinfo64.dll
0x00007ff8fcd40000 - 0x00007ff8fcd82000 	C:\Users\carol\.openjfx\cache\21.0.6+3\amd64\glass.dll
0x00007ff92f0a0000 - 0x00007ff92f190000 	C:\WINDOWS\System32\COMDLG32.dll
0x00007ff92e910000 - 0x00007ff92ea6c000 	C:\WINDOWS\System32\MSCTF.dll
0x00007ff901320000 - 0x00007ff901335000 	C:\Users\carol\.openjfx\cache\21.0.6+3\amd64\javafx_font.dll
0x00007ff9265b0000 - 0x00007ff926817000 	C:\WINDOWS\SYSTEM32\dwrite.dll
0x00007ff92f2e0000 - 0x00007ff92f38e000 	C:\WINDOWS\System32\clbcatq.dll
0x00007ff926380000 - 0x00007ff9265ad000 	C:\WINDOWS\SYSTEM32\WindowsCodecs.dll
0x00007ff8e6ff0000 - 0x00007ff8e704a000 	C:\WINDOWS\system32\dataexchange.dll
0x00007ff9220c0000 - 0x00007ff92230e000 	C:\WINDOWS\system32\twinapi.appcore.dll

JVMTI agents: none

dbghelp: loaded successfully - version: 4.0.5 - missing functions: none
symbol engine: initialized successfully - sym options: 0x614 - pdb path: .;C:\Program Files\Java\jdk-25\bin;C:\WINDOWS\SYSTEM32;C:\WINDOWS\WinSxS\amd64_microsoft.windows.common-controls_6595b64144ccf1df_6.0.26100.8457_none_3e0b2faee331e92d;C:\Program Files\Java\jdk-25\bin\server;C:\Users\carol\.openjfx\cache\21.0.6+3\amd64;C:\WINDOWS\System32\DriverStore\FileRepository\iigd_dch.inf_amd64_3a1075f314aa12bf;C:\Program Files\Common Files\Microsoft Shared\Ink

VM Arguments:
jvm_args: -Dfile.encoding=IBM850 --module-path=C:\Users\carol\IdeaProjects\JuegoPracticaFinal\target\classes;C:\Users\carol\.m2\repository\ch\qos\logback\logback-classic\1.5.18\logback-classic-1.5.18.jar;C:\Users\carol\.m2\repository\ch\qos\logback\logback-core\1.5.18\logback-core-1.5.18.jar;C:\Users\carol\.m2\repository\com\dlsc\formsfx\formsfx-core\11.6.0\formsfx-core-11.6.0.jar;C:\Users\carol\.m2\repository\com\fasterxml\jackson\core\jackson-annotations\2.14.2\jackson-annotations-2.14.2.jar;C:\Users\carol\.m2\repository\com\fasterxml\jackson\core\jackson-core\2.14.2\jackson-core-2.14.2.jar;C:\Users\carol\.m2\repository\com\fasterxml\jackson\core\jackson-databind\2.14.2\jackson-databind-2.14.2.jar;C:\Users\carol\.m2\repository\com\github\almasb\fxgl\17.3\fxgl-17.3.jar;C:\Users\carol\.m2\repository\com\github\almasb\fxgl-core\17.3\fxgl-core-17.3.jar;C:\Users\carol\.m2\repository\com\github\almasb\fxgl-entity\17.3\fxgl-entity-17.3.jar;C:\Users\carol\.m2\repository\com\github\almasb\fxgl-gameplay\17.3\fxgl-gameplay-17.3.jar;C:\Users\carol\.m2\repository\com\github\almasb\fxgl-io\17.3\fxgl-io-17.3.jar;C:\Users\carol\.m2\repository\com\github\almasb\fxgl-scene\17.3\fxgl-scene-17.3.jar;C:\Users\carol\.m2\repository\com\gluonhq\attach\audio\4.0.17\audio-4.0.17.jar;C:\Users\carol\.m2\repository\com\gluonhq\attach\lifecycle\4.0.17\lifecycle-4.0.17.jar;C:\Users\carol\.m2\repository\com\gluonhq\attach\storage\4.0.17\storage-4.0.17.jar;C:\Users\carol\.m2\repository\com\gluonhq\attach\util\4.0.17\util-4.0.17.jar;C:\Users\carol\.m2\repository\com\google\code\gson\gson\2.10.1\gson-2.10.1.jar;C:\Users\carol\.m2\repository\eu\hansolo\tilesfx\21.0.9\tilesfx-21.0.9.jar;C:\Users\carol\.m2\repository\eu\hansolo\toolbox\21.0.9\toolbox-21.0.9.jar;C:\Users\carol\.m2\repository\eu\hansolo\toolboxfx\21.0.5\toolboxfx-21.0.5.jar;C:\Users\carol\.m2\repository\eu\hansolo\fx\countries\21.0.17\countries-21.0.17.jar;C:\Users\carol\.m2\repository\eu\hansolo\fx\heatmap\21.0.5\heatmap-21.0.5.jar;C:\Users\carol\.m2\repository\net\s--add-modules=jueguito.juegopracticafinal -Djdk.module.main=jueguito.juegopracticafinal 
java_command: jueguito.juegopracticafinal/jueguito.juegopracticafinal.App.Launcher
java_class_path (initial): C:\Users\carol\.m2\repository\org\jetbrains\kotlin\kotlin-stdlib-common\1.8.10\kotlin-stdlib-common-1.8.10.jar;C:\Users\carol\.m2\repository\org\openjfx\javafx-base\21.0.6\javafx-base-21.0.6.jar;C:\Users\carol\.m2\repository\org\openjfx\javafx-controls\21.0.6\javafx-controls-21.0.6.jar;C:\Users\carol\.m2\repository\org\openjfx\javafx-fxml\21.0.6\javafx-fxml-21.0.6.jar;C:\Users\carol\.m2\repository\org\openjfx\javafx-graphics\21.0.6\javafx-graphics-21.0.6.jar;C:\Users\carol\.m2\repository\org\openjfx\javafx-media\21.0.6\javafx-media-21.0.6.jar;C:\Users\carol\.m2\repository\org\openjfx\javafx-swing\21.0.6\javafx-swing-21.0.6.jar;C:\Users\carol\.m2\repository\org\openjfx\javafx-web\21.0.6\javafx-web-21.0.6.jar
Launcher Type: SUN_STANDARD

[Global flags]
     intx CICompilerCount                          = 4                                         {product} {ergonomic}
     uint ConcGCThreads                            = 3                                         {product} {ergonomic}
     uint G1ConcRefinementThreads                  = 10                                        {product} {ergonomic}
   size_t G1HeapRegionSize                         = 2097152                                   {product} {ergonomic}
   size_t InitialHeapSize                          = 264241152                                 {product} {ergonomic}
   size_t MarkStackSize                            = 4194304                                   {product} {ergonomic}
   size_t MarkStackSizeMax                         = 536870912                                 {product} {ergonomic}
   size_t MaxHeapSize                              = 4202692608                                {product} {ergonomic}
   size_t MaxNewSize                               = 2520776704                                {product} {ergonomic}
   size_t MinHeapDeltaBytes                        = 2097152                                   {product} {ergonomic}
   size_t MinHeapSize                              = 8388608                                   {product} {ergonomic}
    uintx NonNMethodCodeHeapSize                   = 5832704                                {pd product} {ergonomic}
    uintx NonProfiledCodeHeapSize                  = 122945536                              {pd product} {ergonomic}
    uintx ProfiledCodeHeapSize                     = 122880000                              {pd product} {ergonomic}
    uintx ReservedCodeCacheSize                    = 251658240                              {pd product} {ergonomic}
     bool SegmentedCodeCache                       = true                                      {product} {ergonomic}
   size_t SoftMaxHeapSize                          = 4202692608                             {manageable} {ergonomic}
     bool UseCompressedOops                        = true                           {product lp64_product} {ergonomic}
     bool UseG1GC                                  = true                                      {product} {ergonomic}
     bool UseLargePagesIndividualAllocation        = false                                  {pd product} {ergonomic}

Logging:
Log output configuration:
 #0: stdout all=warning uptime,level,tags foldmultilines=false
 #1: stderr all=off uptime,level,tags foldmultilines=false

Release file:
IMPLEMENTOR="Oracle Corporation" 
JAVA_RUNTIME_VERSION="25.0.1+8-LTS-27" 
JAVA_VERSION="25.0.1" 
JAVA_VERSION_DATE="2025-10-21" 
LIBC="default" 
MODULES="java.base java.compiler java.datatransfer java.xml java.prefs java.desktop java.instrument java.logging java.management java.security.sasl java.naming java.rmi java.management.rmi java.net.http java.scripting java.security.jgss java.transaction.xa java.sql java.sql.rowset java.xml.crypto java.se java.smartcardio jdk.accessibility jdk.internal.jvmstat jdk.attach jdk.charsets jdk.internal.opt jdk.zipfs jdk.compiler jdk.crypto.cryptoki jdk.crypto.ec jdk.crypto.mscapi jdk.dynalink jdk.internal.ed jdk.editpad jdk.internal.vm.ci jdk.graal.compiler jdk.graal.compiler.management jdk.hotspot.agent jdk.httpserver jdk.incubator.vector jdk.internal.le jdk.internal.md jdk.jartool jdk.javadoc jdk.jcmd jdk.management jdk.management.agent jdk.jconsole jdk.jdeps jdk.jdwp.agent jdk.jdi jdk.jfr jdk.jlink jdk.jpackage jdk.jshell jdk.jsobject jdk.jstatd jdk.localedata jdk.management.jfr jdk.naming.dns jdk.naming.rmi jdk.net jdk.nio.mapmode jdk.sctp jdk.security.auth jdk.security.jgss jdk.unsupported jdk.unsupported.desktop jdk.xml.dom" 
OS_ARCH="x86_64" 
OS_NAME="Windows" 
SOURCE=".:git:862c85bc42b7 open:git:78770bfaefd2" 

Environment Variables:
JAVA_HOME=C:\Program Files\Java\jdk-25
JAVA_TOOL_OPTIONS=-Dfile.encoding=IBM850
PATH=C:\Program Files\Common Files\Oracle\Java\javapath;C:\WINDOWS\system32;C:\WINDOWS;C:\WINDOWS\System32\Wbem;C:\WINDOWS\System32\WindowsPowerShell\v1.0\;C:\WINDOWS\System32\OpenSSH\;C:\Program Files\Git\cmd;C:\Users\carol\AppData\Local\Programs\Python\Launcher\;C:\Users\carol\AppData\Local\Microsoft\WindowsApps;C:\Users\carol\AppData\Local\Programs\Microsoft VS Code\bin;;C:\Users\carol\.lmstudio\bin
USERNAME=carol
OS=Windows_NT
PROCESSOR_IDENTIFIER=Intel64 Family 6 Model 186 Stepping 3, GenuineIntel
TMP=C:\Users\carol\AppData\Local\Temp
TEMP=C:\Users\carol\AppData\Local\Temp




Compilation memory statistics disabled.

Periodic native trim disabled

---------------  S Y S T E M  ---------------

OS:
 Windows 11 , 64 bit Build 26100 (10.0.26100.8328)
OS uptime: 8 days 7:20 hours
Hyper-V role detected

CPU: total 12 (initial active 12) (6 cores per cpu, 2 threads per core) family 6 model 186 stepping 3 microcode 0x4114, cx8, cmov, fxsr, ht, mmx, 3dnowpref, sse, sse2, sse3, ssse3, sse4.1, sse4.2, popcnt, lzcnt, tsc, tscinvbit, avx, avx2, aes, erms, clmul, bmi1, bmi2, adx, sha, fma, vzeroupper, clflush, clflushopt, clwb, hv, serialize, rdtscp, rdpid, fsrm, gfni, f16c, cet_ibt, cet_ss
Processor Information for processor 0
  Max Mhz: 1700, Current Mhz: 1700, Mhz Limit: 1700
Processor Information for processor 1
  Max Mhz: 1700, Current Mhz: 1700, Mhz Limit: 1700
Processor Information for processor 2
  Max Mhz: 1700, Current Mhz: 1700, Mhz Limit: 1700
Processor Information for processor 3
  Max Mhz: 1700, Current Mhz: 1700, Mhz Limit: 1700
Processor Information for processor 4
  Max Mhz: 1700, Current Mhz: 1200, Mhz Limit: 1190
Processor Information for processor 5
  Max Mhz: 1700, Current Mhz: 1200, Mhz Limit: 1190
Processor Information for processor 6
  Max Mhz: 1700, Current Mhz: 1200, Mhz Limit: 1190
Processor Information for processor 7
  Max Mhz: 1700, Current Mhz: 1200, Mhz Limit: 1190
Processor Information for processor 8
  Max Mhz: 1700, Current Mhz: 1200, Mhz Limit: 1190
Processor Information for processor 9
  Max Mhz: 1700, Current Mhz: 1200, Mhz Limit: 1190
Processor Information for processor 10
  Max Mhz: 1700, Current Mhz: 1200, Mhz Limit: 1190
Processor Information for processor 11
  Max Mhz: 1700, Current Mhz: 1200, Mhz Limit: 1190

Memory: 4k page, system-wide physical 16024M (1017M free)
TotalPageFile size 32341M (AvailPageFile size 243M)
current process WorkingSet (physical memory assigned to process): 5459M, peak: 5459M
current process commit charge ("private bytes"): 11004M, peak: 11004M

vm_info: Java HotSpot(TM) 64-Bit Server VM (25.0.1+8-LTS-27) for windows-amd64 JRE (25.0.1+8-LTS-27), built on 2025-09-25T16:41:16Z with unknown MS VC++:1943

END.
