#
# A fatal error has been detected by the Java Runtime Environment:
#
#  EXCEPTION_ACCESS_VIOLATION (0xc0000005) at pc=0x00007ff8aa048d6b, pid=16548, tid=40384
#
# JRE version: Java(TM) SE Runtime Environment (25.0.1+8) (build 25.0.1+8-LTS-27)
# Java VM: Java HotSpot(TM) 64-Bit Server VM (25.0.1+8-LTS-27, mixed mode, sharing, tiered, compressed oops, compressed class ptrs, g1 gc, windows-amd64)
# Problematic frame:
# C  [d3d9on12.dll+0x58d6b]
#
# No core dump will be written. Minidumps are not enabled by default on client versions of Windows
#
# If you would like to submit a bug report, please visit:
#   https://bugreport.java.com/bugreport/crash.jsp
# The crash happened outside the Java Virtual Machine in native code.
# See problematic frame for where to report the bug.
#

---------------  S U M M A R Y ------------

Command Line: -Dfile.encoding=IBM850 --module-path=C:\Users\carol\IdeaProjects\JuegoPracticaFinal\target\classes;C:\Users\carol\.m2\repository\ch\qos\logback\logback-classic\1.5.18\logback-classic-1.5.18.jar;C:\Users\carol\.m2\repository\ch\qos\logback\logback-core\1.5.18\logback-core-1.5.18.jar;C:\Users\carol\.m2\repository\com\dlsc\formsfx\formsfx-core\11.6.0\formsfx-core-11.6.0.jar;C:\Users\carol\.m2\repository\com\fasterxml\jackson\core\jackson-annotations\2.14.2\jackson-annotations-2.14.2.jar;C:\Users\carol\.m2\repository\com\fasterxml\jackson\core\jackson-core\2.14.2\jackson-core-2.14.2.jar;C:\Users\carol\.m2\repository\com\fasterxml\jackson\core\jackson-databind\2.14.2\jackson-databind-2.14.2.jar;C:\Users\carol\.m2\repository\com\github\almasb\fxgl\17.3\fxgl-17.3.jar;C:\Users\carol\.m2\repository\com\github\almasb\fxgl-core\17.3\fxgl-core-17.3.jar;C:\Users\carol\.m2\repository\com\github\almasb\fxgl-entity\17.3\fxgl-entity-17.3.jar;C:\Users\carol\.m2\repository\com\github\almasb\fxgl-gameplay\17.3\fxgl-gameplay-17.3.jar;C:\Users\carol\.m2\repository\com\github\almasb\fxgl-io\17.3\fxgl-io-17.3.jar;C:\Users\carol\.m2\repository\com\github\almasb\fxgl-scene\17.3\fxgl-scene-17.3.jar;C:\Users\carol\.m2\repository\com\gluonhq\attach\audio\4.0.17\audio-4.0.17.jar;C:\Users\carol\.m2\repository\com\gluonhq\attach\lifecycle\4.0.17\lifecycle-4.0.17.jar;C:\Users\carol\.m2\repository\com\gluonhq\attach\storage\4.0.17\storage-4.0.17.jar;C:\Users\carol\.m2\repository\com\gluonhq\attach\util\4.0.17\util-4.0.17.jar;C:\Users\carol\.m2\repository\com\google\code\gson\gson\2.10.1\gson-2.10.1.jar;C:\Users\carol\.m2\repository\eu\hansolo\tilesfx\21.0.9\tilesfx-21.0.9.jar;C:\Users\carol\.m2\repository\eu\hansolo\toolbox\21.0.9\toolbox-21.0.9.jar;C:\Users\carol\.m2\repository\eu\hansolo\toolboxfx\21.0.5\toolboxfx-21.0.5.jar;C:\Users\carol\.m2\repository\eu\hansolo\fx\countries\21.0.17\countries-21.0.17.jar;C:\Users\carol\.m2\repository\eu\hansolo\fx\heatmap\21.0.5\heatmap-21.0.5.jar;C:\Users\carol\.m2\repository\net\s--add-modules=jueguito.juegopracticafinal -Djdk.module.main=jueguito.juegopracticafinal jueguito.juegopracticafinal/jueguito.juegopracticafinal.App.Launcher

Host: 13th Gen Intel(R) Core(TM) i7-1355U, 12 cores, 15G,  Windows 11 , 64 bit Build 26100 (10.0.26100.8328)
Time: Tue May 26 22:27:02 2026 Hora de verano romance elapsed time: 235.741752 seconds (0d 0h 3m 55s)

---------------  T H R E A D  ---------------

Current thread (0x0000017ade8b1420):  JavaThread "QuantumRenderer-0" daemon [_thread_in_native, id=40384, stack(0x00000045cd800000,0x00000045cd900000) (1024K)]

Stack: [0x00000045cd800000,0x00000045cd900000],  sp=0x00000045cd8fe2a0,  free space=1016k
Native frames: (J=compiled Java code, j=interpreted, Vv=VM code, C=native code)
C  [d3d9on12.dll+0x58d6b]  (no source info available)
C  [d3d9on12.dll+0x153a9]  (no source info available)
C  [d3d9on12.dll+0x14a6c]  (no source info available)
C  [d3d9on12.dll+0x30116]  (no source info available)
C  [d3d9on12.dll+0x2e1fe]  (no source info available)
C  [d3d9on12.dll+0x4b7c6]  (no source info available)
C  [d3d9.dll+0x31573]  (no source info available)
C  [prism_d3d.dll+0x362c]  (no source info available)
C  [prism_d3d.dll+0x39fb]  (no source info available)
C  0x0000017aca069434  (no source info available)

The last pc belongs to native nmethod (printed below).
Java frames: (J=compiled Java code, j=interpreted, Vv=VM code)
J 3766  com.sun.prism.d3d.D3DContext.nDrawIndexedQuads(J[F[BI)I javafx.graphics@21.0.6 (0 bytes) @ 0x0000017aca0693fb [0x0000017aca069380+0x000000000000007b]
J 7772 c2 com.sun.prism.d3d.D3DGraphics.create(Lcom/sun/prism/RenderTarget;Lcom/sun/prism/d3d/D3DContext;)Lcom/sun/prism/Graphics; javafx.graphics@21.0.6 (55 bytes) @ 0x0000017aca36de0c [0x0000017aca36d580+0x000000000000088c]
J 7253 c1 com.sun.javafx.tk.quantum.PresentingPainter.run()V javafx.graphics@21.0.6 (680 bytes) @ 0x0000017ac302246c [0x0000017ac301ee80+0x00000000000035ec]
J 7243 c1 java.util.concurrent.Executors$RunnableAdapter.call()Ljava/lang/Object; java.base@25.0.1 (14 bytes) @ 0x0000017ac3016194 [0x0000017ac3016080+0x0000000000000114]
J 7240 c1 java.util.concurrent.FutureTask.runAndReset()Z java.base@25.0.1 (125 bytes) @ 0x0000017ac3011f4c [0x0000017ac3011480+0x0000000000000acc]
J 7239 c1 com.sun.javafx.tk.RenderJob.run()V javafx.graphics@21.0.6 (95 bytes) @ 0x0000017ac301048c [0x0000017ac3010400+0x000000000000008c]
j  java.util.concurrent.ThreadPoolExecutor.runWorker(Ljava/util/concurrent/ThreadPoolExecutor$Worker;)V+92 java.base@25.0.1
j  java.util.concurrent.ThreadPoolExecutor$Worker.run()V+5 java.base@25.0.1
j  com.sun.javafx.tk.quantum.QuantumRenderer$PipelineRunnable.run()V+8 javafx.graphics@21.0.6
j  java.lang.Thread.runWith(Ljava/lang/Object;Ljava/lang/Runnable;)V+5 java.base@25.0.1
j  java.lang.Thread.run()V+19 java.base@25.0.1
v  ~StubRoutines::call_stub 0x0000017ac99d12ed

siginfo: EXCEPTION_ACCESS_VIOLATION (0xc0000005), reading address 0x0000017dd86bf927


Registers:
RAX=0x00000000ffffffff, RBX=0x0000017cd858da10, RCX=0x0000017cd84cba10, RDX=0x0000017cd86bf8f0
RSP=0x00000045cd8fe2a0, RBP=0x00000045cd8fe3c9, RSI=0x0000000000000914, RDI=0x0000000000000000
R8 =0x0000000000000914, R9 =0x0000017adec3bc98, R10=0x00000000ffffffff, R11=0x00007ff8a34d0000
R12=0x0000000000000914, R13=0x0000017adec44640, R14=0x0000000000000914, R15=0x00000000000059fa
RIP=0x00007ff8aa048d6b, EFLAGS=0x0000000000010206

XMM[0]=0x0000000000000080 0x0000000000000914
XMM[1]=0x0000000000000000 0x0000000000000001
XMM[2]=0x0000000000000080 0x00000400ffffffff
XMM[3]=0x0000000000000000 0x0000000000000000
XMM[4]=0x0000000000000000 0x0000000000000000
XMM[5]=0x3f0000003a3e82fa 0x0000000000000000
XMM[6]=0x0000000000000000 0x0000000041800000
XMM[7]=0x0000000000000000 0x0000000041800000
XMM[8]=0x0000000000000000 0x0000000000000000
XMM[9]=0x0000000000000000 0x0000000000000000
XMM[10]=0x0000000000000000 0x0000000000000000
XMM[11]=0x0000000000000000 0x0000000000000000
XMM[12]=0x0000000000000000 0x0000000041800000
XMM[13]=0x0000000000000000 0x00000000bf000000
XMM[14]=0x0000000000000000 0x000000003f800000
XMM[15]=0x0000000000000000 0x0000000000000000
  MXCSR=0x00001fa0


Register to memory mapping:

RAX=0x00000000ffffffff is an unknown value
RBX=0x0000017cd858da10 points into unknown readable memory: 0x0000017adec3bc98 | 98 bc c3 de 7a 01 00 00
RCX=0x0000017cd84cba10 points into unknown readable memory: 0x00000000ffffffff | ff ff ff ff 00 00 00 00
RDX=0x0000017cd86bf8f0 points into unknown readable memory: 0x0000000000000001 | 01 00 00 00 00 00 00 00
RSP=0x00000045cd8fe2a0 is pointing into the stack for thread: 0x0000017ade8b1420
RBP=0x00000045cd8fe3c9 is pointing into the stack for thread: 0x0000017ade8b1420
RSI=0x0000000000000914 is an unknown value
RDI=0x0 is null
R8 =0x0000000000000914 is an unknown value
R9 =0x0000017adec3bc98 points into unknown readable memory: 0x0000017ade97fbc0 | c0 fb 97 de 7a 01 00 00
R10=0x00000000ffffffff is an unknown value
R11=0x00007ff8a34d0000 D3D12Core.dll
R12=0x0000000000000914 is an unknown value
R13=0x0000017adec44640 points into unknown readable memory: 0x0000017aded18db8 | b8 8d d1 de 7a 01 00 00
R14=0x0000000000000914 is an unknown value
R15=0x00000000000059fa is an unknown value

Top of Stack: (sp=0x00000045cd8fe2a0)
0x00000045cd8fe2a0:   0000017adec3cb90 0000017adec3cbe0   ....z.......z...
0x00000045cd8fe2b0:   0000000000000000 0000017adec43ff0   .........?..z...
0x00000045cd8fe2c0:   0000000000000000 00007ff8aa0053a9   .........S......
0x00000045cd8fe2d0:   00000005ffd1fffd 0000017cd86bf8f0   ..........k.|...
0x00000045cd8fe2e0:   0000000000000000 0000017adec3cb08   ............z...
0x00000045cd8fe2f0:   0000000000005901 00000045cd8fe3c9   .Y..........E...
0x00000045cd8fe300:   0000017adec3cb08 00007ff8aa004a6c   ....z...lJ......
0x00000045cd8fe310:   0000017adec44620 0000000000000000    F..z...........
0x00000045cd8fe320:   00000045cd8fe390 00000045cd8fe380   ....E.......E...
0x00000045cd8fe330:   00000045cd8fe370 00000045cd8fe360   p...E...`...E...
0x00000045cd8fe340:   00000045cd8fe350 0000965fe22d5501   P...E....U-._...
0x00000045cd8fe350:   0000017adec3cb08 00000045cd8fe3c8   ....z.......E...
0x00000045cd8fe360:   0000017adec3cb08 00000045cd8fe3c8   ....z.......E...
0x00000045cd8fe370:   0000017adec3cb08 00000045cd8fe3c8   ....z.......E...
0x00000045cd8fe380:   0000017adec3cb08 00000045cd8fe3c8   ....z.......E...
0x00000045cd8fe390:   0000017adec3cb08 00000045cd8fe3c8   ....z.......E...
0x00000045cd8fe3a0:   0000000000000914 0000000000000080   ................
0x00000045cd8fe3b0:   0000000000000001 0000000000000001   ................
0x00000045cd8fe3c0:   0000017adec3c201 0000017adeb6e1a0   ....z.......z...
0x00000045cd8fe3d0:   0000000000000000 0000000000000000   ................
0x00000045cd8fe3e0:   0000000000000914 0000000000000001   ................
0x00000045cd8fe3f0:   0000000000000001 0000fe6183957203   .........r..a...
0x00000045cd8fe400:   00000000000059fa 00000005ffd1fffd   .Y..............
0x00000045cd8fe410:   0000017adf4207d0 0000000000000000   ..B.z...........
0x00000045cd8fe420:   00000045cd8fe530 00007ff8aa020116   0...E...........
0x00000045cd8fe430:   0000017adeca6670 0000017adeca6670   pf..z...pf..z...
0x00000045cd8fe440:   00000000000059fe 0000017adec3bc98   .Y..........z...
0x00000045cd8fe450:   0000017a00000004 00000045cd8fe560   ....z...`...E...
0x00000045cd8fe460:   0000000000000000 00007ff800000000   ................
0x00000045cd8fe470:   0000000000000000 0000017ade8b1420   ........ ...z...
0x00000045cd8fe480:   0000017a000059fe 000000450000003c   .Y..z...<...E...
0x00000045cd8fe490:   0000017ae21f7ec0 00007ff8667f3080   .~..z....0.f....

Instructions: (pc=0x00007ff8aa048d6b)
  0x00007ff8aa048c6b:   48 8d 4c 24 50 e8 3b 7b ff ff 90 4c 8d 44 24 70
  0x00007ff8aa048c7b:   48 8b d0 48 8d 4c 24 30 e8 ec d0 ff ff 48 8b c8
  0x00007ff8aa048c8b:   e8 48 e0 ff ff 90 48 8d 4c 24 50 e8 05 e8 fe ff
  0x00007ff8aa048c9b:   90 48 8d 4c 24 70 e8 fa e7 fe ff 48 8d 15 d3 ff
  0x00007ff8aa048cab:   03 00 48 8d 4c 24 30 e8 f9 7a ff ff 90 4c 8b c0
  0x00007ff8aa048cbb:   48 8d 15 66 b7 05 00 48 8d 4c 24 50 e8 cc d0 ff
  0x00007ff8aa048ccb:   ff 48 8b c8 e8 04 e0 ff ff 90 48 8d 4c 24 30 e8
  0x00007ff8aa048cdb:   c1 e7 fe ff 90 48 83 fb 01 49 0f 44 de 48 85 db
  0x00007ff8aa048ceb:   74 39 48 85 ff 74 34 48 8b 8b 10 01 00 00 48 85
  0x00007ff8aa048cfb:   c9 74 28 e8 5d 9d fb ff 48 85 c0 74 1e e8 53 9d
  0x00007ff8aa048d0b:   fb ff 4c 8b c8 48 8b 08 48 8b 01 4c 8b c7 48 8b
  0x00007ff8aa048d1b:   d6 49 8b c9 e8 ec 82 03 00 eb 05 b8 57 00 07 80
  0x00007ff8aa048d2b:   eb 06 eb 00 8b 44 24 20 48 8b 8c 24 90 00 00 00
  0x00007ff8aa048d3b:   48 33 cc e8 fd 89 ff ff 48 8b 9c 24 d8 00 00 00
  0x00007ff8aa048d4b:   48 81 c4 a0 00 00 00 41 5e 5f 5e c3 cc cc cc cc
  0x00007ff8aa048d5b:   cc cc cc cc cc 48 89 54 24 10 48 83 ec 28 8b 01
=>0x00007ff8aa048d6b:   80 7c 10 38 00 75 2e c6 44 10 38 01 48 8b 41 10
  0x00007ff8aa048d7b:   48 3b 41 18 74 0a 48 89 10 48 83 41 10 08 eb 11
  0x00007ff8aa048d8b:   4c 8d 44 24 38 48 8b d0 48 83 c1 08 e8 94 e3 ff
  0x00007ff8aa048d9b:   ff b0 01 eb 02 32 c0 48 83 c4 28 c3 cc cc cc cc
  0x00007ff8aa048dab:   cc cc cc cc cc 48 89 5c 24 10 56 57 41 56 48 83
  0x00007ff8aa048dbb:   ec 30 41 8b d8 4c 8b f2 48 8b f1 45 33 c0 48 8b
  0x00007ff8aa048dcb:   4a 08 4c 8b 12 48 8b c1 49 2b c2 48 c1 f8 02 48
  0x00007ff8aa048ddb:   85 c0 74 71 48 8d be 18 04 00 00 48 8b 17 48 8b
  0x00007ff8aa048deb:   47 08 48 2b c2 48 c1 f8 02 4f 8d 1c 82 4c 3b c0
  0x00007ff8aa048dfb:   73 37 41 8b 03 42 39 04 82 74 13 85 c0 74 0f 42
  0x00007ff8aa048e0b:   89 04 82 4a 83 3c c6 00 0f 94 c0 44 0a c8 49 ff
  0x00007ff8aa048e1b:   c0 49 8b 4e 08 4d 8b 16 48 8b c1 49 2b c2 48 c1
  0x00007ff8aa048e2b:   f8 02 4c 3b c0 72 b4 eb 1c 4d 8b cb 48 89 4c 24
  0x00007ff8aa048e3b:   20 4c 8b 47 08 48 8d 54 24 50 48 8b cf e8 9f 66
  0x00007ff8aa048e4b:   ff ff 41 b1 01 48 8d be 18 04 00 00 4c 8b 07 48
  0x00007ff8aa048e5b:   8b 4f 08 49 2b c8 48 c1 f9 02 48 8b d3 48 3b cb


Stack slot to memory mapping:

stack at sp + 0 slots: 0x0000017adec3cb90 points into unknown readable memory: 0x0000017adec43fd0 | d0 3f c4 de 7a 01 00 00
stack at sp + 1 slots: 0x0000017adec3cbe0 points into unknown readable memory: 0x0000000000000000 | 00 00 00 00 00 00 00 00
stack at sp + 2 slots: 0x0 is null
stack at sp + 3 slots: 0x0000017adec43ff0 points into unknown readable memory: 0x0000000000000000 | 00 00 00 00 00 00 00 00
stack at sp + 4 slots: 0x0 is null
stack at sp + 5 slots: 0x00007ff8aa0053a9 d3d9on12.dll
stack at sp + 6 slots: 0x00000005ffd1fffd is an unknown value
stack at sp + 7 slots: 0x0000017cd86bf8f0 points into unknown readable memory: 0x0000000000000001 | 01 00 00 00 00 00 00 00

Lock stack of current Java thread (top to bottom):


Compiled method (n/a) 235990 3766     n 0       com.sun.prism.d3d.D3DContext::nDrawIndexedQuads (native)
 total in heap  [0x0000017aca069288,0x0000017aca069538] = 688
 main code      [0x0000017aca069380,0x0000017aca06952a] = 426
 stub code      [0x0000017aca06952a,0x0000017aca069530] = 6
 oops           [0x0000017aca069530,0x0000017aca069538] = 8
 mutable elemento [0x0000017aecb7bab0,0x0000017aecb7bad0] = 32
 relocation     [0x0000017aecb7bab0,0x0000017aecb7bad0] = 32

[Constant Pool (empty)]

[MachCode]
[Entry Point]
  # {method} {0x0000017ada530430} 'nDrawIndexedQuads' '(J[F[BI)I' in 'com/sun/prism/d3d/D3DContext'
  # parm0:    rdx:rdx   = long
  # parm1:    r8:r8     = '[F'
  # parm2:    r9:r9     = '[B'
  # parm3:    rdi       = int
  #           [sp+0x80]  (sp of caller)
  0x0000017aca069380: 6690 448b | 5208 443b 

  0x0000017aca069388: ;   {runtime_call Shared Runtime ic_miss_blob}
  0x0000017aca069388: 5008 0f85 | 5057 9bff 
[Verified Entry Point]
  0x0000017aca069390: 8984 2400 | 80ff ff55 | 488b ec48 | 83ec 7090 | 4181 7f20 | 0900 0000 

  0x0000017aca0693a8: ;   {runtime_call Stub::method_entry_barrier}
  0x0000017aca0693a8: 7405 e891 | ae99 ff48 | 897c 2428 | 4c89 4c24 | 4049 83f9 | 0048 8d44 | 2440 480f | 4444 2440 
  0x0000017aca0693c8: 4889 4424 | 204c 8944 | 2438 4983 | f800 4c8d | 4c24 384c | 0f44 4c24 | 384c 8bc2 

  0x0000017aca0693e4: ;   {oop(a 'java/lang/Class'{0x0000000705cba360} = 'com/sun/prism/d3d/D3DContext')}
  0x0000017aca0693e4: 49be 60a3 | cb05 0700 | 0000 4c89 | 7424 604c | 8d74 2460 | 498b d6c5 

  0x0000017aca0693fc: ;   {internal_word}
  0x0000017aca0693fc: f877 49ba | fb93 06ca | 7a01 0000 | 4d89 9730 | 0400 0049 | 89a7 2804 | 0000 498d | 8f48 0400 
  0x0000017aca06941c: 0041 c787 | d404 0000 | 0400 0000 

  0x0000017aca069428: ;   {runtime_call}
  0x0000017aca069428: 48b8 8039 | 6706 f97f | 0000 ffd0 | c5f8 7741 | c787 d404 | 0000 0500 | 0000 f083 | 4424 c000 
  0x0000017aca069448: 493b 6f28 | 0f87 0e00 | 0000 4183 | bfd0 0400 | 0000 0f84 | 2b00 0000 | c5f8 7748 | 8945 f849 
  0x0000017aca069468: 8bcf 4c8b | e448 83ec | 2048 83e4 

  0x0000017aca069474: ;   {runtime_call}
  0x0000017aca069474: f048 b8a0 | ac80 66f8 | 7f00 00ff | d049 8be4 | 4d33 e448 | 8b45 f841 | c787 d404 | 0000 0800 
  0x0000017aca069494: 0000 4183 | bf50 0500 | 0002 0f84 | 5900 0000 | 49c7 8728 | 0400 0000 | 0000 0049 | c787 3004 
  0x0000017aca0694b4: 0000 0000 | 0000 c5f8 | 7749 8b8f | b804 0000 | c781 0001 | 0000 0000 

  0x0000017aca0694cc: ;   {poll_return}
  0x0000017aca0694cc: 0000 c941 | f647 2801 

  0x0000017aca0694d4: ;   {internal_word}
  0x0000017aca0694d4: 7416 49ba | cf94 06ca | 7a01 0000 | 4d89 97e0 

  0x0000017aca0694e4: ;   {runtime_call SafepointBlob}
  0x0000017aca0694e4: 0400 00e9 | 747a 9bff | 4983 7f08 | 000f 8501 | 0000 00c3 

  0x0000017aca0694f8: ;   {runtime_call Stub::forward_exception}
  0x0000017aca0694f8: e9e3 7c96 | ffc5 f877 | 4889 45f8 | 4c8b e448 | 83ec 2048 

  0x0000017aca06950c: ;   {runtime_call}
  0x0000017aca06950c: 83e4 f048 | b810 f7b9 | 66f8 7f00 | 00ff d049 | 8be4 4d33 | e448 8b45 | f8e9 7aff | ffff f4f4 
  0x0000017aca06952c: f4f4 f4f4 
[/MachCode]


Compiled method (c2) 235995 7772       4       com.sun.prism.d3d.D3DGraphics::create (55 bytes)
 total in heap  [0x0000017aca36d488,0x0000017aca36f150] = 7368
 main code      [0x0000017aca36d580,0x0000017aca36f0c8] = 6984
 stub code      [0x0000017aca36f0c8,0x0000017aca36f128] = 96
 oops           [0x0000017aca36f128,0x0000017aca36f150] = 40
 mutable elemento [0x0000017aecfd67f0,0x0000017aecfd6bb0] = 960
 relocation     [0x0000017aecfd67f0,0x0000017aecfd6980] = 400
 metadata       [0x0000017aecfd6980,0x0000017aecfd6bb0] = 560
 immutable elemento [0x0000017babed8020,0x0000017babed8ac0] = 2720
 dependencies   [0x0000017babed8020,0x0000017babed80e8] = 200
 nul chk table  [0x0000017babed80e8,0x0000017babed8160] = 120
 handler table  [0x0000017babed8160,0x0000017babed8238] = 216
 scopes pcs     [0x0000017babed8238,0x0000017babed84f8] = 704
 scopes elemento    [0x0000017babed84f8,0x0000017babed8ac0] = 1480

[Constant Pool (empty)]

[MachCode]
[Verified Entry Point]
  # {method} {0x0000017adaac0a60} 'create' '(Lcom/sun/prism/RenderTarget;Lcom/sun/prism/d3d/D3DContext;)Lcom/sun/prism/Graphics;' in 'com/sun/prism/d3d/D3DGraphics'
  # parm0:    rdx:rdx   = 'com/sun/prism/RenderTarget'
  # parm1:    r8:r8     = 'com/sun/prism/d3d/D3DContext'
  #           [sp+0xa0]  (sp of caller)
  0x0000017aca36d580: 8984 2400 | 80ff ff55 | 4881 ec90 | 0000 0090 | 4181 7f20 | 0900 0000 | 0f85 1a1b | 0000 4c89 
  0x0000017aca36d5a0: 4424 3048 | 8954 2470 

  0x0000017aca36d5a8: ; implicit exception: dispatches to 0x0000017aca36e52c
  0x0000017aca36d5a8: 448b 5208 | 4489 5424 

  0x0000017aca36d5b0: ;   {metadata('com/sun/prism/d3d/D3DRTTexture')}
  0x0000017aca36d5b0: 2441 81fa | d8a2 1701 | 0f85 1f07 | 0000 488b | 6c24 7044 

  0x0000017aca36d5c4: ;   {metadata('com/sun/prism/d3d/D3DRTTexture')}
  0x0000017aca36d5c4: 8b55 0841 | 81fa d8a2 | 1701 0f85 | ee06 0000 | 448b 5534 

  0x0000017aca36d5d8: ; implicit exception: dispatches to 0x0000017aca36e500
  0x0000017aca36d5d8: 438b 6cd4 | 0c85 ed0f | 8edf 0c00 | 0043 8b6c | d41c 458b 

  0x0000017aca36d5ec: ;   {metadata('com/sun/prism/d3d/D3DTextureData')}
  0x0000017aca36d5ec: 5cec 0841 | 81fb b0ac | 1701 0f85 | b00e 0000 | 4d8d 14ec | 4d8b 5210 | 4d85 d20f | 84f7 0b00 
  0x0000017aca36d60c: 004d 8b9f | c801 0000 | 4d8b d349 | 83c2 704d | 3b97 d801 | 0000 0f83 | f90a 0000 | 4d89 97c8 
  0x0000017aca36d62c: 0100 0049 | 8bfb 4883 | c710 49c7 | 0301 0000 | 0041 0f0d | 8ac0 0000 

  0x0000017aca36d644: ;   {metadata('com/sun/prism/d3d/D3DGraphics')}
  0x0000017aca36d644: 0041 c743 | 0800 e017 | 0145 8963 | 0cb9 0c00 | 0000 c5fd | efc0 e90d | 0000 00c5 | fe7f 07c5 
  0x0000017aca36d664: fe7f 4720 | 4883 c740 | 4883 e908 | 7ded 4883 | c104 7c0c | c5fe 7f07 | 4883 c720 | 4883 e904 
  0x0000017aca36d684: 4883 c104 | 7e10 48ff | c9c5 f9d6 | 0748 83c7 | 0848 ffc9 | 7df3 4c89 | 5c24 6049 | 8b87 c801 
  0x0000017aca36d6a4: 0000 4c8b | d049 83c2 | 784d 3b97 | d801 0000 | 0f83 8e0a | 0000 4d89 | 97c8 0100 | 0041 0f0d 
  0x0000017aca36d6c4: 8ac0 0000 | 0048 c700 | 0100 0000 

  0x0000017aca36d6d0: ;   {metadata('com/sun/javafx/geom/transform/Affine3D')}
  0x0000017aca36d6d0: c740 0870 | f205 014c | 8960 0c4c | 8960 184c | 8960 2044 | 8960 284c | 8960 304c | 8960 384c 
  0x0000017aca36d6f0: 8960 404c | 8960 484c | 8960 504c | 8960 584c | 8960 6044 | 8960 684c | 8960 70c7 | 4014 0000 
  0x0000017aca36d710: f03f c740 | 2c00 00f0 | 3fc7 406c | 0000 f03f | 4c8b 5424 | 6041 c742 | 2000 0080 | 3f41 c742 
  0x0000017aca36d730: 1c00 0080 | 3f41 c642 | 2801 41c6 | 4225 0141 | c742 1000 | 0080 3f49 | 8baf c801 | 0000 488b 
  0x0000017aca36d750: fd48 83c7 

  0x0000017aca36d754: ;   {oop(a 'com/sun/prism/BasicStroke'{0x0000000705cb8a08})}
  0x0000017aca36d754: 2041 ba41 

  0x0000017aca36d758: ;   {oop(a 'com/sun/prism/paint/Color'{0x0000000705cb89e0})}
  0x0000017aca36d758: 71b9 e041 | bb3c 71b9 

  0x0000017aca36d760: ;   {oop(a 'com/sun/javafx/sg/prism/NGDefaultCamera'{0x0000000705c52340})}
  0x0000017aca36d760: e0bb 68a4 | b8e0 4c8b | 7424 604d | 8d46 3041 | 8918 448b | cb49 c1e1 | 0349 8bc8 | 4933 c948 
  0x0000017aca36d780: c1e9 150f | 8427 0000 | 0049 83f9 | 000f 841d | 0000 0049 | 8bc8 48c1 | e909 49b9 | 0040 9ace 
  0x0000017aca36d7a0: 7a01 0000 | 4903 c980 | 3902 0f85 | be0e 0000 | 4d8d 462c | 4c8b e849 | c1ed 0345 | 8928 498b 
  0x0000017aca36d7c0: f048 33f0 | 48c1 ee15 | 0f84 1d00 | 0000 498b | f048 c1ee | 0949 bd00 | 409a ce7a | 0100 0049 
  0x0000017aca36d7e0: 03f5 803e | 020f 8511 | 0f00 004d | 8d46 4845 | 8918 458b | cb49 c1e1 | 0349 8bc8 | 4933 c948 
  0x0000017aca36d800: c1e9 150f | 8427 0000 | 0049 83f9 | 000f 841d | 0000 0049 | 8bc8 48c1 | e909 49b9 | 0040 9ace 
  0x0000017aca36d820: 7a01 0000 | 4903 c980 | 3902 0f85 | 4a0f 0000 | 4d8d 5e4c | 4589 1345 | 8bc2 49c1 | e003 4d8b 
  0x0000017aca36d840: cb4d 33c8 | 49c1 e915 | 0f84 2800 | 0000 4983 | f800 0f84 | 1e00 0000 | 4d8b cb49 | c1e9 0949 
  0x0000017aca36d860: ;   {other}
  0x0000017aca36d860: b800 409a | ce7a 0100 | 004d 03c8 | 4180 3902 | 0f85 740f | 0000 488b | 4c24 304d | 8d56 504c 
  0x0000017aca36d880: 8bd9 49c1 | eb03 4589 | 1a4d 8bc2 | 4c33 c149 | c1e8 150f | 8428 0000 | 0048 83f9 | 000f 841e 
  0x0000017aca36d8a0: 0000 004d | 8bc2 49c1 | e809 49bb | 0040 9ace | 7a01 0000 | 4d03 c341 | 8038 020f | 8594 0f00 
  0x0000017aca36d8c0: 004d 8bde | 4c8b 4424 | 704d 8d53 | 5449 8bd0 | 48c1 ea03 | 4189 1249 | 8bda 4933 | d848 c1eb 
  0x0000017aca36d8e0: 150f 841d | 0000 0049 | 8bda 48c1 | eb09 48ba | 0040 9ace | 7a01 0000 | 4803 da80 | 3b02 0f85 
  0x0000017aca36d900: bc0f 0000 | 493b bfd8 | 0100 000f | 8360 0800 | 0049 89bf | c801 0000 | 0f0d 8fc0 | 0000 0048 
  0x0000017aca36d920: c745 0001 

  0x0000017aca36d924: ;   {metadata('com/sun/javafx/geom/RectBounds')}
  0x0000017aca36d924: 0000 00c7 | 4508 f8ae | 0501 4489 | 650c 4c89 | 6510 4c89 | 6518 448b 

  0x0000017aca36d93c: ;   {metadata('com/sun/prism/d3d/D3DRTTexture')}
  0x0000017aca36d93c: 5424 2441 | 81fa d8a2 | 1701 0f85 | 0503 0000 | 4c8b 5424 | 7041 8b42 | 1c4c 8b54 | 2470 458b 
  0x0000017aca36d95c: 5a08 c5f1 | efc9 c5f2 

  0x0000017aca36d964: ;   {metadata('com/sun/prism/d3d/D3DRTTexture')}
  0x0000017aca36d964: 2ac8 4181 | fbd8 a217 | 010f 8512 | 0300 0045 | 8b5a 20c5 | fa11 4d10 | 4489 6514 | 4489 650c 
  0x0000017aca36d984: 498b 87c8 | 0100 004c | 8bd0 4983 | c220 c5e9 | efd2 c4c1 | 6a2a d3c5 | fa11 5518 | 488b 4c24 
  0x0000017aca36d9a4: 604c 8d49 | 3441 807f | 4800 0f85 | 750f 0000 | 4c8b dd49 | c1eb 0345 | 8919 4d8b | c14c 33c5 
  0x0000017aca36d9c4: 49c1 e815 | 0f84 1e00 | 0000 4d8b | c149 c1e8 | 0949 bb00 | 409a ce7a | 0100 004d | 03c3 4180 
  0x0000017aca36d9e4: 3802 0f85 | d10f 0000 | 4d3b 97d8 | 0100 000f | 83a3 0700 | 004d 8997 | c801 0000 | 410f 0d8a 
  0x0000017aca36da04: c000 0000 | 48c7 0001 

  0x0000017aca36da0c: ;   {metadata('com/sun/javafx/geom/RectBounds')}
  0x0000017aca36da0c: 0000 00c7 | 4008 f8ae | 0501 4489 | 600c 4c89 | 6010 4c89 | 6018 c5fa | 1148 10c5 | fa11 5018 
  0x0000017aca36da2c: ;   {oop(a 'com/sun/prism/CompositeMode'{0x0000000705cb8a38})}
  0x0000017aca36da2c: b947 71b9 | e048 8b5c | 2460 4c8d | 5b38 4180 | 7f48 000f | 8505 1000 | 004c 8bc0 | 49c1 e803 
  0x0000017aca36da4c: 4589 034d | 8bcb 4c33 | c849 c1e9 | 150f 841e | 0000 004d | 8bcb 49c1 | e909 49b8 | 0040 9ace 
  0x0000017aca36da6c: 7a01 0000 | 4d03 c841 | 8039 020f | 8549 1000 | 004c 8d43 | 4441 807f | 4800 0f85 | a510 0000 
  0x0000017aca36da8c: 4189 0844 | 8bd9 49c1 | e303 4d8b | d04d 33d3 | 49c1 ea15 | 0f84 2800 | 0000 4983 | fb00 0f84 
  0x0000017aca36daac: 1e00 0000 | 4d8b d049 | c1ea 0949 | bb00 409a | ce7a 0100 | 004d 03d3 | 4180 3a02 | 0f85 cb10 
  0x0000017aca36dacc: 0000 4c8b | 5424 3045 | 0fb6 5a20 | 448b 6b54 | 448b 7330 | 440f b653 | 2745 85d2 | 740c 0fb6 
  0x0000017aca36daec: 6b26 85ed | 0f85 e607 | 0000 4585 | db0f 852d | 0700 0044 | 0fb6 4329 

  0x0000017aca36db04: ; implicit exception: dispatches to 0x0000017aca36e4c0
  0x0000017aca36db04: 478b 54ec 

  0x0000017aca36db08: ;   {metadata('com/sun/prism/d3d/D3DRTTexture')}
  0x0000017aca36db08: 0841 81fa | d8a2 1701 | 0f85 7b04 

  0x0000017aca36db14: ;   {metadata('com/sun/prism/d3d/D3DRTTexture')}
  0x0000017aca36db14: 0000 4181 | fad8 a217 | 010f 8559 | 0900 004f | 8d1c ec45 | 8b53 3443 | 8b6c d40c | 85ed 0f8e 
  0x0000017aca36db34: 1c07 0000 | 4c8b 5424 | 3045 8b4a | 7c43 0fb6 | 6ccc 2644 | 3bc5 0f85 | 8706 0000 | 478b 54cc 
  0x0000017aca36db54: 2c45 3bea | 0f85 0602 | 0000 478b | 54cc 3045 | 3bf2 0f85 | f801 0000 | 430f b66c | cc24 85ed 
  0x0000017aca36db74: 0f85 1207 | 0000 4c8b | 5424 6045 | 8862 2b4d | 33c9 488b | 4c24 6048 | 8b5c 2430 | 4c8d 515c 
  0x0000017aca36db94: 4180 7f48 | 000f 8551 | 1000 004c | 8bdb 49c1 | eb03 4589 | 1a4d 8bc2 | 4c33 c349 | c1e8 150f 
  0x0000017aca36dbb4: 841e 0000 | 004d 8bc2 | 49c1 e809 | 49bb 0040 | 9ace 7a01 | 0000 4d03 | c341 8038 | 020f 8595 
  0x0000017aca36dbd4: 1000 0048 | 8b5c 2460 | 4c8d 5b64 | 4180 7f48 | 000f 85f6 | 1000 0045 | 890b 4c8b | 4424 3048 
  0x0000017aca36dbf4: 8d7b 6841 | 807f 4800 | 0f85 6511 | 0000 4d8b | d049 c1ea | 0344 8917 | 488b d749 | 33d0 48c1 
  0x0000017aca36dc14: ;   {other}
  0x0000017aca36dc14: ea15 0f84 | 1d00 0000 | 488b d748 | c1ea 0949 | ba00 409a | ce7a 0100 | 0049 03d2 | 803a 020f 
  0x0000017aca36dc34: 8596 1100 | 0048 8b44 | 2460 4881 | c490 0000 

  0x0000017aca36dc44: ;   {poll_return}
  0x0000017aca36dc44: 005d 493b | 6728 0f87 | 5214 0000 

  0x0000017aca36dc50: ;   {metadata('com/sun/prism/d3d/D3DSwapChain')}
  0x0000017aca36dc50: c341 81fa | 38d2 1701 | 0f85 ae06 | 0000 488b | 5424 7048 | ff74 2460 | 488f 4424 | 2848 8954 
  0x0000017aca36dc70: ;   {optimized virtual_call}
  0x0000017aca36dc70: 2458 90e8 

  0x0000017aca36dc74: ; ImmutableOopMap {rbp=Oop [40]=Oop [48]=Oop [88]=Oop [96]=Oop [112]=Oop }
                      ;*invokevirtual getPhysicalWidth {reexecute=0 rethrow=0 return_oop=0}
                      ; - com.sun.prism.d3d.D3DSwapChain::getContentWidth@1 (line 108)
                      ; - com.sun.prism.impl.BaseGraphics::<init>@104 (line 92)
                      ; - com.sun.prism.impl.ps.BaseShaderGraphics::<init>@3 (line 86)
                      ; - com.sun.prism.d3d.D3DGraphics::<init>@3 (line 40)
                      ; - com.sun.prism.d3d.D3DGraphics::create@51 (line 63)
  0x0000017aca36dc74: 286c a7f8 

  0x0000017aca36dc78: ;   {post_call_nop}
  0x0000017aca36dc78: 0f1f 8400 | f007 0000 | e9d0 fcff 

  0x0000017aca36dc84: ;   {metadata('com/sun/prism/d3d/D3DSwapChain')}
  0x0000017aca36dc84: ff41 81fb | 38d2 1701 | 0f85 aa06 | 0000 c5fa | 114c 2424 | 498b d248 | ff74 2460 | 488f 4424 
  0x0000017aca36dca4: ;   {optimized virtual_call}
  0x0000017aca36dca4: 2866 90e8 

  0x0000017aca36dca8: ; ImmutableOopMap {rbp=Oop [40]=Oop [48]=Oop [96]=Oop }
                      ;*invokevirtual getPhysicalHeight {reexecute=0 rethrow=0 return_oop=0}
                      ; - com.sun.prism.d3d.D3DSwapChain::getContentHeight@1 (line 113)
                      ; - com.sun.prism.impl.BaseGraphics::<init>@111 (line 93)
                      ; - com.sun.prism.impl.ps.BaseShaderGraphics::<init>@3 (line 86)
                      ; - com.sun.prism.d3d.D3DGraphics::<init>@3 (line 40)
                      ; - com.sun.prism.d3d.D3DGraphics::create@51 (line 63)
  0x0000017aca36dca8: f46e a7f8 

  0x0000017aca36dcac: ;   {post_call_nop}
  0x0000017aca36dcac: 0f1f 8400 | 2408 0001 | c5fa 104c | 2424 448b | d8e9 b5fc 

  0x0000017aca36dcc0: ;   {metadata('com/sun/prism/d3d/D3DSwapChain')}
  0x0000017aca36dcc0: ffff 4181 | fa38 d217 | 010f 85a1 | 0600 0044 | 8b55 144f | 8b54 d410 | e927 f9ff 

  0x0000017aca36dcdc: ;   {metadata('com/sun/prism/d3d/D3DSwapChain')}
  0x0000017aca36dcdc: ff41 81fa | 38d2 1701 | 0f84 d4f8 

  0x0000017aca36dce8: ;   {metadata('com/sun/prism/d3d/D3DRenderTarget')}
  0x0000017aca36dce8: ffff 48b8 | c86b abda | 7a01 0000 | be00 0000 | 3d49 03f2 | 4c8b 5620 | 4c3b d00f | 84b5 f8ff 
  0x0000017aca36dd08: ff48 33ff | 4c8b 9ea8 | 0000 0049 | 8bd3 48c1 | e226 0f89 | 2100 0000 | f348 0fb8 | d248 8b5e 
  0x0000017aca36dd28: 2848 3b04 | d374 1549 | 0fba e31a | 730b 49c1 

  0x0000017aca36dd38: ;   {runtime_call Stub::lookup_secondary_supers_table_slow_path}
  0x0000017aca36dd38: cb19 e8c4 | 6669 ffeb | 0348 ffc7 | 4885 ff0f | 8471 f8ff | ffba deff | ffff 488b 

  0x0000017aca36dd54: ;   {runtime_call UncommonTrapBlob}
  0x0000017aca36dd54: 6c24 70e8 

  0x0000017aca36dd58: ; ImmutableOopMap {rbp=Oop }
                      ;*checkcast {reexecute=0 rethrow=0 return_oop=0}
                      ; - com.sun.prism.d3d.D3DGraphics::create@7 (line 54)
  0x0000017aca36dd58: 840e 78ff 

  0x0000017aca36dd5c: ;   {post_call_nop}
  0x0000017aca36dd5c: 0f1f 8400 | d408 0002 | 4c8b 5424 | 3045 8b5a | 2c43 8b4c | dc10 85c9 | 0f8e ab00 | 0000 478b 
  0x0000017aca36dd7c: 4cdc 1847 | 8b54 dc20 | 438b 7cdc | 1c43 8b6c | d40c 85ed | 0f8f 0606 | 0000 438b | 74d4 144b 
  0x0000017aca36dd9c: 8d1c dc85 | f60f 8f5e | 0200 0048 | ff74 2430 | 488f 4424 | 2848 ff74 | 2460 488f | 4424 4044 
  0x0000017aca36ddbc: 896c 2424 | 4489 7424 | 4844 8944 | 244c 4489 | 5c24 5089 | 4c24 5444 | 894c 2458 | 897c 245c 
  0x0000017aca36dddc: 4889 5c24 | 384b 8b94 | d490 0000 | 0044 8b54 | 245c 4d8b | c249 c1e0 | 0344 8b5c | 2458 4d8b 
  0x0000017aca36ddfc: cb49 c1e1 | 038b 7c24 

  0x0000017aca36de04: ;   {static_call}
  0x0000017aca36de04: 5466 90e8 

  0x0000017aca36de08: ; ImmutableOopMap {[36]=NarrowOop [40]=Oop [56]=Oop [64]=Oop [72]=NarrowOop [80]=NarrowOop }
                      ;*invokestatic nDrawIndexedQuads {reexecute=0 rethrow=0 return_oop=0}
                      ; - com.sun.prism.d3d.D3DContext::renderQuads@7 (line 630)
                      ; - com.sun.prism.impl.BaseContext::drawQuads@8 (line 125)
                      ; - com.sun.prism.impl.VertexBuffer::flush@23 (line 98)
                      ; - com.sun.prism.impl.BaseContext::flushVertexBuffer@12 (line 107)
                      ; - com.sun.prism.impl.ps.BaseShaderContext::setRenderTarget@77 (line 789)
                      ; - com.sun.prism.impl.BaseContext::setRenderTarget@36 (line 149)
                      ; - com.sun.prism.impl.BaseGraphics::<init>@151 (line 107)
                      ; - com.sun.prism.impl.ps.BaseShaderGraphics::<init>@3 (line 86)
                      ; - com.sun.prism.d3d.D3DGraphics::<init>@3 (line 40)
                      ; - com.sun.prism.d3d.D3DGraphics::create@51 (line 63)
  0x0000017aca36de08: 84b5 cfff 

  0x0000017aca36de0c: ;   {post_call_nop}
  0x0000017aca36de0c: 0f1f 8400 | 8409 0003 | 448b 5424 | 5047 8964 | d410 448b | 6c24 24eb | 194c 8954 | 2428 48ff 
  0x0000017aca36de2c: 7424 6048 | 8f44 2440 | 4489 7424 | 4844 8944 | 244c 4f8d | 04ec 4489 | 6c24 2444 | 8b5c 2448 
  0x0000017aca36de4c: 4d8b cb49 | c1e1 0348 | 8b54 2428 

  0x0000017aca36de58: ;   {optimized virtual_call}
  0x0000017aca36de58: 33ff 90e8 

  0x0000017aca36de5c: ; ImmutableOopMap {[36]=NarrowOop [40]=Oop [64]=Oop [72]=NarrowOop }
                      ;*invokevirtual updateRenderTarget {reexecute=0 rethrow=0 return_oop=1}
                      ; - com.sun.prism.impl.ps.BaseShaderContext::setRenderTarget@85 (line 790)
                      ; - com.sun.prism.impl.BaseContext::setRenderTarget@36 (line 149)
                      ; - com.sun.prism.impl.BaseGraphics::<init>@151 (line 107)
                      ; - com.sun.prism.impl.ps.BaseShaderGraphics::<init>@3 (line 86)
                      ; - com.sun.prism.d3d.D3DGraphics::<init>@3 (line 40)
                      ; - com.sun.prism.d3d.D3DGraphics::create@51 (line 63)
  0x0000017aca36de5c: d002 f6ff 

  0x0000017aca36de60: ;   {post_call_nop}
  0x0000017aca36de60: 0f1f 8400 | d809 0004 | 48ff 7424 | 2848 8f44 | 2430 4c8b | 4c24 284d | 8d41 7c41 | 807f 4800 
  0x0000017aca36de80: 0f85 9e0f | 0000 4c8b | d849 c1eb | 0345 8918 | 4d8b d04c | 33d0 49c1 | ea15 0f84 | 2800 0000 
  0x0000017aca36dea0: 4883 f800 | 0f84 1e00 | 0000 4d8b | d049 c1ea | 0949 bb00 | 409a ce7a | 0100 004d | 03d3 4180 
  0x0000017aca36dec0: 3a02 0f85 | c40f 0000 

  0x0000017aca36dec8: ; implicit exception: dispatches to 0x0000017aca36e5c8
  0x0000017aca36dec8: 0fb6 6826 | 4488 6025 | 4488 6024 | 448b 5c24 | 244c 8d48 | 2c41 807f | 4800 0f85 | 0510 0000 
  0x0000017aca36dee8: 4589 1941 | 8bcb 48c1 | e103 498b | d948 33d9 | 48c1 eb15 | 0f84 1d00 | 0000 498b | d948 c1eb 
  0x0000017aca36df08: 0948 b900 | 409a ce7a | 0100 0048 | 03d9 803b | 020f 8551 | 1000 008b | 4c24 484c | 8d58 3041 
  0x0000017aca36df28: 807f 4800 | 0f85 b110 | 0000 4189 | 0b44 8bc1 | 49c1 e003 | 4d8b d34d | 33d0 49c1 | ea15 0f84 
  0x0000017aca36df48: 2800 0000 | 4983 f800 | 0f84 1e00 | 0000 4d8b | d349 c1ea 

  0x0000017aca36df5c: ;   {other}
  0x0000017aca36df5c: 0949 b800 | 409a ce7a | 0100 004d | 03d0 4180 | 3a02 0f85 | d710 0000 | 448b 5c24 | 4c44 3bdd 
  0x0000017aca36df7c: 0f85 0204 | 0000 48ff | 7424 4048 | 8f44 2460 | e9e9 fbff 

  0x0000017aca36df90: ;   {metadata('com/sun/prism/d3d/D3DSwapChain')}
  0x0000017aca36df90: ff41 81fa | 38d2 1701 | 0f84 9afb 

  0x0000017aca36df9c: ;   {metadata('com/sun/prism/Texture')}
  0x0000017aca36df9c: ffff 48b8 | 682a 52da | 7a01 0000 | be00 0000 | 3d49 03f2 | 4c8b 5e20 | 4c3b d80f | 8459 fbff 
  0x0000017aca36dfbc: ff48 33ff | 4c8b 9ea8 | 0000 0049 | 8bd3 4885 | d20f 8921 | 0000 00f3 | 480f b8d2 | 488b 5e28 
  0x0000017aca36dfdc: 483b 04d3 | 7415 490f | bae3 0073 | 0b49 c1cb 

  0x0000017aca36dfec: ;   {runtime_call Stub::lookup_secondary_supers_table_slow_path}
  0x0000017aca36dfec: 3fe8 1164 | 69ff eb03 | 48ff c748 | 85ff 0f84 | 16fb ffff | e933 fbff | ff43 8b6c | d430 418b 
  0x0000017aca36e00c: ;   {metadata('com/sun/prism/d3d/D3DTexture')}
  0x0000017aca36e00c: 54ec 0881 | fae0 9e17 | 010f 85e1 | 0300 0049 | 8d14 ec8b | 4234 85c0 | 0f84 be03 | 0000 4889 
  0x0000017aca36e02c: 5c24 3889 | 7c24 5c44 | 894c 2458 | 894c 2454 | 4489 5c24 | 5044 8944 | 244c 4489 | 7424 4844 
  0x0000017aca36e04c: 896c 2424 | 48ff 7424 | 6048 8f44 | 2440 48ff | 7424 3048 | 8f44 2428 | 4589 64c4 | 1441 ff44 
  0x0000017aca36e06c: c40c 448b | 5a1c 478b | 44d4 3443 | 8b4c d418 | 8bc1 49c1 | e003 478b | 4cd4 1041 | 8bd9 448b 
  0x0000017aca36e08c: 4a38 49c1 | e103 4b8d | 2cd4 4489 | 5424 3033 | ff33 f633 | c945 33d2 | 4489 1424 | 8944 2408 
  0x0000017aca36e0ac: 895c 2410 | 4489 5c24 | 1841 bb01 | 0000 0044 | 895c 2420 

  0x0000017aca36e0c0: ;   {optimized virtual_call}
  0x0000017aca36e0c0: 6666 90e8 

  0x0000017aca36e0c4: ; ImmutableOopMap {rbp=Oop [36]=NarrowOop [40]=Oop [48]=NarrowOop [56]=Oop [64]=Oop [72]=NarrowOop [80]=NarrowOop [88]=NarrowOop [92]=NarrowOop }
                      ;*invokeinterface update {reexecute=0 rethrow=0 return_oop=0}
                      ; - com.sun.prism.impl.BaseContext::flushMask@62 (line 115)
                      ; - com.sun.prism.impl.BaseContext::drawQuads@1 (line 124)
                      ; - com.sun.prism.impl.VertexBuffer::flush@23 (line 98)
                      ; - com.sun.prism.impl.BaseContext::flushVertexBuffer@12 (line 107)
                      ; - com.sun.prism.impl.ps.BaseShaderContext::setRenderTarget@77 (line 789)
                      ; - com.sun.prism.impl.BaseContext::setRenderTarget@36 (line 149)
                      ; - com.sun.prism.impl.BaseGraphics::<init>@151 (line 107)
                      ; - com.sun.prism.impl.ps.BaseShaderGraphics::<init>@3 (line 86)
                      ; - com.sun.prism.d3d.D3DGraphics::<init>@3 (line 40)
                      ; - com.sun.prism.d3d.D3DGraphics::create@51 (line 63)
  0x0000017aca36e0c4: c828 e2ff 

  0x0000017aca36e0c8: ;   {post_call_nop}
  0x0000017aca36e0c8: 0f1f 8400 | 400c 0005 | 448b 5424 | 3043 8b6c | d430 458b 

  0x0000017aca36e0dc: ;   {metadata('com/sun/prism/d3d/D3DTexture')}
  0x0000017aca36e0dc: 44ec 0841 | 81f8 e09e | 1701 0f85 | 5c03 0000 | 4d8d 1cec | 458b 5b34 

  0x0000017aca36e0f4: ; implicit exception: dispatches to 0x0000017aca36e628
  0x0000017aca36e0f4: 438b 6cdc | 0c85 ed0f | 8e5f 0300 | 0047 8964 | d410 4789 | 64d4 1847 | 8964 d40c | 4789 64d4 
  0x0000017aca36e114: 14ff cd43 | 896c dc0c | e9c0 fcff 

  0x0000017aca36e120: ;   {metadata('com/sun/prism/d3d/D3DGraphics')}
  0x0000017aca36e120: ff48 ba00 | e017 3e00 | 0000 0048 | 8b6c 2470 

  0x0000017aca36e130: ;   {runtime_call C2 Runtime new_instance}
  0x0000017aca36e130: 6666 90e8 

  0x0000017aca36e134: ; ImmutableOopMap {rbp=Oop [48]=Oop [112]=Oop }
                      ;*new {reexecute=0 rethrow=0 return_oop=1}
                      ; - com.sun.prism.d3d.D3DGraphics::create@45 (line 63)
  0x0000017aca36e134: a84d 78ff 

  0x0000017aca36e138: ;   {post_call_nop}
  0x0000017aca36e138: 0f1f 8400 | b00c 0006 | 4c8b d8e9 | 52f5 ffff 

  0x0000017aca36e148: ;   {metadata('com/sun/javafx/geom/transform/Affine3D')}
  0x0000017aca36e148: 48ba 70f2 | 053e 0000 | 0000 4c89 | 5c24 284c | 895c 2438 

  0x0000017aca36e15c: ;   {runtime_call C2 Runtime new_instance}
  0x0000017aca36e15c: 6666 90e8 

  0x0000017aca36e160: ; ImmutableOopMap {[40]=Oop [48]=Oop [56]=Oop [96]=Oop [112]=Oop }
                      ;*new {reexecute=0 rethrow=0 return_oop=1}
                      ; - com.sun.prism.impl.BaseGraphics::<init>@5 (line 62)
                      ; - com.sun.prism.impl.ps.BaseShaderGraphics::<init>@3 (line 86)
                      ; - com.sun.prism.d3d.D3DGraphics::<init>@3 (line 40)
                      ; - com.sun.prism.d3d.D3DGraphics::create@51 (line 63)
  0x0000017aca36e160: 7c4d 78ff 

  0x0000017aca36e164: ;   {post_call_nop}
  0x0000017aca36e164: 0f1f 8400 | dc0c 0007 | e99a f5ff 

  0x0000017aca36e170: ;   {metadata('com/sun/javafx/geom/RectBounds')}
  0x0000017aca36e170: ff48 baf8 | ae05 3e00 | 0000 004c | 895c 2428 | 4c89 5c24 

  0x0000017aca36e184: ;   {runtime_call C2 Runtime new_instance}
  0x0000017aca36e184: 3866 90e8 

  0x0000017aca36e188: ; ImmutableOopMap {[40]=Oop [48]=Oop [56]=Oop [96]=Oop [112]=Oop }
                      ;*new {reexecute=0 rethrow=0 return_oop=1}
                      ; - com.sun.prism.impl.BaseGraphics::<init>@97 (line 91)
                      ; - com.sun.prism.impl.ps.BaseShaderGraphics::<init>@3 (line 86)
                      ; - com.sun.prism.d3d.D3DGraphics::<init>@3 (line 40)
                      ; - com.sun.prism.d3d.D3DGraphics::create@51 (line 63)
  0x0000017aca36e188: 544d 78ff 

  0x0000017aca36e18c: ;   {post_call_nop}
  0x0000017aca36e18c: 0f1f 8400 | 040d 0008 | 488b e8e9 | 9ef7 ffff | c5fa 1154 | 2424 c5f9 

  0x0000017aca36e1a4: ;   {metadata('com/sun/javafx/geom/RectBounds')}
  0x0000017aca36e1a4: 7ecd 48ba | f8ae 053e | 0000 0000 | 4889 4c24 | 3848 894c 

  0x0000017aca36e1b8: ;   {runtime_call C2 Runtime new_instance}
  0x0000017aca36e1b8: 2440 90e8 

  0x0000017aca36e1bc: ; ImmutableOopMap {[48]=Oop [56]=Oop [64]=Oop [96]=Oop }
                      ;*new {reexecute=0 rethrow=0 return_oop=1}
                      ; - com.sun.prism.impl.BaseGraphics::<init>@124 (line 94)
                      ; - com.sun.prism.impl.ps.BaseShaderGraphics::<init>@3 (line 86)
                      ; - com.sun.prism.d3d.D3DGraphics::<init>@3 (line 40)
                      ; - com.sun.prism.d3d.D3DGraphics::create@51 (line 63)
  0x0000017aca36e1bc: 204d 78ff 

  0x0000017aca36e1c0: ;   {post_call_nop}
  0x0000017aca36e1c0: 0f1f 8400 | 380d 0009 | c5f9 6ecd | c5fa 1054 | 2424 e94b | f8ff ffba | 45ff ffff | 48ff 7424 
  0x0000017aca36e1e0: 6048 8f44 | 2440 4489 | 6c24 2444 | 8974 2458 | 4489 4424 

  0x0000017aca36e1f4: ;   {runtime_call UncommonTrapBlob}
  0x0000017aca36e1f4: 6066 90e8 

  0x0000017aca36e1f8: ; ImmutableOopMap {[36]=NarrowOop [48]=Oop [64]=Oop [88]=NarrowOop }
                      ;*if_icmpne {reexecute=1 rethrow=0 return_oop=0}
                      ; - (reexecute) com.sun.prism.impl.ps.BaseShaderContext::setRenderTarget@40 (line 783)
                      ; - com.sun.prism.impl.BaseContext::setRenderTarget@36 (line 149)
                      ; - com.sun.prism.impl.BaseGraphics::<init>@151 (line 107)
                      ; - com.sun.prism.impl.ps.BaseShaderGraphics::<init>@3 (line 86)
                      ; - com.sun.prism.d3d.D3DGraphics::<init>@3 (line 40)
                      ; - com.sun.prism.d3d.D3DGraphics::create@51 (line 63)
  0x0000017aca36e1f8: e409 78ff 

  0x0000017aca36e1fc: ;   {post_call_nop}
  0x0000017aca36e1fc: 0f1f 8400 | 740d 000a | 4533 db4d | 3bd3 bdff | ffff ff7c | 0840 0f95 | c540 0fb6 | edba 45ff 
  0x0000017aca36e21c: ;   {runtime_call UncommonTrapBlob}
  0x0000017aca36e21c: ffff 90e8 

  0x0000017aca36e220: ; ImmutableOopMap {}
                      ;*ifne {reexecute=1 rethrow=0 return_oop=0}
                      ; - (reexecute) com.sun.prism.d3d.D3DGraphics::create@19 (line 55)
  0x0000017aca36e220: bc09 78ff 

  0x0000017aca36e224: ;   {post_call_nop}
  0x0000017aca36e224: 0f1f 8400 | 9c0d 000b | ba45 ffff | ff48 8b6c | 2430 4889 | 5c24 3848 | 895c 2440 | 4489 5c24 
  0x0000017aca36e244: ;   {runtime_call UncommonTrapBlob}
  0x0000017aca36e244: 2466 90e8 

  0x0000017aca36e248: ; ImmutableOopMap {rbp=Oop [56]=Oop [64]=Oop }
                      ;*ifeq {reexecute=1 rethrow=0 return_oop=0}
                      ; - (reexecute) com.sun.prism.impl.ps.BaseShaderContext::setRenderTarget@4 (line 778)
                      ; - com.sun.prism.impl.BaseContext::setRenderTarget@36 (line 149)
                      ; - com.sun.prism.impl.BaseGraphics::<init>@151 (line 107)
                      ; - com.sun.prism.impl.ps.BaseShaderGraphics::<init>@3 (line 86)
                      ; - com.sun.prism.d3d.D3DGraphics::<init>@3 (line 40)
                      ; - com.sun.prism.d3d.D3DGraphics::create@51 (line 63)
  0x0000017aca36e248: 9409 78ff 

  0x0000017aca36e24c: ;   {post_call_nop}
  0x0000017aca36e24c: 0f1f 8400 | c40d 000c | ba45 ffff | ff48 ff74 | 2430 488f | 4424 2848 | ff74 2460 | 488f 4424 
  0x0000017aca36e26c: 404c 895c | 2458 4489 | 7424 2444 | 8944 2460 

  0x0000017aca36e27c: ;   {runtime_call UncommonTrapBlob}
  0x0000017aca36e27c: 6666 90e8 

  0x0000017aca36e280: ; ImmutableOopMap {[36]=NarrowOop [40]=Oop [64]=Oop [88]=Oop }
                      ;*ifgt {reexecute=1 rethrow=0 return_oop=0}
                      ; - (reexecute) com.sun.prism.impl.ManagedResource::assertLocked@4 (line 95)
                      ; - com.sun.prism.impl.BaseTexture::assertLocked@4 (line 267)
                      ; - com.sun.prism.impl.ps.BaseShaderContext::setRenderTarget@19 (line 781)
                      ; - com.sun.prism.impl.BaseContext::setRenderTarget@36 (line 149)
                      ; - com.sun.prism.impl.BaseGraphics::<init>@151 (line 107)
                      ; - com.sun.prism.impl.ps.BaseShaderGraphics::<init>@3 (line 86)
                      ; - com.sun.prism.d3d.D3DGraphics::<init>@3 (line 40)
                      ; - com.sun.prism.d3d.D3DGraphics::create@51 (line 63)
  0x0000017aca36e280: 5c09 78ff 

  0x0000017aca36e284: ;   {post_call_nop}
  0x0000017aca36e284: 0f1f 8400 | fc0d 000d | ba45 ffff | ff48 ff74 | 2430 488f | 4424 2848 | ff74 2460 | 488f 4424 
  0x0000017aca36e2a4: 4044 896c | 2424 4489 | 7424 5844 | 8944 245c 

  0x0000017aca36e2b4: ;   {runtime_call UncommonTrapBlob}
  0x0000017aca36e2b4: 6666 90e8 

  0x0000017aca36e2b8: ; ImmutableOopMap {[36]=NarrowOop [40]=Oop [64]=Oop [88]=NarrowOop }
                      ;*if_icmpeq {reexecute=1 rethrow=0 return_oop=0}
                      ; - (reexecute) com.sun.prism.impl.ps.BaseShaderContext::setRenderTarget@73 (line 783)
                      ; - com.sun.prism.impl.BaseContext::setRenderTarget@36 (line 149)
                      ; - com.sun.prism.impl.BaseGraphics::<init>@151 (line 107)
                      ; - com.sun.prism.impl.ps.BaseShaderGraphics::<init>@3 (line 86)
                      ; - com.sun.prism.d3d.D3DGraphics::<init>@3 (line 40)
                      ; - com.sun.prism.d3d.D3DGraphics::create@51 (line 63)
  0x0000017aca36e2b8: 2409 78ff 

  0x0000017aca36e2bc: ;   {post_call_nop}
  0x0000017aca36e2bc: 0f1f 8400 | 340e 000e | ba45 ffff | ff44 8954 

  0x0000017aca36e2cc: ;   {runtime_call UncommonTrapBlob}
  0x0000017aca36e2cc: 2424 90e8 

  0x0000017aca36e2d0: ; ImmutableOopMap {[36]=NarrowOop [48]=Oop [112]=Oop }
                      ;*ifgt {reexecute=1 rethrow=0 return_oop=0}
                      ; - (reexecute) com.sun.prism.impl.ManagedResource::assertLocked@4 (line 95)
                      ; - com.sun.prism.impl.ManagedResource::getResource@1 (line 70)
                      ; - com.sun.prism.d3d.D3DRTTexture::getResourceHandle@7 (line 75)
                      ; - com.sun.prism.d3d.D3DGraphics::create@10 (line 54)
  0x0000017aca36e2d0: 0c09 78ff 

  0x0000017aca36e2d4: ;   {post_call_nop}
  0x0000017aca36e2d4: 0f1f 8400 | 4c0e 000f | ba45 ffff | ff48 ff74 | 2430 488f | 4424 2848 | 895c 2448 | 4889 5c24 
  0x0000017aca36e2f4: 5044 896c | 2424 4489 

  0x0000017aca36e2fc: ;   {runtime_call UncommonTrapBlob}
  0x0000017aca36e2fc: 7424 60e8 

  0x0000017aca36e300: ; ImmutableOopMap {[36]=NarrowOop [40]=Oop [72]=Oop [80]=Oop [96]=NarrowOop }
                      ;*ifeq {reexecute=1 rethrow=0 return_oop=0}
                      ; - (reexecute) com.sun.prism.impl.BaseContext::setRenderTarget@24 (line 150)
                      ; - com.sun.prism.impl.BaseGraphics::<init>@151 (line 107)
                      ; - com.sun.prism.impl.ps.BaseShaderGraphics::<init>@3 (line 86)
                      ; - com.sun.prism.d3d.D3DGraphics::<init>@3 (line 40)
                      ; - com.sun.prism.d3d.D3DGraphics::create@51 (line 63)
  0x0000017aca36e300: dc08 78ff 

  0x0000017aca36e304: ;   {post_call_nop}
  0x0000017aca36e304: 0f1f 8400 | 7c0e 0010 | bac6 ffff | ff48 ff74 | 2430 488f | 4424 2848 | ff74 2470 | 488f 4424 
  0x0000017aca36e324: 4048 ff74 | 2460 488f 

  0x0000017aca36e32c: ;   {runtime_call UncommonTrapBlob}
  0x0000017aca36e32c: 4424 50e8 

  0x0000017aca36e330: ; ImmutableOopMap {rbp=Oop [40]=Oop [64]=Oop [80]=Oop }
                      ;*invokeinterface getContentWidth {reexecute=0 rethrow=0 return_oop=0}
                      ; - com.sun.prism.impl.BaseGraphics::<init>@104 (line 92)
                      ; - com.sun.prism.impl.ps.BaseShaderGraphics::<init>@3 (line 86)
                      ; - com.sun.prism.d3d.D3DGraphics::<init>@3 (line 40)
                      ; - com.sun.prism.d3d.D3DGraphics::create@51 (line 63)
  0x0000017aca36e330: ac08 78ff 

  0x0000017aca36e334: ;   {post_call_nop}
  0x0000017aca36e334: 0f1f 8400 | ac0e 0011 | bac6 ffff | ff48 ff74 | 2430 488f | 4424 284c | 8954 2440 | 48ff 7424 
  0x0000017aca36e354: 6048 8f44 | 2448 c5fa | 114c 2424 

  0x0000017aca36e360: ;   {runtime_call UncommonTrapBlob}
  0x0000017aca36e360: 6666 90e8 

  0x0000017aca36e364: ; ImmutableOopMap {rbp=Oop [40]=Oop [64]=Oop [72]=Oop }
                      ;*invokeinterface getContentHeight {reexecute=0 rethrow=0 return_oop=0}
                      ; - com.sun.prism.impl.BaseGraphics::<init>@111 (line 93)
                      ; - com.sun.prism.impl.ps.BaseShaderGraphics::<init>@3 (line 86)
                      ; - com.sun.prism.d3d.D3DGraphics::<init>@3 (line 40)
                      ; - com.sun.prism.d3d.D3DGraphics::create@51 (line 63)
  0x0000017aca36e364: 7808 78ff 

  0x0000017aca36e368: ;   {post_call_nop}
  0x0000017aca36e368: 0f1f 8400 | e00e 0012 | bac6 ffff 

  0x0000017aca36e374: ;   {runtime_call UncommonTrapBlob}
  0x0000017aca36e374: ff66 90e8 

  0x0000017aca36e378: ; ImmutableOopMap {rbp=Oop [48]=Oop [112]=Oop }
                      ;*invokeinterface getResourceHandle {reexecute=0 rethrow=0 return_oop=0}
                      ; - com.sun.prism.d3d.D3DGraphics::create@10 (line 54)
  0x0000017aca36e378: 6408 78ff 

  0x0000017aca36e37c: ;   {post_call_nop}
  0x0000017aca36e37c: 0f1f 8400 | f40e 0013 | ba45 ffff | ff44 895c 

  0x0000017aca36e38c: ;   {runtime_call UncommonTrapBlob}
  0x0000017aca36e38c: 2458 90e8 

  0x0000017aca36e390: ; ImmutableOopMap {[40]=Oop [64]=Oop }
                      ;*if_icmpeq {reexecute=1 rethrow=0 return_oop=0}
                      ; - (reexecute) com.sun.prism.impl.ps.BaseShaderContext::setRenderTarget@132 (line 802)
                      ; - com.sun.prism.impl.BaseContext::setRenderTarget@36 (line 149)
                      ; - com.sun.prism.impl.BaseGraphics::<init>@151 (line 107)
                      ; - com.sun.prism.impl.ps.BaseShaderGraphics::<init>@3 (line 86)
                      ; - com.sun.prism.d3d.D3DGraphics::<init>@3 (line 40)
                      ; - com.sun.prism.d3d.D3DGraphics::create@51 (line 63)
  0x0000017aca36e390: 4c08 78ff 

  0x0000017aca36e394: ;   {post_call_nop}
  0x0000017aca36e394: 0f1f 8400 | 0c0f 0014 | ba45 ffff | ff48 ff74 | 2430 488f | 4424 2848 | ff74 2460 | 488f 4424 
  0x0000017aca36e3b4: 4044 896c | 2424 4489 | 7424 5844 | 8944 245c | 4489 5c24 | 6089 7c24 | 6844 894c | 246c 894c 
  0x0000017aca36e3d4: 2470 4489 

  0x0000017aca36e3d8: ;   {runtime_call UncommonTrapBlob}
  0x0000017aca36e3d8: 5424 74e8 

  0x0000017aca36e3dc: ; ImmutableOopMap {[36]=NarrowOop [40]=Oop [64]=Oop [88]=NarrowOop [96]=NarrowOop [104]=NarrowOop [108]=NarrowOop [116]=NarrowOop }
                      ;*ifgt {reexecute=1 rethrow=0 return_oop=0}
                      ; - (reexecute) com.sun.prism.impl.BaseContext::flushMask@4 (line 111)
                      ; - com.sun.prism.impl.BaseContext::drawQuads@1 (line 124)
                      ; - com.sun.prism.impl.VertexBuffer::flush@23 (line 98)
                      ; - com.sun.prism.impl.BaseContext::flushVertexBuffer@12 (line 107)
                      ; - com.sun.prism.impl.ps.BaseShaderContext::setRenderTarget@77 (line 789)
                      ; - com.sun.prism.impl.BaseContext::setRenderTarget@36 (line 149)
                      ; - com.sun.prism.impl.BaseGraphics::<init>@151 (line 107)
                      ; - com.sun.prism.impl.ps.BaseShaderGraphics::<init>@3 (line 86)
                      ; - com.sun.prism.d3d.D3DGraphics::<init>@3 (line 40)
                      ; - com.sun.prism.d3d.D3DGraphics::create@51 (line 63)
  0x0000017aca36e3dc: 0008 78ff 

  0x0000017aca36e3e0: ;   {post_call_nop}
  0x0000017aca36e3e0: 0f1f 8400 | 580f 0015 | baf6 ffff 

  0x0000017aca36e3ec: ;   {runtime_call UncommonTrapBlob}
  0x0000017aca36e3ec: ff66 90e8 

  0x0000017aca36e3f0: ; ImmutableOopMap {}
                      ;*invokevirtual lock {reexecute=0 rethrow=0 return_oop=0}
                      ; - com.sun.prism.impl.BaseTexture::lock@4 (line 252)
                      ; - com.sun.prism.impl.BaseContext::flushMask@18 (line 112)
                      ; - com.sun.prism.impl.BaseContext::drawQuads@1 (line 124)
                      ; - com.sun.prism.impl.VertexBuffer::flush@23 (line 98)
                      ; - com.sun.prism.impl.BaseContext::flushVertexBuffer@12 (line 107)
                      ; - com.sun.prism.impl.ps.BaseShaderContext::setRenderTarget@77 (line 789)
                      ; - com.sun.prism.impl.BaseContext::setRenderTarget@36 (line 149)
                      ; - com.sun.prism.impl.BaseGraphics::<init>@151 (line 107)
                      ; - com.sun.prism.impl.ps.BaseShaderGraphics::<init>@3 (line 86)
                      ; - com.sun.prism.d3d.D3DGraphics::<init>@3 (line 40)
                      ; - com.sun.prism.d3d.D3DGraphics::create@51 (line 63)
  0x0000017aca36e3f0: ec07 78ff 

  0x0000017aca36e3f4: ;   {post_call_nop}
  0x0000017aca36e3f4: 0f1f 8400 | 6c0f 0016 | bade ffff | ff48 ff74 | 2430 488f | 4424 2848 | ff74 2460 | 488f 4424 
  0x0000017aca36e414: 4044 896c | 2424 4489 | 7424 5844 | 8944 245c | 4489 5c24 | 6089 7c24 | 6844 894c | 246c 894c 
  0x0000017aca36e434: 2470 4489 

  0x0000017aca36e438: ;   {runtime_call UncommonTrapBlob}
  0x0000017aca36e438: 5424 74e8 

  0x0000017aca36e43c: ; ImmutableOopMap {rbp=NarrowOop [36]=NarrowOop [40]=Oop [64]=Oop [88]=NarrowOop [96]=NarrowOop [104]=NarrowOop [108]=NarrowOop [116]=NarrowOop }
                      ;*invokeinterface lock {reexecute=0 rethrow=0 return_oop=0}
                      ; - com.sun.prism.impl.BaseContext::flushMask@18 (line 112)
                      ; - com.sun.prism.impl.BaseContext::drawQuads@1 (line 124)
                      ; - com.sun.prism.impl.VertexBuffer::flush@23 (line 98)
                      ; - com.sun.prism.impl.BaseContext::flushVertexBuffer@12 (line 107)
                      ; - com.sun.prism.impl.ps.BaseShaderContext::setRenderTarget@77 (line 789)
                      ; - com.sun.prism.impl.BaseContext::setRenderTarget@36 (line 149)
                      ; - com.sun.prism.impl.BaseGraphics::<init>@151 (line 107)
                      ; - com.sun.prism.impl.ps.BaseShaderGraphics::<init>@3 (line 86)
                      ; - com.sun.prism.d3d.D3DGraphics::<init>@3 (line 40)
                      ; - com.sun.prism.d3d.D3DGraphics::create@51 (line 63)
  0x0000017aca36e43c: a007 78ff 

  0x0000017aca36e440: ;   {post_call_nop}
  0x0000017aca36e440: 0f1f 8400 | b80f 0017 | bade ffff | ff44 8954 

  0x0000017aca36e450: ;   {runtime_call UncommonTrapBlob}
  0x0000017aca36e450: 2474 90e8 

  0x0000017aca36e454: ; ImmutableOopMap {rbp=NarrowOop [36]=NarrowOop [40]=Oop [64]=Oop [72]=NarrowOop [80]=NarrowOop [88]=NarrowOop [92]=NarrowOop [116]=NarrowOop }
                      ;*invokeinterface unlock {reexecute=0 rethrow=0 return_oop=0}
                      ; - com.sun.prism.impl.BaseContext::flushMask@71 (line 118)
                      ; - com.sun.prism.impl.BaseContext::drawQuads@1 (line 124)
                      ; - com.sun.prism.impl.VertexBuffer::flush@23 (line 98)
                      ; - com.sun.prism.impl.BaseContext::flushVertexBuffer@12 (line 107)
                      ; - com.sun.prism.impl.ps.BaseShaderContext::setRenderTarget@77 (line 789)
                      ; - com.sun.prism.impl.BaseContext::setRenderTarget@36 (line 149)
                      ; - com.sun.prism.impl.BaseGraphics::<init>@151 (line 107)
                      ; - com.sun.prism.impl.ps.BaseShaderGraphics::<init>@3 (line 86)
                      ; - com.sun.prism.d3d.D3DGraphics::<init>@3 (line 40)
                      ; - com.sun.prism.d3d.D3DGraphics::create@51 (line 63)
  0x0000017aca36e454: 8807 78ff 

  0x0000017aca36e458: ;   {post_call_nop}
  0x0000017aca36e458: 0f1f 8400 | d00f 0018 | ba45 ffff | ff44 8954 | 2474 4489 

  0x0000017aca36e46c: ;   {runtime_call UncommonTrapBlob}
  0x0000017aca36e46c: 5c24 78e8 

  0x0000017aca36e470: ; ImmutableOopMap {[36]=NarrowOop [40]=Oop [64]=Oop [72]=NarrowOop [80]=NarrowOop [88]=NarrowOop [92]=NarrowOop [116]=NarrowOop [120]=NarrowOop }
                      ;*ifgt {reexecute=1 rethrow=0 return_oop=0}
                      ; - (reexecute) com.sun.prism.impl.ManagedResource::assertLocked@4 (line 95)
                      ; - com.sun.prism.impl.ManagedResource::unlock@1 (line 156)
                      ; - com.sun.prism.impl.BaseTexture::unlock@4 (line 272)
                      ; - com.sun.prism.impl.BaseContext::flushMask@71 (line 118)
                      ; - com.sun.prism.impl.BaseContext::drawQuads@1 (line 124)
                      ; - com.sun.prism.impl.VertexBuffer::flush@23 (line 98)
                      ; - com.sun.prism.impl.BaseContext::flushVertexBuffer@12 (line 107)
                      ; - com.sun.prism.impl.ps.BaseShaderContext::setRenderTarget@77 (line 789)
                      ; - com.sun.prism.impl.BaseContext::setRenderTarget@36 (line 149)
                      ; - com.sun.prism.impl.BaseGraphics::<init>@151 (line 107)
                      ; - com.sun.prism.impl.ps.BaseShaderGraphics::<init>@3 (line 86)
                      ; - com.sun.prism.d3d.D3DGraphics::<init>@3 (line 40)
                      ; - com.sun.prism.d3d.D3DGraphics::create@51 (line 63)
  0x0000017aca36e470: 6c07 78ff 

  0x0000017aca36e474: ;   {post_call_nop}
  0x0000017aca36e474: 0f1f 8400 | ec0f 0019 | bade ffff | ff48 8b6c | 2430 48ff | 7424 6048 | 8f44 2438 | 4489 7424 
  0x0000017aca36e494: 5044 8944 | 2454 4489 

  0x0000017aca36e49c: ;   {runtime_call UncommonTrapBlob}
  0x0000017aca36e49c: 6c24 58e8 

  0x0000017aca36e4a0: ; ImmutableOopMap {rbp=Oop [56]=Oop [80]=NarrowOop [88]=NarrowOop }
                      ;*checkcast {reexecute=0 rethrow=0 return_oop=0}
                      ; - com.sun.prism.impl.ps.BaseShaderContext::setRenderTarget@16 (line 781)
                      ; - com.sun.prism.impl.BaseContext::setRenderTarget@36 (line 149)
                      ; - com.sun.prism.impl.BaseGraphics::<init>@151 (line 107)
                      ; - com.sun.prism.impl.ps.BaseShaderGraphics::<init>@3 (line 86)
                      ; - com.sun.prism.d3d.D3DGraphics::<init>@3 (line 40)
                      ; - com.sun.prism.d3d.D3DGraphics::create@51 (line 63)
  0x0000017aca36e4a0: 3c07 78ff 

  0x0000017aca36e4a4: ;   {post_call_nop}
  0x0000017aca36e4a4: 0f1f 8400 | 1c10 001a | bade ffff 

  0x0000017aca36e4b0: ;   {runtime_call UncommonTrapBlob}
  0x0000017aca36e4b0: ff66 90e8 

  0x0000017aca36e4b4: ; ImmutableOopMap {rbp=NarrowOop [48]=Oop [112]=Oop }
                      ;*checkcast {reexecute=0 rethrow=0 return_oop=0}
                      ; - com.sun.prism.d3d.D3DRTTexture::getResourceHandle@10 (line 75)
                      ; - com.sun.prism.d3d.D3DGraphics::create@10 (line 54)
  0x0000017aca36e4b4: 2807 78ff 

  0x0000017aca36e4b8: ;   {post_call_nop}
  0x0000017aca36e4b8: 0f1f 8400 | 3010 001b | baf4 ffff | ff48 8b6c | 2430 4889 | 5c24 4048 | 895c 2448 | 4489 7424 
  0x0000017aca36e4d8: 2444 8944 

  0x0000017aca36e4dc: ;   {runtime_call UncommonTrapBlob}
  0x0000017aca36e4dc: 2450 90e8 

  0x0000017aca36e4e0: ; ImmutableOopMap {rbp=Oop [36]=NarrowOop [64]=Oop [72]=Oop }
                      ;*instanceof {reexecute=0 rethrow=0 return_oop=0}
                      ; - com.sun.prism.impl.ps.BaseShaderContext::setRenderTarget@9 (line 780)
                      ; - com.sun.prism.impl.BaseContext::setRenderTarget@36 (line 149)
                      ; - com.sun.prism.impl.BaseGraphics::<init>@151 (line 107)
                      ; - com.sun.prism.impl.ps.BaseShaderGraphics::<init>@3 (line 86)
                      ; - com.sun.prism.d3d.D3DGraphics::<init>@3 (line 40)
                      ; - com.sun.prism.d3d.D3DGraphics::create@51 (line 63)
  0x0000017aca36e4e0: fc06 78ff 

  0x0000017aca36e4e4: ;   {post_call_nop}
  0x0000017aca36e4e4: 0f1f 8400 | 5c10 001c | baf6 ffff 

  0x0000017aca36e4f0: ;   {runtime_call UncommonTrapBlob}
  0x0000017aca36e4f0: ff66 90e8 

  0x0000017aca36e4f4: ; ImmutableOopMap {}
                      ;*invokevirtual assertLocked {reexecute=0 rethrow=0 return_oop=0}
                      ; - com.sun.prism.impl.BaseTexture::assertLocked@4 (line 267)
                      ; - com.sun.prism.impl.ps.BaseShaderContext::setRenderTarget@19 (line 781)
                      ; - com.sun.prism.impl.BaseContext::setRenderTarget@36 (line 149)
                      ; - com.sun.prism.impl.BaseGraphics::<init>@151 (line 107)
                      ; - com.sun.prism.impl.ps.BaseShaderGraphics::<init>@3 (line 86)
                      ; - com.sun.prism.d3d.D3DGraphics::<init>@3 (line 40)
                      ; - com.sun.prism.d3d.D3DGraphics::create@51 (line 63)
  0x0000017aca36e4f4: e806 78ff 

  0x0000017aca36e4f8: ;   {post_call_nop}
  0x0000017aca36e4f8: 0f1f 8400 | 7010 001d | ba56 ffff 

  0x0000017aca36e504: ;   {runtime_call UncommonTrapBlob}
  0x0000017aca36e504: ff66 90e8 

  0x0000017aca36e508: ; ImmutableOopMap {}
                      ;*invokevirtual getResource {reexecute=0 rethrow=0 return_oop=0}
                      ; - com.sun.prism.d3d.D3DRTTexture::getResourceHandle@7 (line 75)
                      ; - com.sun.prism.d3d.D3DGraphics::create@10 (line 54)
  0x0000017aca36e508: d406 78ff 

  0x0000017aca36e50c: ;   {post_call_nop}
  0x0000017aca36e50c: 0f1f 8400 | 8410 001e | baf4 ffff | ff48 8b6c 

  0x0000017aca36e51c: ;   {runtime_call UncommonTrapBlob}
  0x0000017aca36e51c: 2470 90e8 

  0x0000017aca36e520: ; ImmutableOopMap {rbp=Oop [48]=Oop }
                      ;*checkcast {reexecute=0 rethrow=0 return_oop=0}
                      ; - com.sun.prism.d3d.D3DRTTexture::getResourceHandle@10 (line 75)
                      ; - com.sun.prism.d3d.D3DGraphics::create@10 (line 54)
  0x0000017aca36e520: bc06 78ff 

  0x0000017aca36e524: ;   {post_call_nop}
  0x0000017aca36e524: 0f1f 8400 | 9c10 001f | ba45 ffff | ff48 8b6c 

  0x0000017aca36e534: ;   {runtime_call UncommonTrapBlob}
  0x0000017aca36e534: 2470 90e8 

  0x0000017aca36e538: ; ImmutableOopMap {rbp=Oop }
                      ;*ifnonnull {reexecute=1 rethrow=0 return_oop=0}
                      ; - (reexecute) com.sun.prism.d3d.D3DGraphics::create@1 (line 51)
  0x0000017aca36e538: a406 78ff 

  0x0000017aca36e53c: ;   {post_call_nop}
  0x0000017aca36e53c: 0f1f 8400 | b410 0020 | ba45 ffff | ff4c 8954 | 2428 4889 | 5c24 4848 | 895c 2450 

  0x0000017aca36e558: ;   {runtime_call UncommonTrapBlob}
  0x0000017aca36e558: 6666 90e8 

  0x0000017aca36e55c: ; ImmutableOopMap {[40]=Oop [48]=Oop [72]=Oop [80]=Oop }
                      ;*ifnull {reexecute=1 rethrow=0 return_oop=0}
                      ; - (reexecute) com.sun.prism.impl.BaseGraphics::<init>@146 (line 96)
                      ; - com.sun.prism.impl.ps.BaseShaderGraphics::<init>@3 (line 86)
                      ; - com.sun.prism.d3d.D3DGraphics::<init>@3 (line 40)
                      ; - com.sun.prism.d3d.D3DGraphics::create@51 (line 63)
  0x0000017aca36e55c: 8006 78ff 

  0x0000017aca36e560: ;   {post_call_nop}
  0x0000017aca36e560: 0f1f 8400 | d810 0021 | ba45 ffff | ff4c 8954 | 2428 48ff | 7424 6048 | 8f44 2438 | 4489 6c24 
  0x0000017aca36e580: 2444 8974 | 2450 4489 | 4424 5444 | 894c 2458 

  0x0000017aca36e590: ;   {runtime_call UncommonTrapBlob}
  0x0000017aca36e590: 6666 90e8 

  0x0000017aca36e594: ; ImmutableOopMap {[36]=NarrowOop [40]=Oop [48]=Oop [56]=Oop [80]=NarrowOop [88]=NarrowOop }
                      ;*ifnull {reexecute=1 rethrow=0 return_oop=0}
                      ; - (reexecute) com.sun.prism.impl.ps.BaseShaderContext::setRenderTarget@28 (line 783)
                      ; - com.sun.prism.impl.BaseContext::setRenderTarget@36 (line 149)
                      ; - com.sun.prism.impl.BaseGraphics::<init>@151 (line 107)
                      ; - com.sun.prism.impl.ps.BaseShaderGraphics::<init>@3 (line 86)
                      ; - com.sun.prism.d3d.D3DGraphics::<init>@3 (line 40)
                      ; - com.sun.prism.d3d.D3DGraphics::create@51 (line 63)
  0x0000017aca36e594: 4806 78ff 

  0x0000017aca36e598: ;   {post_call_nop}
  0x0000017aca36e598: 0f1f 8400 | 1011 0022 | baf6 ffff 

  0x0000017aca36e5a4: ;   {runtime_call UncommonTrapBlob}
  0x0000017aca36e5a4: ff66 90e8 

  0x0000017aca36e5a8: ; ImmutableOopMap {}
                      ;*invokevirtual getResource {reexecute=0 rethrow=0 return_oop=0}
                      ; - com.sun.prism.d3d.D3DSwapChain::getResourceHandle@4 (line 93)
                      ; - com.sun.prism.d3d.D3DGraphics::create@10 (line 54)
  0x0000017aca36e5a8: 3406 78ff 

  0x0000017aca36e5ac: ;   {post_call_nop}
  0x0000017aca36e5ac: 0f1f 8400 | 2411 0023 | baf6 ffff 

  0x0000017aca36e5b8: ;   {runtime_call UncommonTrapBlob}
  0x0000017aca36e5b8: ff66 90e8 

  0x0000017aca36e5bc: ; ImmutableOopMap {}
                      ;*invokevirtual flush {reexecute=0 rethrow=0 return_oop=0}
                      ; - com.sun.prism.impl.BaseContext::flushVertexBuffer@12 (line 107)
                      ; - com.sun.prism.impl.ps.BaseShaderContext::setRenderTarget@77 (line 789)
                      ; - com.sun.prism.impl.BaseContext::setRenderTarget@36 (line 149)
                      ; - com.sun.prism.impl.BaseGraphics::<init>@151 (line 107)
                      ; - com.sun.prism.impl.ps.BaseShaderGraphics::<init>@3 (line 86)
                      ; - com.sun.prism.d3d.D3DGraphics::<init>@3 (line 40)
                      ; - com.sun.prism.d3d.D3DGraphics::create@51 (line 63)
  0x0000017aca36e5bc: 2006 78ff 

  0x0000017aca36e5c0: ;   {post_call_nop}
  0x0000017aca36e5c0: 0f1f 8400 | 3811 0024 | baf6 ffff | ff8b 6c24 

  0x0000017aca36e5d0: ;   {runtime_call UncommonTrapBlob}
  0x0000017aca36e5d0: 2466 90e8 

  0x0000017aca36e5d4: ; ImmutableOopMap {rbp=NarrowOop }
                      ;*putfield lastRenderTarget {reexecute=1 rethrow=0 return_oop=0}
                      ; - (reexecute) com.sun.prism.impl.ps.BaseShaderContext::setRenderTarget@96 (line 791)
                      ; - com.sun.prism.impl.BaseContext::setRenderTarget@36 (line 149)
                      ; - com.sun.prism.impl.BaseGraphics::<init>@151 (line 107)
                      ; - com.sun.prism.impl.ps.BaseShaderGraphics::<init>@3 (line 86)
                      ; - com.sun.prism.d3d.D3DGraphics::<init>@3 (line 40)
                      ; - com.sun.prism.d3d.D3DGraphics::create@51 (line 63)
  0x0000017aca36e5d4: 0806 78ff 

  0x0000017aca36e5d8: ;   {post_call_nop}
  0x0000017aca36e5d8: 0f1f 8400 | 5011 0025 | baf6 ffff | ff8b ef44 | 894c 2424 | 894c 2428 

  0x0000017aca36e5f0: ;   {runtime_call UncommonTrapBlob}
  0x0000017aca36e5f0: 6666 90e8 

  0x0000017aca36e5f4: ; ImmutableOopMap {rbp=NarrowOop [36]=NarrowOop }
                      ;*invokevirtual drawQuads {reexecute=0 rethrow=0 return_oop=0}
                      ; - com.sun.prism.impl.VertexBuffer::flush@23 (line 98)
                      ; - com.sun.prism.impl.BaseContext::flushVertexBuffer@12 (line 107)
                      ; - com.sun.prism.impl.ps.BaseShaderContext::setRenderTarget@77 (line 789)
                      ; - com.sun.prism.impl.BaseContext::setRenderTarget@36 (line 149)
                      ; - com.sun.prism.impl.BaseGraphics::<init>@151 (line 107)
                      ; - com.sun.prism.impl.ps.BaseShaderGraphics::<init>@3 (line 86)
                      ; - com.sun.prism.d3d.D3DGraphics::<init>@3 (line 40)
                      ; - com.sun.prism.d3d.D3DGraphics::create@51 (line 63)
  0x0000017aca36e5f4: e805 78ff 

  0x0000017aca36e5f8: ;   {post_call_nop}
  0x0000017aca36e5f8: 0f1f 8400 | 7011 0026 | baf6 ffff 

  0x0000017aca36e604: ;   {runtime_call UncommonTrapBlob}
  0x0000017aca36e604: ff66 90e8 

  0x0000017aca36e608: ; ImmutableOopMap {}
                      ;*invokeinterface lock {reexecute=0 rethrow=0 return_oop=0}
                      ; - com.sun.prism.impl.BaseContext::flushMask@18 (line 112)
                      ; - com.sun.prism.impl.BaseContext::drawQuads@1 (line 124)
                      ; - com.sun.prism.impl.VertexBuffer::flush@23 (line 98)
                      ; - com.sun.prism.impl.BaseContext::flushVertexBuffer@12 (line 107)
                      ; - com.sun.prism.impl.ps.BaseShaderContext::setRenderTarget@77 (line 789)
                      ; - com.sun.prism.impl.BaseContext::setRenderTarget@36 (line 149)
                      ; - com.sun.prism.impl.BaseGraphics::<init>@151 (line 107)
                      ; - com.sun.prism.impl.ps.BaseShaderGraphics::<init>@3 (line 86)
                      ; - com.sun.prism.d3d.D3DGraphics::<init>@3 (line 40)
                      ; - com.sun.prism.d3d.D3DGraphics::create@51 (line 63)
  0x0000017aca36e608: d405 78ff 

  0x0000017aca36e60c: ;   {post_call_nop}
  0x0000017aca36e60c: 0f1f 8400 | 8411 0027 | baf6 ffff 

  0x0000017aca36e618: ;   {runtime_call UncommonTrapBlob}
  0x0000017aca36e618: ff66 90e8 

  0x0000017aca36e61c: ; ImmutableOopMap {}
                      ;*invokeinterface unlock {reexecute=0 rethrow=0 return_oop=0}
                      ; - com.sun.prism.impl.BaseContext::flushMask@71 (line 118)
                      ; - com.sun.prism.impl.BaseContext::drawQuads@1 (line 124)
                      ; - com.sun.prism.impl.VertexBuffer::flush@23 (line 98)
                      ; - com.sun.prism.impl.BaseContext::flushVertexBuffer@12 (line 107)
                      ; - com.sun.prism.impl.ps.BaseShaderContext::setRenderTarget@77 (line 789)
                      ; - com.sun.prism.impl.BaseContext::setRenderTarget@36 (line 149)
                      ; - com.sun.prism.impl.BaseGraphics::<init>@151 (line 107)
                      ; - com.sun.prism.impl.ps.BaseShaderGraphics::<init>@3 (line 86)
                      ; - com.sun.prism.d3d.D3DGraphics::<init>@3 (line 40)
                      ; - com.sun.prism.d3d.D3DGraphics::create@51 (line 63)
  0x0000017aca36e61c: c005 78ff 

  0x0000017aca36e620: ;   {post_call_nop}
  0x0000017aca36e620: 0f1f 8400 | 9811 0028 | baf6 ffff 

  0x0000017aca36e62c: ;   {runtime_call UncommonTrapBlob}
  0x0000017aca36e62c: ff66 90e8 

  0x0000017aca36e630: ; ImmutableOopMap {}
                      ;*invokevirtual unlock {reexecute=0 rethrow=0 return_oop=0}
                      ; - com.sun.prism.impl.BaseTexture::unlock@4 (line 272)
                      ; - com.sun.prism.impl.BaseContext::flushMask@71 (line 118)
                      ; - com.sun.prism.impl.BaseContext::drawQuads@1 (line 124)
                      ; - com.sun.prism.impl.VertexBuffer::flush@23 (line 98)
                      ; - com.sun.prism.impl.BaseContext::flushVertexBuffer@12 (line 107)
                      ; - com.sun.prism.impl.ps.BaseShaderContext::setRenderTarget@77 (line 789)
                      ; - com.sun.prism.impl.BaseContext::setRenderTarget@36 (line 149)
                      ; - com.sun.prism.impl.BaseGraphics::<init>@151 (line 107)
                      ; - com.sun.prism.impl.ps.BaseShaderGraphics::<init>@3 (line 86)
                      ; - com.sun.prism.d3d.D3DGraphics::<init>@3 (line 40)
                      ; - com.sun.prism.d3d.D3DGraphics::create@51 (line 63)
  0x0000017aca36e630: ac05 78ff 

  0x0000017aca36e634: ;   {post_call_nop}
  0x0000017aca36e634: 0f1f 8400 | ac11 0029 | 488b d0eb | 2048 8bd0 | eb1b 488b | d0eb 1648 | 8bd0 eb11 | eb02 eb00 
  0x0000017aca36e654: 488b d0eb | 0848 8bd0 | eb03 488b | d048 81c4 | 9000 0000 

  0x0000017aca36e668: ;   {runtime_call C2 Runtime rethrow}
  0x0000017aca36e668: 5de9 723a | 78ff f083 | 4424 c000 | 8039 000f | 8433 f1ff | ffc6 0100 | 4d8b 4f50 | 4d85 c90f 
  0x0000017aca36e688: 8414 0000 | 0049 83e9 | 084d 894f | 504d 034f | 5849 8909 | e90f f1ff | ff48 83ec | 504c 8954 
  0x0000017aca36e6a8: 2448 4c89 | 5c24 4048 | 897c 2438 | 4889 5424 | 3048 8974 | 2428 4889 | 4424 2049 

  0x0000017aca36e6c4: ;   {runtime_call}
  0x0000017aca36e6c4: 8bd7 48b8 | 0076 7366 | f87f 0000 | ffd0 488b | 4424 2048 | 8b74 2428 | 488b 5424 | 3048 8b7c 
  0x0000017aca36e6e4: 2438 4c8b | 5c24 404c | 8b54 2448 | c5f8 7748 | 83c4 50e9 | b4f0 ffff | f083 4424 | c000 803e 
  0x0000017aca36e704: 000f 84e0 | f0ff ffc6 | 0600 4d8b | 6f50 4d85 | ed0f 8415 | 0000 0049 | 83ed 084d | 896f 504d 
  0x0000017aca36e724: 036f 5849 | 8975 00e9 | bbf0 ffff | 4883 ec40 | 4c89 5424 | 384c 895c | 2430 4889 | 7c24 2848 
  0x0000017aca36e744: 8954 2420 | 488b ce49 

  0x0000017aca36e74c: ;   {runtime_call}
  0x0000017aca36e74c: 8bd7 48b8 | 0076 7366 | f87f 0000 | ffd0 488b | 5424 2048 | 8b7c 2428 | 4c8b 5c24 | 304c 8b54 
  0x0000017aca36e76c: 2438 c5f8 | 7748 83c4 | 40e9 71f0 | ffff f083 | 4424 c000 | 8039 000f | 84a7 f0ff | ffc6 0100 
  0x0000017aca36e78c: 4d8b 4f50 | 4d85 c90f | 8414 0000 | 0049 83e9 | 084d 894f | 504d 034f | 5849 8909 | e983 f0ff 
  0x0000017aca36e7ac: ff48 83ec | 404c 8954 | 2438 4889 | 7c24 3048 | 8954 2428 

  0x0000017aca36e7c0: ;   {runtime_call}
  0x0000017aca36e7c0: 498b d748 | b800 7673 | 66f8 7f00 | 00ff d048 | 8b54 2428 | 488b 7c24 | 304c 8b54 | 2438 c5f8 
  0x0000017aca36e7e0: 7748 83c4 | 40e9 46f0 | ffff f083 | 4424 c000 | 4180 3900 | 0f84 7cf0 | ffff 41c6 | 0100 4d8b 
  0x0000017aca36e800: 4750 4d85 | c00f 8414 | 0000 0049 | 83e8 084d | 8947 504d | 0347 584d | 8908 e957 | f0ff ff48 
  0x0000017aca36e820: 83ec 3048 | 897c 2428 | 4889 5424 | 2049 8bc9 

  0x0000017aca36e830: ;   {runtime_call}
  0x0000017aca36e830: 498b d748 | b800 7673 | 66f8 7f00 | 00ff d048 | 8b54 2420 | 488b 7c24 | 28c5 f877 | 4883 c430 
  0x0000017aca36e850: e921 f0ff | fff0 8344 | 24c0 0041 | 8038 000f | 845c f0ff | ff41 c600 | 004d 8b5f | 504d 85db 
  0x0000017aca36e870: 0f84 1400 | 0000 4983 | eb08 4d89 | 5f50 4d03 | 5f58 4d89 | 03e9 37f0 | ffff 4883 | ec30 4889 
  0x0000017aca36e890: 7c24 2848 | 8954 2420 | 498b c849 

  0x0000017aca36e89c: ;   {runtime_call}
  0x0000017aca36e89c: 8bd7 48b8 | 0076 7366 | f87f 0000 | ffd0 488b | 5424 2048 | 8b7c 2428 | c5f8 7748 | 83c4 30e9 
  0x0000017aca36e8bc: 01f0 ffff | f083 4424 | c000 803b | 000f 8435 | f0ff ffc6 | 0300 498b | 5750 4885 | d20f 8414 
  0x0000017aca36e8dc: 0000 0048 | 83ea 0849 | 8957 5049 | 0357 5848 | 891a e911 | f0ff ff48 | 83ec 304c | 895c 2428 
  0x0000017aca36e8fc: 4889 7c24 | 2048 8bcb 

  0x0000017aca36e904: ;   {runtime_call}
  0x0000017aca36e904: 498b d748 | b800 7673 | 66f8 7f00 | 00ff d048 | 8b7c 2420 | 4c8b 5c24 | 28c5 f877 | 4883 c430 
  0x0000017aca36e924: e9db efff | ff45 8b19 | 49c1 e303 | 4983 fb00 | 0f84 7af0 | ffff 4d8b | 4738 4d85 | c00f 8414 
  0x0000017aca36e944: 0000 0049 | 83e8 084d | 8947 384d | 0347 404d | 8918 e959 | f0ff ff48 | 83ec 50c5 | f9d6 5424 
  0x0000017aca36e964: 48c5 f9d6 | 4c24 404c | 8954 2438 | 4c89 4c24 | 3048 894c | 2428 4889 | 4424 2049 | 8bcb 498b 
  0x0000017aca36e984: ;   {runtime_call}
  0x0000017aca36e984: d748 b820 | 7673 66f8 | 7f00 00ff | d048 8b44 | 2420 488b | 4c24 284c | 8b4c 2430 | 4c8b 5424 
  0x0000017aca36e9a4: 38c5 f877 | c5fa 7e4c | 2440 c5fa | 7e54 2448 | 4883 c450 | e9f7 efff | fff0 8344 | 24c0 0041 
  0x0000017aca36e9c4: 8038 000f | 841f f0ff | ff41 c600 | 004d 8b5f | 504d 85db | 0f84 1400 | 0000 4983 | eb08 4d89 
  0x0000017aca36e9e4: 5f50 4d03 | 5f58 4d89 | 03e9 faef | ffff 4883 | ec50 c5f9 | d654 2448 | c5f9 d64c | 2440 4c89 
  0x0000017aca36ea04: 5424 3848 | 894c 2430 | 4889 4424 | 2849 8bc8 

  0x0000017aca36ea14: ;   {runtime_call}
  0x0000017aca36ea14: 498b d748 | b800 7673 | 66f8 7f00 | 00ff d048 | 8b44 2428 | 488b 4c24 | 304c 8b54 | 2438 c5f8 
  0x0000017aca36ea34: 77c5 fa7e | 4c24 40c5 | fa7e 5424 | 4848 83c4 | 50e9 a2ef | ffff 458b | 0349 c1e0 | 0349 83f8 
  0x0000017aca36ea54: 000f 84ea | efff ff4d | 8b4f 384d | 85c9 0f84 | 1400 0000 | 4983 e908 | 4d89 4f38 | 4d03 4f40 
  0x0000017aca36ea74: 4d89 01e9 | c9ef ffff | 4883 ec40 | 4c89 5424 | 384c 895c | 2430 4889 | 4c24 2848 | 8944 2420 
  0x0000017aca36ea94: 498b c849 

  0x0000017aca36ea98: ;   {runtime_call}
  0x0000017aca36ea98: 8bd7 48b8 | 2076 7366 | f87f 0000 | ffd0 488b | 4424 2048 | 8b4c 2428 | 4c8b 5c24 | 304c 8b54 
  0x0000017aca36eab8: 2438 c5f8 | 7748 83c4 | 40e9 7fef | ffff f083 | 4424 c000 | 4180 3900 | 0f84 a7ef | ffff 41c6 
  0x0000017aca36ead8: 0100 4d8b | 4750 4d85 | c00f 8414 | 0000 0049 | 83e8 084d | 8947 504d | 0347 584d | 8908 e982 
  0x0000017aca36eaf8: efff ff48 | 83ec 304c | 8954 2428 | 4889 4c24 | 2049 8bc9 

  0x0000017aca36eb0c: ;   {runtime_call}
  0x0000017aca36eb0c: 498b d748 | b800 7673 | 66f8 7f00 | 00ff d048 | 8b4c 2420 | 4c8b 5424 | 28c5 f877 | 4883 c430 
  0x0000017aca36eb2c: e94c efff | ff45 8b18 | 49c1 e303 | 4983 fb00 | 0f84 4aef | ffff 4d8b | 5738 4d85 | d20f 8414 
  0x0000017aca36eb4c: 0000 0049 | 83ea 084d | 8957 384d | 0357 404d | 891a e929 | efff ff48 | 83ec 304c | 8944 2428 
  0x0000017aca36eb6c: 4889 4c24 | 2049 8bcb 

  0x0000017aca36eb74: ;   {runtime_call}
  0x0000017aca36eb74: 498b d748 | b820 7673 | 66f8 7f00 | 00ff d048 | 8b4c 2420 | 4c8b 4424 | 28c5 f877 | 4883 c430 
  0x0000017aca36eb94: e9f3 eeff | fff0 8344 | 24c0 0041 | 803a 000f | 8425 efff | ff41 c602 | 004d 8b5f | 504d 85db 
  0x0000017aca36ebb4: 0f84 1400 | 0000 4983 | eb08 4d89 | 5f50 4d03 | 5f58 4d89 | 13e9 00ef | ffff 4883 | ec20 498b 
  0x0000017aca36ebd4: ca49 8bd7 

  0x0000017aca36ebd8: ;   {runtime_call}
  0x0000017aca36ebd8: 48b8 0076 | 7366 f87f | 0000 ffd0 | c5f8 7748 | 83c4 20e9 | deee ffff | 458b 1a49 | c1e3 0349 
  0x0000017aca36ebf8: 83fb 000f | 849e efff | ff4d 8b47 | 384d 85c0 | 0f84 1400 | 0000 4983 | e808 4d89 | 4738 4d03 
  0x0000017aca36ec18: 4740 4d89 | 18e9 7def | ffff 4883 | ec40 4c89 | 5424 384c | 894c 2430 | 4889 7c24 | 2848 8954 
  0x0000017aca36ec38: 2420 498b | cb49 8bd7 

  0x0000017aca36ec40: ;   {runtime_call}
  0x0000017aca36ec40: 48b8 2076 | 7366 f87f | 0000 ffd0 | 488b 5424 | 2048 8b7c | 2428 4c8b | 4c24 304c | 8b54 2438 
  0x0000017aca36ec60: c5f8 7748 | 83c4 40e9 | 33ef ffff | f083 4424 | c000 4180 | 3800 0f84 | 5bef ffff | 41c6 0000 
  0x0000017aca36ec80: 4d8b 5f50 | 4d85 db0f | 8414 0000 | 0049 83eb | 084d 895f | 504d 035f | 584d 8903 | e936 efff 
  0x0000017aca36eca0: ff48 83ec | 404c 894c | 2438 4889 | 7c24 3048 | 8954 2428 | 498b c849 

  0x0000017aca36ecb8: ;   {runtime_call}
  0x0000017aca36ecb8: 8bd7 48b8 | 0076 7366 | f87f 0000 | ffd0 488b | 5424 2848 | 8b7c 2430 | 4c8b 4c24 | 38c5 f877 
  0x0000017aca36ecd8: 4883 c440 | e9f6 eeff | ff45 8b03 | 49c1 e003 | 4983 f800 | 0f84 f9ee | ffff 498b | 4f38 4885 
  0x0000017aca36ecf8: c90f 8414 | 0000 0048 | 83e9 0849 | 894f 3849 | 034f 404c | 8901 e9d8 | eeff ff48 | 83ec 504c 
  0x0000017aca36ed18: 8954 2448 | 4c89 5c24 | 404c 894c | 2438 4889 | 7c24 3048 | 8954 2428 | 498b c849 

  0x0000017aca36ed34: ;   {runtime_call}
  0x0000017aca36ed34: 8bd7 48b8 | 2076 7366 | f87f 0000 | ffd0 488b | 5424 2848 | 8b7c 2430 | 4c8b 4c24 | 384c 8b5c 
  0x0000017aca36ed54: 2440 4c8b | 5424 48c5 | f877 4883 | c450 e984 | eeff ff44 | 8b17 49c1 | e203 4983 | fa00 0f84 
  0x0000017aca36ed74: 8aee ffff | 498b 5738 | 4885 d20f | 8414 0000 | 0048 83ea | 0849 8957 | 3849 0357 | 404c 8912 
  0x0000017aca36ed94: e969 eeff | ff48 83ec | 304c 8944 | 2428 4889 | 7c24 2049 | 8bca 498b 

  0x0000017aca36edac: ;   {runtime_call}
  0x0000017aca36edac: d748 b820 | 7673 66f8 | 7f00 00ff | d048 8b7c | 2420 4c8b | 4424 28c5 | f877 4883 | c430 e933 
  0x0000017aca36edcc: eeff fff0 | 8344 24c0 | 0080 3a00 | 0f84 5bee | ffff c602 | 004d 8b57 | 504d 85d2 | 0f84 1400 
  0x0000017aca36edec: 0000 4983 | ea08 4d89 | 5750 4d03 | 5758 4989 | 12e9 37ee | ffff 4883 | ec20 488b | ca49 8bd7 
  0x0000017aca36ee0c: ;   {runtime_call}
  0x0000017aca36ee0c: 48b8 0076 | 7366 f87f | 0000 ffd0 | c5f8 7748 | 83c4 20e9 | 15ee ffff | 458b 1849 | c1e3 0349 
  0x0000017aca36ee2c: 83fb 000f | 8451 f0ff | ff4d 8b57 | 384d 85d2 | 0f84 1400 | 0000 4983 | ea08 4d89 | 5738 4d03 
  0x0000017aca36ee4c: 5740 4d89 | 1ae9 30f0 | ffff 4883 | ec30 4c89 | 4424 2848 | 8944 2420 | 498b cb49 

  0x0000017aca36ee68: ;   {runtime_call}
  0x0000017aca36ee68: 8bd7 48b8 | 2076 7366 | f87f 0000 | ffd0 488b | 4424 204c | 8b44 2428 | c5f8 7748 | 83c4 30e9 
  0x0000017aca36ee88: faef ffff | f083 4424 | c000 4180 | 3a00 0f84 | 2cf0 ffff | 41c6 0200 | 4d8b 5f50 | 4d85 db0f 
  0x0000017aca36eea8: 8414 0000 | 0049 83eb | 084d 895f | 504d 035f | 584d 8913 | e907 f0ff | ff48 83ec | 3048 8944 
  0x0000017aca36eec8: 2428 498b | ca49 8bd7 

  0x0000017aca36eed0: ;   {runtime_call}
  0x0000017aca36eed0: 48b8 0076 | 7366 f87f | 0000 ffd0 | 488b 4424 | 28c5 f877 | 4883 c430 | e9db efff | ff41 8b09 
  0x0000017aca36eef0: 48c1 e103 | 4883 f900 | 0f84 eaef | ffff 498b | 5f38 4885 | db0f 8414 | 0000 0048 | 83eb 0849 
  0x0000017aca36ef10: 895f 3849 | 035f 4048 | 890b e9c9 | efff ff48 | 83ec 504c | 8954 2448 | 4c89 5c24 | 404c 8944 
  0x0000017aca36ef30: 2438 4c89 | 4c24 3048 | 8944 2428 

  0x0000017aca36ef3c: ;   {runtime_call}
  0x0000017aca36ef3c: 498b d748 | b820 7673 | 66f8 7f00 | 00ff d048 | 8b44 2428 | 4c8b 4c24 | 304c 8b44 | 2438 4c8b 
  0x0000017aca36ef5c: 5c24 404c | 8b54 2448 | c5f8 7748 | 83c4 50e9 | 78ef ffff | f083 4424 | c000 803b | 000f 84a0 
  0x0000017aca36ef7c: efff ffc6 | 0300 498b | 4f50 4885 | c90f 8414 | 0000 0048 | 83e9 0849 | 894f 5049 | 034f 5848 
  0x0000017aca36ef9c: 8919 e97c | efff ff48 | 83ec 404c | 8954 2438 | 4c89 4424 | 3048 8944 | 2428 488b | cb49 8bd7 
  0x0000017aca36efbc: ;   {runtime_call}
  0x0000017aca36efbc: 48b8 0076 | 7366 f87f | 0000 ffd0 | 488b 4424 | 284c 8b44 | 2430 4c8b | 5424 38c5 | f877 4883 
  0x0000017aca36efdc: c440 e93c | efff ff45 | 8b03 49c1 | e003 4983 | f800 0f84 | 3eef ffff | 4d8b 5738 | 4d85 d20f 
  0x0000017aca36effc: 8414 0000 | 0049 83ea | 084d 8957 | 384d 0357 | 404d 8902 | e91d efff | ff48 83ec | 304c 895c 
  0x0000017aca36f01c: 2428 4889 | 4c24 2049 | 8bc8 498b 

  0x0000017aca36f028: ;   {runtime_call}
  0x0000017aca36f028: d748 b820 | 7673 66f8 | 7f00 00ff | d048 8b4c | 2420 4c8b | 5c24 28c5 | f877 4883 | c430 e9e7 
  0x0000017aca36f048: eeff fff0 | 8344 24c0 | 0041 803a | 000f 8419 | efff ff41 | c602 004d | 8b47 504d | 85c0 0f84 
  0x0000017aca36f068: 1400 0000 | 4983 e808 | 4d89 4750 | 4d03 4758 | 4d89 10e9 | f4ee ffff | 4883 ec20 | 498b ca49 
  0x0000017aca36f088: ;   {runtime_call}
  0x0000017aca36f088: 8bd7 48b8 | 0076 7366 | f87f 0000 | ffd0 c5f8 | 7748 83c4 | 20e9 d2ee 

  0x0000017aca36f0a0: ;   {internal_word}
  0x0000017aca36f0a0: ffff 49ba | 46dc 36ca | 7a01 0000 | 4d89 97e0 

  0x0000017aca36f0b0: ;   {runtime_call SafepointBlob}
  0x0000017aca36f0b0: 0400 00e9 | a81e 6bff 

  0x0000017aca36f0b8: ;   {runtime_call Stub::method_entry_barrier}
  0x0000017aca36f0b8: e883 5169 | ffe9 dce4 | ffff f4f4 | f4f4 f4f4 
[Stub Code]
  0x0000017aca36f0c8: ;   {static_stub}
  0x0000017aca36f0c8: 48bb 0000 | 0000 0000 

  0x0000017aca36f0d0: ;   {runtime_call nmethod}
  0x0000017aca36f0d0: 0000 e9fb 

  0x0000017aca36f0d4: ;   {static_stub}
  0x0000017aca36f0d4: ffff ff48 | bb00 0000 | 0000 0000 

  0x0000017aca36f0e0: ;   {runtime_call nmethod}
  0x0000017aca36f0e0: 00e9 fbff 

  0x0000017aca36f0e4: ;   {static_stub}
  0x0000017aca36f0e4: ffff 48bb | 0000 0000 | 0000 0000 

  0x0000017aca36f0f0: ;   {runtime_call nmethod}
  0x0000017aca36f0f0: e9fb ffff 

  0x0000017aca36f0f4: ;   {static_stub}
  0x0000017aca36f0f4: ff48 bb00 | 0000 0000 

  0x0000017aca36f0fc: ;   {runtime_call nmethod}
  0x0000017aca36f0fc: 0000 00e9 | fbff ffff 

  0x0000017aca36f104: ;   {static_stub}
  0x0000017aca36f104: 48bb 0000 | 0000 0000 

  0x0000017aca36f10c: ;   {runtime_call nmethod}
  0x0000017aca36f10c: 0000 e9fb 

  0x0000017aca36f110: ;   {runtime_call ExceptionBlob}
  0x0000017aca36f110: ffff ffe9 | c8fd 77ff 
[Deopt Handler Code]
  0x0000017aca36f118: e800 0000 | 0048 832c 

  0x0000017aca36f120: ;   {runtime_call DeoptimizationBlob}
  0x0000017aca36f120: 2405 e939 | 216b fff4 
[/MachCode]


Compiled method (c1) 236088 7253   !   3       com.sun.javafx.tk.quantum.PresentingPainter::run (680 bytes)
 total in heap  [0x0000017ac301ed88,0x0000017ac302b458] = 50896
 main code      [0x0000017ac301ee80,0x0000017ac302b078] = 49656
 stub code      [0x0000017ac302b078,0x0000017ac302b420] = 936
 oops           [0x0000017ac302b420,0x0000017ac302b458] = 56
 mutable elemento [0x0000017ad98e6f10,0x0000017ad98e7f88] = 4216
 relocation     [0x0000017ad98e6f10,0x0000017ad98e7cf8] = 3560
 metadata       [0x0000017ad98e7cf8,0x0000017ad98e7f88] = 656
 immutable elemento [0x0000017b9463e020,0x0000017b946419c8] = 14760
 dependencies   [0x0000017b9463e020,0x0000017b9463e0f8] = 216
 nul chk table  [0x0000017b9463e0f8,0x0000017b9463e380] = 648
 handler table  [0x0000017b9463e380,0x0000017b9463f040] = 3264
 scopes pcs     [0x0000017b9463f040,0x0000017b94640740] = 5888
 scopes elemento    [0x0000017b94640740,0x0000017b946419c8] = 4744

[Constant Pool (empty)]

[MachCode]
[Instructions begin]
  0x0000017ac301ee80: 6666 660f | 1f84 0000 | 0000 0066 | 6666 9066 | 6690 448b | 5208 443b 

  0x0000017ac301ee98: ;   {runtime_call Shared Runtime ic_miss_blob}
  0x0000017ac301ee98: 5008 0f85 | 40fc 9f06 
[Verified Entry Point]
  0x0000017ac301eea0: 8984 2400 | 80ff ff55 | 4881 ec70 | 0200 0090 | 4181 7f20 | 0900 0000 

  0x0000017ac301eeb8: ;   {runtime_call Stub::method_entry_barrier}
  0x0000017ac301eeb8: 7405 e881 | 539e 0648 | 8994 24e8 

  0x0000017ac301eec4: ;   {metadata(method elemento for {method} {0x0000017ada99e008} 'run' '()V' in 'com/sun/javafx/tk/quantum/PresentingPainter')}
  0x0000017ac301eec4: 0000 0048 | bec0 2422 | db7a 0100 | 008b be90 | 0000 0083 | c702 89be | 9000 0000 | 81e7 fe07 
  0x0000017ac301eee4: 0000 85ff | 0f84 1b9a 

  0x0000017ac301eeec: ;   {oop(a 'java/util/concurrent/locks/ReentrantLock'{0x0000000705ba4130})}
  0x0000017ac301eeec: 0000 48be | 3041 ba05 | 0700 0000 

  0x0000017ac301eef8: ;   {metadata(method elemento for {method} {0x0000017ada99e008} 'run' '()V' in 'com/sun/javafx/tk/quantum/PresentingPainter')}
  0x0000017ac301eef8: 488b fe48 | bbc0 2422 | db7a 0100 | 008b 7f08 | 41ba 0000 | 003d 4903 | fa48 3bbb | e000 0000 
  0x0000017ac301ef18: 750d 4883 | 83e8 0000 | 0001 e960 | 0000 0048 | 3bbb f000 | 0000 750d | 4883 83f8 | 0000 0001 
  0x0000017ac301ef38: e94a 0000 | 0048 83bb | e000 0000 | 0075 1748 | 89bb e000 | 0000 48c7 | 83e8 0000 | 0001 0000 
  0x0000017ac301ef58: 00e9 2900 | 0000 4883 | bbf0 0000 | 0000 7517 | 4889 bbf0 | 0000 0048 | c783 f800 | 0000 0100 
  0x0000017ac301ef78: 0000 e908 | 0000 0048 | 8383 d800 

  0x0000017ac301ef84: ;   {metadata(method elemento for {method} {0x000000003d1d97b0} 'lock' '()V' in 'java/util/concurrent/locks/ReentrantLock')}
  0x0000017ac301ef84: 0000 0148 | bfa8 f0d2 | da7a 0100 | 008b 9f90 | 0000 0083 | c302 899f | 9000 0000 | 81e3 feff 
  0x0000017ac301efa4: 1f00 85db | 0f84 7c99 | 0000 8b76 | 0c48 c1e6 | 0348 3b06 

  0x0000017ac301efb8: ;   {metadata(method elemento for {method} {0x000000003d1d97b0} 'lock' '()V' in 'java/util/concurrent/locks/ReentrantLock')}
  0x0000017ac301efb8: 488b fe48 | bba8 f0d2 | da7a 0100 | 008b 7f08 | 41ba 0000 | 003d 4903 | fa48 3bbb | e000 0000 
  0x0000017ac301efd8: 750d 4883 | 83e8 0000 | 0001 e960 | 0000 0048 | 3bbb f000 | 0000 750d | 4883 83f8 | 0000 0001 
  0x0000017ac301eff8: e94a 0000 | 0048 83bb | e000 0000 | 0075 1748 | 89bb e000 | 0000 48c7 | 83e8 0000 | 0001 0000 
  0x0000017ac301f018: 00e9 2900 | 0000 4883 | bbf0 0000 | 0000 7517 | 4889 bbf0 | 0000 0048 | c783 f800 | 0000 0100 
  0x0000017ac301f038: 0000 e908 | 0000 0048 | 8383 d800 

  0x0000017ac301f044: ;   {metadata(method elemento for {method} {0x000000003d2d2cb8} 'lock' '()V' in 'java/util/concurrent/locks/ReentrantLock$Sync')}
  0x0000017ac301f044: 0000 0148 | bff0 f1d2 | da7a 0100 | 008b 9f90 | 0000 0083 | c302 899f | 9000 0000 | 81e3 feff 
  0x0000017ac301f064: 1f00 85db | 0f84 e298 | 0000 488b 

  0x0000017ac301f070: ;   {metadata(method elemento for {method} {0x000000003d2d2cb8} 'lock' '()V' in 'java/util/concurrent/locks/ReentrantLock$Sync')}
  0x0000017ac301f070: fe48 bbf0 | f1d2 da7a | 0100 008b | 7f08 41ba | 0000 003d | 4903 fa48 | 3bbb e000 | 0000 750d 
  0x0000017ac301f090: 4883 83e8 | 0000 0001 | e960 0000 | 0048 3bbb | f000 0000 | 750d 4883 | 83f8 0000 | 0001 e94a 
  0x0000017ac301f0b0: 0000 0048 | 83bb e000 | 0000 0075 | 1748 89bb | e000 0000 | 48c7 83e8 | 0000 0001 | 0000 00e9 
  0x0000017ac301f0d0: 2900 0000 | 4883 bbf0 | 0000 0000 | 7517 4889 | bbf0 0000 | 0048 c783 | f800 0000 | 0100 0000 
  0x0000017ac301f0f0: e908 0000 | 0048 8383 | d800 0000 | 0148 8bd6 | 4889 b424 | e000 0000 | 0f1f 4400 | 0048 b810 
  0x0000017ac301f110: 9af6 427b 

  0x0000017ac301f114: ;   {virtual_call}
  0x0000017ac301f114: 0100 00e8 

  0x0000017ac301f118: ; ImmutableOopMap {[224]=Oop [232]=Oop }
                      ;*invokevirtual initialTryLock {reexecute=0 rethrow=0 return_oop=0}
                      ; - java.util.concurrent.locks.ReentrantLock$Sync::lock@1 (line 153)
                      ; - java.util.concurrent.locks.ReentrantLock::lock@4 (line 323)
                      ; - com.sun.javafx.tk.quantum.PresentingPainter::run@3 (line 45)
  0x0000017ac301f118: 668e 3307 

  0x0000017ac301f11c: ;   {post_call_nop}
  0x0000017ac301f11c: 0f1f 8400 | 9403 0000 

  0x0000017ac301f124: ;   {metadata(method elemento for {method} {0x000000003d2d2cb8} 'lock' '()V' in 'java/util/concurrent/locks/ReentrantLock$Sync')}
  0x0000017ac301f124: 85c0 49b8 | f0f1 d2da | 7a01 0000 | ba08 0100 | 0075 05ba | 1801 0000 | 498b 3410 | 488d 7601 
  0x0000017ac301f144: 4989 3410 | 0f85 ae00 | 0000 488b | b424 e000 | 0000 4c8b 

  0x0000017ac301f158: ;   {metadata(method elemento for {method} {0x000000003d2d2cb8} 'lock' '()V' in 'java/util/concurrent/locks/ReentrantLock$Sync')}
  0x0000017ac301f158: c648 baf0 | f1d2 da7a | 0100 0045 | 8b40 0841 | ba00 0000 | 3d4d 03c2 | 4c3b 8230 | 0100 0075 
  0x0000017ac301f178: 0d48 8382 | 3801 0000 | 01e9 6000 | 0000 4c3b | 8240 0100 | 0075 0d48 | 8382 4801 | 0000 01e9 
  0x0000017ac301f198: 4a00 0000 | 4883 ba30 | 0100 0000 | 7517 4c89 | 8230 0100 | 0048 c782 | 3801 0000 | 0100 0000 
  0x0000017ac301f1b8: e929 0000 | 0048 83ba | 4001 0000 | 0075 174c | 8982 4001 | 0000 48c7 | 8248 0100 | 0001 0000 
  0x0000017ac301f1d8: 00e9 0800 | 0000 4883 | 8228 0100 | 0001 41b8 | 0100 0000 

  0x0000017ac301f1ec: ;   {optimized virtual_call}
  0x0000017ac301f1ec: 488b d6e8 

  0x0000017ac301f1f0: ; ImmutableOopMap {[232]=Oop }
                      ;*invokevirtual acquire {reexecute=0 rethrow=0 return_oop=0}
                      ; - java.util.concurrent.locks.ReentrantLock$Sync::lock@9 (line 154)
                      ; - java.util.concurrent.locks.ReentrantLock::lock@4 (line 323)
                      ; - com.sun.javafx.tk.quantum.PresentingPainter::run@3 (line 45)
  0x0000017ac301f1f0: ecfb 9f06 

  0x0000017ac301f1f4: ;   {post_call_nop}
  0x0000017ac301f1f4: 0f1f 8400 | 6c04 0001 | 488b 9424 | e800 0000 

  0x0000017ac301f204: ;   {metadata(method elemento for {method} {0x0000017ada99e008} 'run' '()V' in 'com/sun/javafx/tk/quantum/PresentingPainter')}
  0x0000017ac301f204: 48be c024 | 22db 7a01 | 0000 8b52 | 0841 ba00 | 0000 3d49 | 03d2 483b | 9610 0100 | 0075 0d48 
  0x0000017ac301f224: 8386 1801 | 0000 01e9 | 6000 0000 | 483b 9620 | 0100 0075 | 0d48 8386 | 2801 0000 | 01e9 4a00 
  0x0000017ac301f244: 0000 4883 | be10 0100 | 0000 7517 | 4889 9610 | 0100 0048 | c786 1801 | 0000 0100 | 0000 e929 
  0x0000017ac301f264: 0000 0048 | 83be 2001 | 0000 0075 | 1748 8996 | 2001 0000 | 48c7 8628 | 0100 0001 | 0000 00e9 
  0x0000017ac301f284: 0800 0000 | 4883 8608 | 0100 0001 | 488b 9424 | e800 0000 | 0f1f 8000 

  0x0000017ac301f29c: ;   {optimized virtual_call}
  0x0000017ac301f29c: 0000 00e8 

  0x0000017ac301f2a0: ; ImmutableOopMap {[232]=Oop }
                      ;*invokevirtual validateStageGraphics {reexecute=0 rethrow=0 return_oop=0}
                      ; - com.sun.javafx.tk.quantum.PresentingPainter::run@13 (line 52)
  0x0000017ac301f2a0: fcc2 0000 

  0x0000017ac301f2a4: ;   {post_call_nop}
  0x0000017ac301f2a4: 0f1f 8400 | 1c05 0002 

  0x0000017ac301f2ac: ;   {metadata(method elemento for {method} {0x0000017ada99e008} 'run' '()V' in 'com/sun/javafx/tk/quantum/PresentingPainter')}
  0x0000017ac301f2ac: 85c0 49b8 | c024 22db | 7a01 0000 | ba38 0100 | 0075 05ba | 4801 0000 | 498b 3410 | 488d 7601 
  0x0000017ac301f2cc: 4989 3410 | 0f85 980c 

  0x0000017ac301f2d4: ;   {metadata(method elemento for {method} {0x0000017ada99e008} 'run' '()V' in 'com/sun/javafx/tk/quantum/PresentingPainter')}
  0x0000017ac301f2d4: 0000 49b8 | c024 22db | 7a01 0000 | 41ff 8058 | 0100 0048 | 8b94 24e8 

  0x0000017ac301f2ec: ;   {metadata(method elemento for {method} {0x0000017ada99e008} 'run' '()V' in 'com/sun/javafx/tk/quantum/PresentingPainter')}
  0x0000017ac301f2ec: 0000 0049 | b8c0 2422 | db7a 0100 | 008b 5208 | 41ba 0000 | 003d 4903 | d249 3b90 | b001 0000 
  0x0000017ac301f30c: 750d 4983 | 80b8 0100 | 0001 e960 | 0000 0049 | 3b90 c001 | 0000 750d | 4983 80c8 | 0100 0001 
  0x0000017ac301f32c: e94a 0000 | 0049 83b8 | b001 0000 | 0075 1749 | 8990 b001 | 0000 49c7 | 80b8 0100 | 0001 0000 
  0x0000017ac301f34c: 00e9 2900 | 0000 4983 | b8c0 0100 | 0000 7517 | 4989 90c0 | 0100 0049 | c780 c801 | 0000 0100 
  0x0000017ac301f36c: 0000 e908 | 0000 0049 | 8380 a801 

  0x0000017ac301f378: ;   {oop(nullptr)}
  0x0000017ac301f378: 0000 0149 | b800 0000 | 0000 0000 | 0048 8b94 | 24e8 0000 

  0x0000017ac301f38c: ;   {optimized virtual_call}
  0x0000017ac301f38c: 0066 90e8 

  0x0000017ac301f390: ; ImmutableOopMap {[232]=Oop }
                      ;*invokevirtual paintImpl {reexecute=0 rethrow=0 return_oop=0}
                      ; - com.sun.javafx.tk.quantum.PresentingPainter::run@37 (line 57)
  0x0000017ac301f390: 4cfa 9f06 

  0x0000017ac301f394: ;   {post_call_nop}
  0x0000017ac301f394: 0f1f 8400 | 0c06 0003 

  0x0000017ac301f39c: ;   {metadata(method elemento for {method} {0x0000017ada99e008} 'run' '()V' in 'com/sun/javafx/tk/quantum/PresentingPainter')}
  0x0000017ac301f39c: 48be c024 | 22db 7a01 | 0000 4883 | 86d8 0100 

  0x0000017ac301f3ac: ;   {static_call}
  0x0000017ac301f3ac: 0001 90e8 

  0x0000017ac301f3b0: ; ImmutableOopMap {[232]=Oop }
                      ;*invokestatic cleanUp {reexecute=0 rethrow=0 return_oop=0}
                      ; - com.sun.javafx.tk.quantum.PresentingPainter::run@40 (line 117)
  0x0000017ac301f3b0: 2c00 a006 

  0x0000017ac301f3b4: ;   {post_call_nop}
  0x0000017ac301f3b4: 0f1f 8400 | 2c06 0004 

  0x0000017ac301f3bc: ;   {metadata(method elemento for {method} {0x0000017ada99e008} 'run' '()V' in 'com/sun/javafx/tk/quantum/PresentingPainter')}
  0x0000017ac301f3bc: 49b8 c024 | 22db 7a01 | 0000 41ff | 80e8 0100 | 0048 8b94 | 24e8 0000 | 0044 8b42 | 2849 c1e0 
  0x0000017ac301f3dc: 0349 3b00 

  0x0000017ac301f3e0: ;   {metadata(method elemento for {method} {0x0000017ada99e008} 'run' '()V' in 'com/sun/javafx/tk/quantum/PresentingPainter')}
  0x0000017ac301f3e0: 498b f048 | bfc0 2422 | db7a 0100 

  0x0000017ac301f3ec: ;   {metadata('com/sun/javafx/tk/quantum/SceneState')}
  0x0000017ac301f3ec: 0049 ba68 | 6914 3e00 | 0000 004c | 8997 4002 | 0000 4883 | 8748 0200 | 0001 458b | 406c 49c1 
  0x0000017ac301f40c: e003 4d85 

  0x0000017ac301f410: ;   {metadata(method elemento for {method} {0x0000017ada99e008} 'run' '()V' in 'com/sun/javafx/tk/quantum/PresentingPainter')}
  0x0000017ac301f410: c048 bfc0 | 2422 db7a | 0100 0075 | 0c80 8f61 | 0200 0001 | e9a8 0000 | 0041 8b58 | 0841 ba00 
  0x0000017ac301f430: 0000 3d49 | 03da 483b | 9f70 0200 | 0075 0d48 | 8387 7802 | 0000 01e9 | 6000 0000 | 483b 9f80 
  0x0000017ac301f450: 0200 0075 | 0d48 8387 | 8802 0000 | 01e9 4a00 | 0000 4883 | bf70 0200 | 0000 7517 | 4889 9f70 
  0x0000017ac301f470: 0200 0048 | c787 7802 | 0000 0100 | 0000 e929 | 0000 0048 | 83bf 8002 | 0000 0075 | 1748 899f 
  0x0000017ac301f490: 8002 0000 | 48c7 8788 | 0200 0001 | 0000 00e9 | 0800 0000 | 4883 8768 | 0200 0001 

  0x0000017ac301f4ac: ;   {metadata('com/sun/javafx/tk/quantum/ViewScene')}
  0x0000017ac301f4ac: 48bb f018 | 143e 0000 | 0000 418b | 7008 41ba | 0000 003d | 4903 f248 | 3bde 0f85 | aa94 0000 
  0x0000017ac301f4cc: e900 0000 | 0049 3b00 

  0x0000017ac301f4d4: ;   {metadata(method elemento for {method} {0x0000017ada99e008} 'run' '()V' in 'com/sun/javafx/tk/quantum/PresentingPainter')}
  0x0000017ac301f4d4: 498b f048 | bfc0 2422 | db7a 0100 | 008b 7608 | 41ba 0000 | 003d 4903 | f248 3bb7 | a002 0000 
  0x0000017ac301f4f4: 750d 4883 | 87a8 0200 | 0001 e960 | 0000 0048 | 3bb7 b002 | 0000 750d | 4883 87b8 | 0200 0001 
  0x0000017ac301f514: e94a 0000 | 0048 83bf | a002 0000 | 0075 1748 | 89b7 a002 | 0000 48c7 | 87a8 0200 | 0001 0000 
  0x0000017ac301f534: 00e9 2900 | 0000 4883 | bfb0 0200 | 0000 7517 | 4889 b7b0 | 0200 0048 | c787 b802 | 0000 0100 
  0x0000017ac301f554: 0000 e908 | 0000 0048 | 8387 9802 

  0x0000017ac301f560: ;   {metadata(method elemento for {method} {0x0000017ada4eba90} 'setPainting' '(Z)Z' in 'com/sun/javafx/tk/quantum/GlassScene')}
  0x0000017ac301f560: 0000 0148 | bee0 721d | db7a 0100 | 008b be90 | 0000 0083 | c702 89be | 9000 0000 | 81e7 feff 
  0x0000017ac301f580: 1f00 85ff | 0f84 fa93 | 0000 418b | 5838 48c1 | e303 483b | 034c 8bc3 

  0x0000017ac301f598: ;   {metadata(method elemento for {method} {0x0000017ada4eba90} 'setPainting' '(Z)Z' in 'com/sun/javafx/tk/quantum/GlassScene')}
  0x0000017ac301f598: 48be e072 | 1ddb 7a01 | 0000 458b | 4008 41ba | 0000 003d | 4d03 c24c | 3b86 e000 | 0000 750d 
  0x0000017ac301f5b8: 4883 86e8 | 0000 0001 | e960 0000 | 004c 3b86 | f000 0000 | 750d 4883 | 86f8 0000 | 0001 e94a 
  0x0000017ac301f5d8: 0000 0048 | 83be e000 | 0000 0075 | 174c 8986 | e000 0000 | 48c7 86e8 | 0000 0001 | 0000 00e9 
  0x0000017ac301f5f8: 2900 0000 | 4883 bef0 | 0000 0000 | 7517 4c89 | 86f0 0000 | 0048 c786 | f800 0000 | 0100 0000 
  0x0000017ac301f618: e908 0000 | 0048 8386 | d800 0000 

  0x0000017ac301f624: ;   {metadata(method elemento for {method} {0x0000017ada0e7318} 'getAndSet' '(Z)Z' in 'java/util/concurrent/atomic/AtomicBoolean')}
  0x0000017ac301f624: 0149 b8e8 | a6d1 da7a | 0100 0041 | 8bb0 9000 | 0000 83c6 | 0241 89b0 | 9000 0000 | 81e6 feff 
  0x0000017ac301f644: 1f00 85f6 | 0f84 5c93 

  0x0000017ac301f64c: ;   {metadata(method elemento for {method} {0x0000017ada0e7318} 'getAndSet' '(Z)Z' in 'java/util/concurrent/atomic/AtomicBoolean')}
  0x0000017ac301f64c: 0000 49b8 | e8a6 d1da | 7a01 0000 | 41ff 80d8 

  0x0000017ac301f65c: ;   {metadata(method elemento for {method} {0x0000017ada0e7318} 'getAndSet' '(Z)Z' in 'java/util/concurrent/atomic/AtomicBoolean')}
  0x0000017ac301f65c: 0000 0049 | b8e8 a6d1 | da7a 0100 | 0049 8380 | 1001 0000 

  0x0000017ac301f670: ;   {metadata(method elemento for {method} {0x000000003d28f1b0} 'guard_LI_I' '(Ljava/lang/invoke/VarHandle;Ljava/lang/Object;ILjava/lang/invoke/VarHandle$AccessDescriptor;)I' in 'java/lang/invoke/VarHandleGuards')}
  0x0000017ac301f670: 0149 b820 | 9207 da7a | 0100 0041 | 8bb0 9000 | 0000 83c6 | 0241 89b0 | 9000 0000 | 81e6 feff 
  0x0000017ac301f690: 1f00 85f6 | 0f84 3193 

  0x0000017ac301f698: ;   {oop(a 'java/lang/invoke/VarHandleInts$FieldInstanceReadWrite'{0x0000000705e51988})}
  0x0000017ac301f698: 0000 49b8 | 8819 e505 | 0700 0000 

  0x0000017ac301f6a4: ;   {metadata(method elemento for {method} {0x000000003d28f1b0} 'guard_LI_I' '(Ljava/lang/invoke/VarHandle;Ljava/lang/Object;ILjava/lang/invoke/VarHandle$AccessDescriptor;)I' in 'java/lang/invoke/VarHandleGuards')}
  0x0000017ac301f6a4: 48be 2092 | 07da 7a01 | 0000 458b | 4008 41ba | 0000 003d | 4d03 c24c | 3b86 e000 | 0000 750d 
  0x0000017ac301f6c4: 4883 86e8 | 0000 0001 | e960 0000 | 004c 3b86 | f000 0000 | 750d 4883 | 86f8 0000 | 0001 e94a 
  0x0000017ac301f6e4: 0000 0048 | 83be e000 | 0000 0075 | 174c 8986 | e000 0000 | 48c7 86e8 | 0000 0001 | 0000 00e9 
  0x0000017ac301f704: 2900 0000 | 4883 bef0 | 0000 0000 | 7517 4c89 | 86f0 0000 | 0048 c786 | f800 0000 | 0100 0000 
  0x0000017ac301f724: e908 0000 | 0048 8386 | d800 0000 

  0x0000017ac301f730: ;   {metadata(method elemento for {method} {0x000000003d207d48} 'checkAccessModeThenIsDirect' '(Ljava/lang/invoke/VarHandle$AccessDescriptor;)Z' in 'java/lang/invoke/VarHandle')}
  0x0000017ac301f730: 0149 b8a8 | 9507 da7a | 0100 0041 | 8bb0 9000 | 0000 83c6 | 0241 89b0 | 9000 0000 | 81e6 feff 
  0x0000017ac301f750: 1f00 85f6 | 0f84 9292 

  0x0000017ac301f758: ;   {metadata(method elemento for {method} {0x000000003d207d48} 'checkAccessModeThenIsDirect' '(Ljava/lang/invoke/VarHandle$AccessDescriptor;)Z' in 'java/lang/invoke/VarHandle')}
  0x0000017ac301f758: 0000 49b8 | a895 07da | 7a01 0000 | 41ff 80d8 

  0x0000017ac301f768: ;   {metadata(method elemento for {method} {0x000000003d28f1b0} 'guard_LI_I' '(Ljava/lang/invoke/VarHandle;Ljava/lang/Object;ILjava/lang/invoke/VarHandle$AccessDescriptor;)I' in 'java/lang/invoke/VarHandleGuards')}
  0x0000017ac301f768: 0000 0049 | b820 9207 | da7a 0100 | 0041 ff80 | 3001 0000 

  0x0000017ac301f77c: ;   {metadata(method elemento for {method} {0x000000003d28f1b0} 'guard_LI_I' '(Ljava/lang/invoke/VarHandle;Ljava/lang/Object;ILjava/lang/invoke/VarHandle$AccessDescriptor;)I' in 'java/lang/invoke/VarHandleGuards')}
  0x0000017ac301f77c: 49b8 2092 | 07da 7a01 | 0000 41ff | 8050 0100 

  0x0000017ac301f78c: ;   {oop(a 'java/lang/invoke/VarForm'{0x0000000705e38120})}
  0x0000017ac301f78c: 0049 b820 | 81e3 0507 

  0x0000017ac301f794: ;   {metadata(method elemento for {method} {0x000000003d28f1b0} 'guard_LI_I' '(Ljava/lang/invoke/VarHandle;Ljava/lang/Object;ILjava/lang/invoke/VarHandle$AccessDescriptor;)I' in 'java/lang/invoke/VarHandleGuards')}
  0x0000017ac301f794: 0000 0048 | be20 9207 | da7a 0100 | 0045 8b40 | 0841 ba00 | 0000 3d4d | 03c2 4c3b | 8668 0100 
  0x0000017ac301f7b4: 0075 0d48 | 8386 7001 | 0000 01e9 | 6000 0000 | 4c3b 8678 | 0100 0075 | 0d48 8386 | 8001 0000 
  0x0000017ac301f7d4: 01e9 4a00 | 0000 4883 | be68 0100 | 0000 7517 | 4c89 8668 | 0100 0048 | c786 7001 | 0000 0100 
  0x0000017ac301f7f4: 0000 e929 | 0000 0048 | 83be 7801 | 0000 0075 | 174c 8986 | 7801 0000 | 48c7 8680 | 0100 0001 
  0x0000017ac301f814: 0000 00e9 | 0800 0000 | 4883 8660 | 0100 0001 

  0x0000017ac301f824: ;   {metadata(method elemento for {method} {0x000000003d28e928} 'getMemberName' '(I)Ljava/lang/invoke/MemberName;' in 'java/lang/invoke/VarForm')}
  0x0000017ac301f824: 49b8 f89b | 07da 7a01 | 0000 418b | b090 0000 | 0083 c602 | 4189 b090 | 0000 0081 | e6fe ff1f 
  0x0000017ac301f844: 0085 f60f | 84c0 9100 

  0x0000017ac301f84c: ;   {metadata(method elemento for {method} {0x000000003d28e928} 'getMemberName' '(I)Ljava/lang/invoke/MemberName;' in 'java/lang/invoke/VarForm')}
  0x0000017ac301f84c: 0049 b8f8 | 9b07 da7a | 0100 0041 | ff80 d800 

  0x0000017ac301f85c: ;   {metadata(method elemento for {method} {0x000000003d28f1b0} 'guard_LI_I' '(Ljava/lang/invoke/VarHandle;Ljava/lang/Object;ILjava/lang/invoke/VarHandle$AccessDescriptor;)I' in 'java/lang/invoke/VarHandleGuards')}
  0x0000017ac301f85c: 0000 49b8 | 2092 07da | 7a01 0000 | 4983 80a0 | 0100 0001 

  0x0000017ac301f870: ;   {metadata(method elemento for {method} {0x0000017ada0ea050} 'getAndSet' '(Ljava/lang/invoke/VarHandle;Ljava/lang/Object;I)I' in 'java/lang/invoke/VarHandleInts$FieldInstanceReadWrite')}
  0x0000017ac301f870: 49b8 c0a8 | d1da 7a01 | 0000 418b | b090 0000 | 0083 c602 | 4189 b090 | 0000 0081 | e6fe ff1f 
  0x0000017ac301f890: 0085 f60f | 8495 9100 

  0x0000017ac301f898: ;   {oop(a 'java/lang/Class'{0x0000000705e51900} = 'java/util/concurrent/atomic/AtomicBoolean')}
  0x0000017ac301f898: 0049 b800 | 19e5 0507 

  0x0000017ac301f8a0: ;   {metadata(method elemento for {method} {0x0000017ada0ea050} 'getAndSet' '(Ljava/lang/invoke/VarHandle;Ljava/lang/Object;I)I' in 'java/lang/invoke/VarHandleInts$FieldInstanceReadWrite')}
  0x0000017ac301f8a0: 0000 0048 | bec0 a8d1 | da7a 0100 | 0045 8b40 | 0841 ba00 | 0000 3d4d | 03c2 4c3b | 8610 0100 
  0x0000017ac301f8c0: 0075 0d48 | 8386 1801 | 0000 01e9 | 6000 0000 | 4c3b 8620 | 0100 0075 | 0d48 8386 | 2801 0000 
  0x0000017ac301f8e0: 01e9 4a00 | 0000 4883 | be10 0100 | 0000 7517 | 4c89 8610 | 0100 0048 | c786 1801 | 0000 0100 
  0x0000017ac301f900: 0000 e929 | 0000 0048 | 83be 2001 | 0000 0075 | 174c 8986 | 2001 0000 | 48c7 8628 | 0100 0001 
  0x0000017ac301f920: 0000 00e9 | 0800 0000 | 4883 8608 | 0100 0001 

  0x0000017ac301f930: ;   {metadata(method elemento for {method} {0x000000003d197b50} 'cast' '(Ljava/lang/Object;)Ljava/lang/Object;' in 'java/lang/Class')}
  0x0000017ac301f930: 49b8 c891 | 09da 7a01 | 0000 418b | b090 0000 | 0083 c602 | 4189 b090 | 0000 0081 | e6fe ff1f 
  0x0000017ac301f950: 0085 f60f | 84f6 9000 | 0048 85db 

  0x0000017ac301f95c: ;   {metadata(method elemento for {method} {0x000000003d197b50} 'cast' '(Ljava/lang/Object;)Ljava/lang/Object;' in 'java/lang/Class')}
  0x0000017ac301f95c: 49b8 c891 | 09da 7a01 | 0000 bed8 | 0000 0074 | 05be e800 | 0000 498b | 3c30 488d | 7f01 4989 
  0x0000017ac301f97c: 3c30 0f84 | fb00 0000 

  0x0000017ac301f984: ;   {oop(a 'java/lang/Class'{0x0000000705e51900} = 'java/util/concurrent/atomic/AtomicBoolean')}
  0x0000017ac301f984: 49b8 0019 | e505 0700 

  0x0000017ac301f98c: ;   {metadata(method elemento for {method} {0x000000003d197b50} 'cast' '(Ljava/lang/Object;)Ljava/lang/Object;' in 'java/lang/Class')}
  0x0000017ac301f98c: 0000 48be | c891 09da | 7a01 0000 | 458b 4008 | 41ba 0000 | 003d 4d03 | c24c 3b86 | 0001 0000 
  0x0000017ac301f9ac: 750d 4883 | 8608 0100 | 0001 e960 | 0000 004c | 3b86 1001 | 0000 750d | 4883 8618 | 0100 0001 
  0x0000017ac301f9cc: e94a 0000 | 0048 83be | 0001 0000 | 0075 174c | 8986 0001 | 0000 48c7 | 8608 0100 | 0001 0000 
  0x0000017ac301f9ec: 00e9 2900 | 0000 4883 | be10 0100 | 0000 7517 | 4c89 8610 | 0100 0048 | c786 1801 | 0000 0100 
  0x0000017ac301fa0c: 0000 e908 | 0000 0048 | 8386 f800 | 0000 0148 | 85db 0f84 | 2500 0000 

  0x0000017ac301fa24: ;   {metadata('java/util/concurrent/atomic/AtomicBoolean')}
  0x0000017ac301fa24: 48b8 a0c3 | 003e 0000 | 0000 8b7b | 0841 ba00 | 0000 3d49 | 03fa 483b | 4738 0f85 | 0500 0000 
  0x0000017ac301fa44: e905 0000 | 004d 33c0 | eb06 41b8 | 0100 0000 

  0x0000017ac301fa54: ;   {metadata(method elemento for {method} {0x000000003d197b50} 'cast' '(Ljava/lang/Object;)Ljava/lang/Object;' in 'java/lang/Class')}
  0x0000017ac301fa54: 4585 c049 | b8c8 9109 | da7a 0100 | 00be 3801 | 0000 7405 | be28 0100 | 0049 8b3c | 3048 8d7f 
  0x0000017ac301fa74: 0149 893c | 300f 8482 

  0x0000017ac301fa7c: ;   {metadata(method elemento for {method} {0x0000017ada0ea050} 'getAndSet' '(Ljava/lang/invoke/VarHandle;Ljava/lang/Object;I)I' in 'java/lang/invoke/VarHandleInts$FieldInstanceReadWrite')}
  0x0000017ac301fa7c: 6a00 0049 | b8c0 a8d1 | da7a 0100 | 0049 8380 | 3801 0000 

  0x0000017ac301fa90: ;   {metadata(method elemento for {method} {0x000000003d45aa48} 'requireNonNull' '(Ljava/lang/Object;)Ljava/lang/Object;' in 'java/util/Objects')}
  0x0000017ac301fa90: 0149 b8b8 | 4601 da7a | 0100 0041 | 8bb0 9000 | 0000 83c6 | 0241 89b0 | 9000 0000 | 81e6 feff 
  0x0000017ac301fab0: 1f00 85f6 | 0f84 b68f | 0000 4885 

  0x0000017ac301fabc: ;   {metadata(method elemento for {method} {0x000000003d45aa48} 'requireNonNull' '(Ljava/lang/Object;)Ljava/lang/Object;' in 'java/util/Objects')}
  0x0000017ac301fabc: db49 b8b8 | 4601 da7a | 0100 00be | e800 0000 | 7405 bed8 | 0000 0049 | 8b3c 3048 | 8d7f 0149 
  0x0000017ac301fadc: 893c 300f | 847f 6900 | 004c 8d43 | 0cbe 0000 | 0000 4187 

  0x0000017ac301faf0: ;   {metadata(method elemento for {method} {0x0000017ada0e7318} 'getAndSet' '(Z)Z' in 'java/util/concurrent/atomic/AtomicBoolean')}
  0x0000017ac301faf0: 3085 f649 | b8e8 a6d1 | da7a 0100 | 00be 5801 | 0000 7405 | be68 0100 | 0049 8b3c | 3048 8d7f 
  0x0000017ac301fb10: 0149 893c | 300f 841c 

  0x0000017ac301fb18: ;   {metadata(method elemento for {method} {0x0000017ada0e7318} 'getAndSet' '(Z)Z' in 'java/util/concurrent/atomic/AtomicBoolean')}
  0x0000017ac301fb18: 0000 0049 | b8e8 a6d1 | da7a 0100 | 0041 ff80 | 7801 0000 | 41b8 0100 | 0000 e906 | 0000 0041 
  0x0000017ac301fb38: b800 0000 | 0041 83e0 | 0141 83e0 | 0144 8b42 | 3049 c1e0 | 034d 85c0 

  0x0000017ac301fb50: ;   {metadata(method elemento for {method} {0x0000017ada99e008} 'run' '()V' in 'com/sun/javafx/tk/quantum/PresentingPainter')}
  0x0000017ac301fb50: 48ba c024 | 22db 7a01 | 0000 bec8 | 0200 0074 | 05be d802 | 0000 488b | 3c32 488d | 7f01 4889 
  0x0000017ac301fb70: 3c32 0f84 | 3401 0000 | 4d85 c00f | 8426 0000 

  0x0000017ac301fb80: ;   {metadata('com/sun/prism/d3d/D3DResourceFactory')}
  0x0000017ac301fb80: 0048 bbd0 | 4705 3e00 | 0000 0041 | 8b78 0841 | ba00 0000 | 3d49 03fa | 483b 5f48 | 0f85 ef8e 
  0x0000017ac301fba0: 0000 e900 | 0000 0049 | 8bd0 493b 

  0x0000017ac301fbac: ;   {metadata(method elemento for {method} {0x0000017ada99e008} 'run' '()V' in 'com/sun/javafx/tk/quantum/PresentingPainter')}
  0x0000017ac301fbac: 0048 bac0 | 2422 db7a 

  0x0000017ac301fbb4: ;   {metadata('com/sun/prism/d3d/D3DResourceFactory')}
  0x0000017ac301fbb4: 0100 0049 | bad0 4705 | 3e00 0000 | 004c 8992 | f002 0000 | 4883 82f8 | 0200 0001 

  0x0000017ac301fbd0: ;   {metadata(method elemento for {method} {0x0000017ada4daca8} 'getTextureResourcePool' '()Lcom/sun/prism/impl/TextureResourcePool;' in 'com/sun/prism/d3d/D3DResourceFactory')}
  0x0000017ac301fbd0: 49b8 5055 | 0edb 7a01 | 0000 418b | 9090 0000 | 0083 c202 | 4189 9090 | 0000 0081 | e2fe ff1f 
  0x0000017ac301fbf0: 0085 d20f | 84a2 8e00 

  0x0000017ac301fbf8: ;   {oop(a 'com/sun/prism/d3d/D3DVramPool'{0x0000000705a65610})}
  0x0000017ac301fbf8: 0048 ba10 | 56a6 0507 | 0000 004c 

  0x0000017ac301fc04: ;   {metadata(method elemento for {method} {0x0000017ada99e008} 'run' '()V' in 'com/sun/javafx/tk/quantum/PresentingPainter')}
  0x0000017ac301fc04: 8bc2 48be | c024 22db | 7a01 0000 | 458b 4008 | 41ba 0000 | 003d 4d03 | c24c 3b86 | 2003 0000 
  0x0000017ac301fc24: 750d 4883 | 8628 0300 | 0001 e960 | 0000 004c | 3b86 3003 | 0000 750d | 4883 8638 | 0300 0001 
  0x0000017ac301fc44: e94a 0000 | 0048 83be | 2003 0000 | 0075 174c | 8986 2003 | 0000 48c7 | 8628 0300 | 0001 0000 
  0x0000017ac301fc64: 00e9 2900 | 0000 4883 | be30 0300 | 0000 7517 | 4c89 8630 | 0300 0048 | c786 3803 | 0000 0100 
  0x0000017ac301fc84: 0000 e908 | 0000 0048 | 8386 1803 | 0000 0141 | b800 0000 | 0066 0f1f 

  0x0000017ac301fc9c: ;   {optimized virtual_call}
  0x0000017ac301fc9c: 4400 00e8 

  0x0000017ac301fca0: ; ImmutableOopMap {}
                      ;*invokeinterface freeDisposalRequestedAndCheckResources {reexecute=0 rethrow=0 return_oop=0}
                      ; - com.sun.javafx.tk.quantum.PresentingPainter::run@90 (line 127)
  0x0000017ac301fca0: 3cf1 9f06 

  0x0000017ac301fca4: ;   {post_call_nop}
  0x0000017ac301fca4: 0f1f 8400 | 1c0f 0005 

  0x0000017ac301fcac: ;   {oop(a 'java/util/concurrent/locks/ReentrantLock'{0x0000000705ba4130})}
  0x0000017ac301fcac: 49b8 3041 | ba05 0700 | 0000 498b 

  0x0000017ac301fcb8: ;   {metadata(method elemento for {method} {0x0000017ada99e008} 'run' '()V' in 'com/sun/javafx/tk/quantum/PresentingPainter')}
  0x0000017ac301fcb8: d048 bec0 | 2422 db7a | 0100 008b | 5208 41ba | 0000 003d | 4903 d248 | 3b96 5003 | 0000 750d 
  0x0000017ac301fcd8: 4883 8658 | 0300 0001 | e960 0000 | 0048 3b96 | 6003 0000 | 750d 4883 | 8668 0300 | 0001 e94a 
  0x0000017ac301fcf8: 0000 0048 | 83be 5003 | 0000 0075 | 1748 8996 | 5003 0000 | 48c7 8658 | 0300 0001 | 0000 00e9 
  0x0000017ac301fd18: 2900 0000 | 4883 be60 | 0300 0000 | 7517 4889 | 9660 0300 | 0048 c786 | 6803 0000 | 0100 0000 
  0x0000017ac301fd38: e908 0000 | 0048 8386 | 4803 0000 

  0x0000017ac301fd44: ;   {metadata(method elemento for {method} {0x000000003d1d9bd0} 'unlock' '()V' in 'java/util/concurrent/locks/ReentrantLock')}
  0x0000017ac301fd44: 0148 ba58 | ecd2 da7a | 0100 008b | b290 0000 | 0083 c602 | 89b2 9000 | 0000 81e6 | feff 1f00 
  0x0000017ac301fd64: 85f6 0f84 | 508d 0000 | 418b 700c | 48c1 e603 

  0x0000017ac301fd74: ; implicit exception: dispatches to 0x0000017ac3028add
  0x0000017ac301fd74: 483b 064c 

  0x0000017ac301fd78: ;   {metadata(method elemento for {method} {0x000000003d1d9bd0} 'unlock' '()V' in 'java/util/concurrent/locks/ReentrantLock')}
  0x0000017ac301fd78: 8bc6 48ba | 58ec d2da | 7a01 0000 | 458b 4008 | 41ba 0000 | 003d 4d03 | c24c 3b82 | e000 0000 
  0x0000017ac301fd98: 750d 4883 | 82e8 0000 | 0001 e960 | 0000 004c | 3b82 f000 | 0000 750d | 4883 82f8 | 0000 0001 
  0x0000017ac301fdb8: e94a 0000 | 0048 83ba | e000 0000 | 0075 174c | 8982 e000 | 0000 48c7 | 82e8 0000 | 0001 0000 
  0x0000017ac301fdd8: 00e9 2900 | 0000 4883 | baf0 0000 | 0000 7517 | 4c89 82f0 | 0000 0048 | c782 f800 | 0000 0100 
  0x0000017ac301fdf8: 0000 e908 | 0000 0048 | 8382 d800 

  0x0000017ac301fe04: ;   {metadata(method elemento for {method} {0x000000003d2d1e60} 'release' '(I)Z' in 'java/util/concurrent/locks/AbstractQueuedSynchronizer')}
  0x0000017ac301fe04: 0000 0149 | b8c8 7bd2 | da7a 0100 | 0041 8b90 | 9000 0000 | 83c2 0241 | 8990 9000 | 0000 81e2 
  0x0000017ac301fe24: feff 1f00 | 85d2 0f84 | b28c 0000 

  0x0000017ac301fe30: ;   {metadata(method elemento for {method} {0x000000003d2d1e60} 'release' '(I)Z' in 'java/util/concurrent/locks/AbstractQueuedSynchronizer')}
  0x0000017ac301fe30: 4c8b c648 | bac8 7bd2 | da7a 0100 | 0045 8b40 | 0841 ba00 | 0000 3d4d | 03c2 4c3b | 82e0 0000 
  0x0000017ac301fe50: 0075 0d48 | 8382 e800 | 0000 01e9 | 6000 0000 | 4c3b 82f0 | 0000 0075 | 0d48 8382 | f800 0000 
  0x0000017ac301fe70: 01e9 4a00 | 0000 4883 | bae0 0000 | 0000 7517 | 4c89 82e0 | 0000 0048 | c782 e800 | 0000 0100 
  0x0000017ac301fe90: 0000 e929 | 0000 0048 | 83ba f000 | 0000 0075 | 174c 8982 | f000 0000 | 48c7 82f8 | 0000 0001 
  0x0000017ac301feb0: 0000 00e9 | 0800 0000 | 4883 82d8 | 0000 0001 | 41b8 0100 | 0000 488b | d648 89b4 | 24f0 0000 
  0x0000017ac301fed0: 0066 0f1f 

  0x0000017ac301fed4: ;   {optimized virtual_call}
  0x0000017ac301fed4: 4400 00e8 

  0x0000017ac301fed8: ; ImmutableOopMap {[240]=Oop }
                      ;*invokevirtual tryRelease {reexecute=0 rethrow=0 return_oop=0}
                      ; - java.util.concurrent.locks.AbstractQueuedSynchronizer::release@2 (line 1099)
                      ; - java.util.concurrent.locks.ReentrantLock::unlock@5 (line 495)
                      ; - com.sun.javafx.tk.quantum.PresentingPainter::run@98 (line 130)
  0x0000017ac301fed8: 04ef 9f06 

  0x0000017ac301fedc: ;   {post_call_nop}
  0x0000017ac301fedc: 0f1f 8400 | 5411 0006 

  0x0000017ac301fee4: ;   {metadata(method elemento for {method} {0x000000003d2d1e60} 'release' '(I)Z' in 'java/util/concurrent/locks/AbstractQueuedSynchronizer')}
  0x0000017ac301fee4: 85c0 48ba | c87b d2da | 7a01 0000 | be08 0100 | 0074 05be | 1801 0000 | 488b 3c32 | 488d 7f01 
  0x0000017ac301ff04: 4889 3c32 | 0f84 4700 | 0000 488b | b424 f000 | 0000 8b56 | 1048 c1e2 

  0x0000017ac301ff1c: ;   {metadata(method elemento for {method} {0x000000003d2d1e60} 'release' '(I)Z' in 'java/util/concurrent/locks/AbstractQueuedSynchronizer')}
  0x0000017ac301ff1c: 0348 bec8 | 7bd2 da7a | 0100 0048 | 8386 2801 

  0x0000017ac301ff2c: ;   {static_call}
  0x0000017ac301ff2c: 0000 01e8 

  0x0000017ac301ff30: ; ImmutableOopMap {}
                      ;*invokestatic signalNext {reexecute=0 rethrow=0 return_oop=0}
                      ; - java.util.concurrent.locks.AbstractQueuedSynchronizer::release@12 (line 1100)
                      ; - java.util.concurrent.locks.ReentrantLock::unlock@5 (line 495)
                      ; - com.sun.javafx.tk.quantum.PresentingPainter::run@98 (line 130)
  0x0000017ac301ff30: acf4 9f06 

  0x0000017ac301ff34: ;   {post_call_nop}
  0x0000017ac301ff34: 0f1f 8400 | ac11 0007 | 41b8 0100 | 0000 4881 | c470 0200 

  0x0000017ac301ff48: ;   {poll_return}
  0x0000017ac301ff48: 005d 493b | 6728 0f87 | af8b 0000 | c341 b800 | 0000 0048 | 81c4 7002 

  0x0000017ac301ff60: ;   {poll_return}
  0x0000017ac301ff60: 0000 5d49 | 3b67 280f | 87ac 8b00 | 00c3 488b | 9424 e800 | 0000 8b72 | 2848 c1e6 | 0348 89b4 
  0x0000017ac301ff80: 24f8 0000 | 0048 3b06 

  0x0000017ac301ff88: ;   {metadata(method elemento for {method} {0x0000017ada99e008} 'run' '()V' in 'com/sun/javafx/tk/quantum/PresentingPainter')}
  0x0000017ac301ff88: 4c8b c648 | bfc0 2422 | db7a 0100 | 0045 8b40 | 0841 ba00 | 0000 3d4d | 03c2 4c3b | 8780 0300 
  0x0000017ac301ffa8: 0075 0d48 | 8387 8803 | 0000 01e9 | 6000 0000 | 4c3b 8790 | 0300 0075 | 0d48 8387 | 9803 0000 
  0x0000017ac301ffc8: 01e9 4a00 | 0000 4883 | bf80 0300 | 0000 7517 | 4c89 8780 | 0300 0048 | c787 8803 | 0000 0100 
  0x0000017ac301ffe8: 0000 e929 | 0000 0048 | 83bf 9003 | 0000 0075 | 174c 8987 | 9003 0000 | 48c7 8798 | 0300 0001 
  0x0000017ac3020008: 0000 00e9 | 0800 0000 | 4883 8778 | 0300 0001 

  0x0000017ac3020018: ;   {metadata(method elemento for {method} {0x0000017ada9a38e0} 'lock' '()V' in 'com/sun/prism/PresentableState')}
  0x0000017ac3020018: 49b8 203a | 22db 7a01 | 0000 418b | b890 0000 | 0083 c702 | 4189 b890 | 0000 0081 | e7fe ff1f 
  0x0000017ac3020038: 0085 ff0f | 84f3 8a00 | 008b 5e68 | 48c1 e303 

  0x0000017ac3020048: ;   {metadata(method elemento for {method} {0x0000017ada9a38e0} 'lock' '()V' in 'com/sun/prism/PresentableState')}
  0x0000017ac3020048: 4885 db49 | b820 3a22 | db7a 0100 | 00bf d800 | 0000 7405 | bfe8 0000 | 0049 8b04 | 3848 8d40 
  0x0000017ac3020068: 0149 8904 | 380f 8494 | 0200 0048 | 3b03 4c8b 

  0x0000017ac3020078: ;   {metadata(method elemento for {method} {0x0000017ada9a38e0} 'lock' '()V' in 'com/sun/prism/PresentableState')}
  0x0000017ac3020078: c348 bf20 | 3a22 db7a | 0100 0045 | 8b40 0841 | ba00 0000 | 3d4d 03c2 | 4c3b 8700 | 0100 0075 
  0x0000017ac3020098: 0d48 8387 | 0801 0000 | 01e9 6000 | 0000 4c3b | 8710 0100 | 0075 0d48 | 8387 1801 | 0000 01e9 
  0x0000017ac30200b8: 4a00 0000 | 4883 bf00 | 0100 0000 | 7517 4c89 | 8700 0100 | 0048 c787 | 0801 0000 | 0100 0000 
  0x0000017ac30200d8: e929 0000 | 0048 83bf | 1001 0000 | 0075 174c | 8987 1001 | 0000 48c7 | 8718 0100 | 0001 0000 
  0x0000017ac30200f8: 00e9 0800 | 0000 4883 | 87f8 0000 

  0x0000017ac3020104: ;   {metadata(method elemento for {method} {0x0000017ada4f9640} 'lock' '()V' in 'com/sun/glass/ui/View')}
  0x0000017ac3020104: 0001 49b8 | b83b 22db | 7a01 0000 | 418b b890 | 0000 0083 | c702 4189 | b890 0000 | 0081 e7fe 
  0x0000017ac3020124: ff1f 0085 | ff0f 842b | 8a00 004c 

  0x0000017ac3020130: ;   {metadata(method elemento for {method} {0x0000017ada4f9640} 'lock' '()V' in 'com/sun/glass/ui/View')}
  0x0000017ac3020130: 8bc3 48bf | b83b 22db | 7a01 0000 | 4883 87d8 | 0000 0001 

  0x0000017ac3020144: ;   {metadata(method elemento for {method} {0x0000017ada4f7860} 'checkNotClosed' '()V' in 'com/sun/glass/ui/View')}
  0x0000017ac3020144: 49b8 f032 | 18db 7a01 | 0000 418b | b890 0000 | 0083 c702 | 4189 b890 | 0000 0081 | e7fe ff1f 
  0x0000017ac3020164: 0085 ff0f | 840e 8a00 | 00c5 fb10 | 4310 c4c1 | f97e c049 

  0x0000017ac3020178: ;   {metadata(method elemento for {method} {0x0000017ada4f7860} 'checkNotClosed' '()V' in 'com/sun/glass/ui/View')}
  0x0000017ac3020178: 83f8 0049 | b8f0 3218 | db7a 0100 | 00bf e800 | 0000 7405 | bfd8 0000 | 0049 8b04 | 3848 8d40 
  0x0000017ac3020198: 0149 8904 | 380f 8401 | 6200 00c5 | fb10 4310 | c4c1 f97e | c048 8bfb 

  0x0000017ac30201b0: ;   {metadata(method elemento for {method} {0x0000017ada4f9640} 'lock' '()V' in 'com/sun/glass/ui/View')}
  0x0000017ac30201b0: 48b8 b83b | 22db 7a01 

  0x0000017ac30201b8: ;   {metadata('com/sun/glass/ui/win/WinView')}
  0x0000017ac30201b8: 0000 49ba | c877 053e | 0000 0000 | 4c89 9010 | 0100 0048 | 8380 1801 | 0000 0148 

  0x0000017ac30201d4: ;   {optimized virtual_call}
  0x0000017ac30201d4: 8bd3 90e8 

  0x0000017ac30201d8: ; ImmutableOopMap {[232]=Oop [248]=Oop }
                      ;*invokevirtual _begin {reexecute=0 rethrow=0 return_oop=0}
                      ; - com.sun.glass.ui.View::lock@9 (line 731)
                      ; - com.sun.prism.PresentableState::lock@11 (line 285)
                      ; - com.sun.javafx.tk.quantum.PresentingPainter::run@106 (line 65)
  0x0000017ac30201d8: 34b4 2507 

  0x0000017ac30201dc: ;   {post_call_nop}
  0x0000017ac30201dc: 0f1f 8400 | 5414 0008 | 488b b424 | f800 0000 | 8b56 6848 | c1e2 0348 | 3b02 488b 

  0x0000017ac30201f8: ;   {metadata(method elemento for {method} {0x0000017ada9a38e0} 'lock' '()V' in 'com/sun/prism/PresentableState')}
  0x0000017ac30201f8: fa48 bb20 | 3a22 db7a | 0100 008b | 7f08 41ba | 0000 003d | 4903 fa48 | 3bbb 3001 | 0000 750d 
  0x0000017ac3020218: 4883 8338 | 0100 0001 | e960 0000 | 0048 3bbb | 4001 0000 | 750d 4883 | 8348 0100 | 0001 e94a 
  0x0000017ac3020238: 0000 0048 | 83bb 3001 | 0000 0075 | 1748 89bb | 3001 0000 | 48c7 8338 | 0100 0001 | 0000 00e9 
  0x0000017ac3020258: 2900 0000 | 4883 bb40 | 0100 0000 | 7517 4889 | bb40 0100 | 0048 c783 | 4801 0000 | 0100 0000 
  0x0000017ac3020278: e908 0000 | 0048 8383 | 2801 0000 

  0x0000017ac3020284: ;   {metadata(method elemento for {method} {0x0000017ada4f98a8} 'getNativeFrameBuffer' '()I' in 'com/sun/glass/ui/View')}
  0x0000017ac3020284: 0148 bf30 | 3d22 db7a | 0100 008b | 9f90 0000 | 0083 c302 | 899f 9000 | 0000 81e3 | feff 1f00 
  0x0000017ac30202a4: 85db 0f84 | f588 0000 | c5fb 1042 | 10c4 e1f9 

  0x0000017ac30202b4: ;   {metadata(method elemento for {method} {0x0000017ada4f98a8} 'getNativeFrameBuffer' '()I' in 'com/sun/glass/ui/View')}
  0x0000017ac30202b4: 7ec7 48bf | 303d 22db | 7a01 0000 

  0x0000017ac30202c0: ;   {metadata('com/sun/glass/ui/win/WinView')}
  0x0000017ac30202c0: 49ba c877 | 053e 0000 | 0000 4c89 | 97e0 0000 | 0048 8387 | e800 0000 

  0x0000017ac30202d8: ;   {metadata(method elemento for {method} {0x0000017ada4fc220} '_getNativeFrameBuffer' '(J)I' in 'com/sun/glass/ui/win/WinView')}
  0x0000017ac30202d8: 0148 ba78 | 3e22 db7a | 0100 008b | ba90 0000 | 0083 c702 | 89ba 9000 | 0000 81e7 | feff 1f00 
  0x0000017ac30202f8: 85ff 0f84 | c288 0000 | c746 0c00 | 0000 0048 | 8b94 24e8 | 0000 008b | 7230 48c1 | e603 4885 
  0x0000017ac3020318: ;   {metadata(method elemento for {method} {0x0000017ada99e008} 'run' '()V' in 'com/sun/javafx/tk/quantum/PresentingPainter')}
  0x0000017ac3020318: f648 bec0 | 2422 db7a | 0100 00bf | b803 0000 | 7405 bfa8 | 0300 0048 | 8b1c 3e48 | 8d5b 0148 
  0x0000017ac3020338: 891c 3e0f | 8408 0000 | 0048 8bf2 | e92a 0200 

  0x0000017ac3020348: ;   {metadata(method elemento for {method} {0x0000017ada99e008} 'run' '()V' in 'com/sun/javafx/tk/quantum/PresentingPainter')}
  0x0000017ac3020348: 0048 bec0 | 2422 db7a | 0100 0048 | 8386 c803 

  0x0000017ac3020358: ;   {metadata(method elemento for {method} {0x0000017ada4d5468} 'getDefaultResourceFactory' '()Lcom/sun/prism/ResourceFactory;' in 'com/sun/prism/GraphicsPipeline')}
  0x0000017ac3020358: 0000 0148 | be78 3f22 | db7a 0100 | 008b be90 | 0000 0083 | c702 89be | 9000 0000 | 81e7 feff 
  0x0000017ac3020378: 1f00 85ff | 0f84 6188 

  0x0000017ac3020380: ;   {metadata(method elemento for {method} {0x0000017ada4d5468} 'getDefaultResourceFactory' '()Lcom/sun/prism/ResourceFactory;' in 'com/sun/prism/GraphicsPipeline')}
  0x0000017ac3020380: 0000 48be | 783f 22db | 7a01 0000 | 4883 86d8 | 0000 0001 

  0x0000017ac3020394: ;   {metadata(method elemento for {method} {0x0000017ada4e2618} 'getScreens' '()Ljava/util/List;' in 'com/sun/glass/ui/Screen')}
  0x0000017ac3020394: 48be 48f0 | 21db 7a01 | 0000 8bbe | 9000 0000 | 83c7 0289 | be90 0000 | 0081 e7fe | ff1f 0085 
  0x0000017ac30203b4: ff0f 8449 

  0x0000017ac30203b8: ;   {oop(a 'java/lang/Class'{0x0000000705a00e58} = 'com/sun/glass/ui/Screen')}
  0x0000017ac30203b8: 8800 0048 | be58 0ea0 | 0507 0000 | 008b 7678 | 48c1 e603 

  0x0000017ac30203cc: ;   {metadata(method elemento for {method} {0x0000017ada4e2618} 'getScreens' '()Ljava/util/List;' in 'com/sun/glass/ui/Screen')}
  0x0000017ac30203cc: 4885 f648 | be48 f021 | db7a 0100 | 00bf e800 | 0000 7405 | bfd8 0000 | 0048 8b1c | 3e48 8d5b 
  0x0000017ac30203ec: 0148 891c | 3e0f 8402 

  0x0000017ac30203f4: ;   {oop(a 'java/lang/Class'{0x0000000705a00e58} = 'com/sun/glass/ui/Screen')}
  0x0000017ac30203f4: 5f00 0048 | be58 0ea0 | 0507 0000 | 008b 7678 | 48c1 e603 

  0x0000017ac3020408: ;   {metadata(method elemento for {method} {0x0000017ada4d5468} 'getDefaultResourceFactory' '()Lcom/sun/prism/ResourceFactory;' in 'com/sun/prism/GraphicsPipeline')}
  0x0000017ac3020408: 48bf 783f | 22db 7a01 | 0000 4883 | 87e8 0000 

  0x0000017ac3020418: ;   {metadata(method elemento for {method} {0x0000017ada4d5a00} 'getPipeline' '()Lcom/sun/prism/GraphicsPipeline;' in 'com/sun/prism/GraphicsPipeline')}
  0x0000017ac3020418: 0001 48bf | a83a 14db | 7a01 0000 | 8b9f 9000 | 0000 83c3 | 0289 9f90 | 0000 0081 | e3fe ff1f 
  0x0000017ac3020438: 0085 db0f | 84e4 8700 

  0x0000017ac3020440: ;   {oop(a 'java/lang/Class'{0x0000000705e7b220} = 'com/sun/prism/GraphicsPipeline')}
  0x0000017ac3020440: 0048 bf20 | b2e7 0507 | 0000 008b | 7f78 48c1 | e703 483b | 0748 8bdf 

  0x0000017ac3020458: ;   {metadata(method elemento for {method} {0x0000017ada4d5468} 'getDefaultResourceFactory' '()Lcom/sun/prism/ResourceFactory;' in 'com/sun/prism/GraphicsPipeline')}
  0x0000017ac3020458: 48b8 783f | 22db 7a01 

  0x0000017ac3020460: ;   {metadata('com/sun/prism/d3d/D3DPipeline')}
  0x0000017ac3020460: 0000 49ba | 0843 053e | 0000 0000 | 4c89 9000 | 0100 0048 | 8380 0801 

  0x0000017ac3020478: ;   {metadata(method elemento for {method} {0x0000017ada4d2db0} 'getDefaultResourceFactory' '(Ljava/util/List;)Lcom/sun/prism/ResourceFactory;' in 'com/sun/prism/d3d/D3DPipeline')}
  0x0000017ac3020478: 0000 0148 | bbd8 4022 | db7a 0100 | 008b 8390 | 0000 0083 | c002 8983 | 9000 0000 | 25fe ff1f 
  0x0000017ac3020498: 0085 c00f | 84aa 8700 | 008b 5f18 | 48c1 e303 

  0x0000017ac30204a8: ;   {metadata(method elemento for {method} {0x0000017ada4d2db0} 'getDefaultResourceFactory' '(Ljava/util/List;)Lcom/sun/prism/ResourceFactory;' in 'com/sun/prism/d3d/D3DPipeline')}
  0x0000017ac30204a8: 4885 db48 | bbd8 4022 | db7a 0100 | 00b8 d800 | 0000 7505 | b8e8 0000 | 0048 8b0c | 0348 8d49 
  0x0000017ac30204c8: 0148 890c | 030f 8565 | 0000 0048 | 89bc 2400 

  0x0000017ac30204d8: ;   {metadata(method elemento for {method} {0x0000017ada4d2db0} 'getDefaultResourceFactory' '(Ljava/util/List;)Lcom/sun/prism/ResourceFactory;' in 'com/sun/prism/d3d/D3DPipeline')}
  0x0000017ac30204d8: 0100 0048 | bbd8 4022 | db7a 0100 | 0048 8383 | f800 0000 | 0148 8bd6 | 0f1f 8000 

  0x0000017ac30204f4: ;   {static_call}
  0x0000017ac30204f4: 0000 00e8 

  0x0000017ac30204f8: ; ImmutableOopMap {[232]=Oop [256]=Oop }
                      ;*invokestatic findDefaultResourceFactory {reexecute=0 rethrow=0 return_oop=0}
                      ; - com.sun.prism.d3d.D3DPipeline::getDefaultResourceFactory@9 (line 277)
                      ; - com.sun.prism.GraphicsPipeline::getDefaultResourceFactory@8 (line 151)
                      ; - com.sun.javafx.tk.quantum.PresentingPainter::run@119 (line 69)
  0x0000017ac30204f8: e4ee 9f06 

  0x0000017ac30204fc: ;   {post_call_nop}
  0x0000017ac30204fc: 0f1f 8400 | 7417 0009 | 410f be57 | 4885 d248 | 8bbc 2400 | 0100 000f | 8553 8700 | 004c 8bd0 
  0x0000017ac302051c: 49c1 ea03 | 4489 5718 | 488b d748 | 33d0 48c1 | ea15 4883 | fa00 0f85 | 5387 0000 | 8b57 1848 
  0x0000017ac302053c: c1e2 0348 | 8bb4 24e8 | 0000 0041 | 0fbe 7f48 | 85ff 0f85 | 4f87 0000 | 4c8b d249 | c1ea 0344 
  0x0000017ac302055c: 8956 3048 | 8bfe 4833 | fa48 c1ef | 1548 83ff | 000f 854f | 8700 008b | 7e30 48c1 | e703 4885 
  0x0000017ac302057c: ;   {metadata(method elemento for {method} {0x0000017ada99e008} 'run' '()V' in 'com/sun/javafx/tk/quantum/PresentingPainter')}
  0x0000017ac302057c: ff48 bac0 | 2422 db7a | 0100 00bb | e803 0000 | 7505 bbd8 | 0300 0048 | 8b04 1a48 | 8d40 0148 
  0x0000017ac302059c: 8904 1a0f | 8508 0000 | 0048 8bd6 | e9ff 0100 | 0048 85ff | 0f84 2500 

  0x0000017ac30205b4: ;   {metadata('com/sun/prism/d3d/D3DResourceFactory')}
  0x0000017ac30205b4: 0000 48b9 | d047 053e | 0000 0000 | 8b47 0841 | ba00 0000 | 3d49 03c2 | 483b 4848 | 0f85 0487 
  0x0000017ac30205d4: 0000 e900 | 0000 0048 | 8bd7 483b | 0748 8bd7 

  0x0000017ac30205e4: ;   {metadata(method elemento for {method} {0x0000017ada99e008} 'run' '()V' in 'com/sun/javafx/tk/quantum/PresentingPainter')}
  0x0000017ac30205e4: 48bb c024 | 22db 7a01 

  0x0000017ac30205ec: ;   {metadata('com/sun/prism/d3d/D3DResourceFactory')}
  0x0000017ac30205ec: 0000 49ba | d047 053e | 0000 0000 | 4c89 9300 | 0400 0048 | 8383 0804 

  0x0000017ac3020604: ;   {metadata(method elemento for {method} {0x0000017ada4dae48} 'isDeviceReady' '()Z' in 'com/sun/prism/d3d/D3DResourceFactory')}
  0x0000017ac3020604: 0000 0148 | baa8 4422 | db7a 0100 | 008b 9a90 | 0000 0083 | c302 899a | 9000 0000 | 81e3 feff 
  0x0000017ac3020624: 1f00 85db | 0f84 b686 | 0000 488b 

  0x0000017ac3020630: ;   {metadata(method elemento for {method} {0x0000017ada4dae48} 'isDeviceReady' '()Z' in 'com/sun/prism/d3d/D3DResourceFactory')}
  0x0000017ac3020630: d748 bba8 | 4422 db7a | 0100 008b | 5208 41ba | 0000 003d | 4903 d248 | 3b93 e000 | 0000 750d 
  0x0000017ac3020650: 4883 83e8 | 0000 0001 | e960 0000 | 0048 3b93 | f000 0000 | 750d 4883 | 83f8 0000 | 0001 e94a 
  0x0000017ac3020670: 0000 0048 | 83bb e000 | 0000 0075 | 1748 8993 | e000 0000 | 48c7 83e8 | 0000 0001 | 0000 00e9 
  0x0000017ac3020690: 2900 0000 | 4883 bbf0 | 0000 0000 | 7517 4889 | 93f0 0000 | 0048 c783 | f800 0000 | 0100 0000 
  0x0000017ac30206b0: e908 0000 | 0048 8383 | d800 0000 | 010f be57 | 0c83 e201 

  0x0000017ac30206c4: ;   {metadata(method elemento for {method} {0x0000017ada4dae48} 'isDeviceReady' '()Z' in 'com/sun/prism/d3d/D3DResourceFactory')}
  0x0000017ac30206c4: 85d2 48ba | a844 22db | 7a01 0000 | bb08 0100 | 0074 05bb | 1801 0000 | 488b 041a | 488d 4001 
  0x0000017ac30206e4: 4889 041a | 0f84 0a00 | 0000 bf00 | 0000 00e9 | 8200 0000 

  0x0000017ac30206f8: ;   {metadata(method elemento for {method} {0x0000017ada4dae48} 'isDeviceReady' '()Z' in 'com/sun/prism/d3d/D3DResourceFactory')}
  0x0000017ac30206f8: 488b f748 | bba8 4422 | db7a 0100 | 0048 8383 | 2801 0000 | 0148 8bd7 | 4889 bc24 | 0801 0000 
  0x0000017ac3020718: 0f1f 8000 

  0x0000017ac302071c: ;   {optimized virtual_call}
  0x0000017ac302071c: 0000 00e8 

  0x0000017ac3020720: ; ImmutableOopMap {[232]=Oop [264]=Oop }
                      ;*invokevirtual displayPrismStatistics {reexecute=0 rethrow=0 return_oop=0}
                      ; - com.sun.prism.d3d.D3DResourceFactory::isDeviceReady@10 (line 119)
                      ; - com.sun.javafx.tk.quantum.PresentingPainter::run@136 (line 71)
  0x0000017ac3020720: fccb 0000 

  0x0000017ac3020724: ;   {post_call_nop}
  0x0000017ac3020724: 0f1f 8400 | 9c19 000a | 488b bc24 | 0801 0000 | 8b57 2848 | c1e2 0348 | 3b02 488b 

  0x0000017ac3020740: ;   {metadata(method elemento for {method} {0x0000017ada4dae48} 'isDeviceReady' '()Z' in 'com/sun/prism/d3d/D3DResourceFactory')}
  0x0000017ac3020740: f248 bfa8 | 4422 db7a 

  0x0000017ac3020748: ;   {metadata('com/sun/prism/d3d/D3DContext')}
  0x0000017ac3020748: 0100 0049 | baf8 ed05 | 3e00 0000 | 004c 8997 | 6001 0000 | 4883 8768 | 0100 0001 

  0x0000017ac3020764: ;   {optimized virtual_call}
  0x0000017ac3020764: 6666 90e8 

  0x0000017ac3020768: ; ImmutableOopMap {[232]=Oop }
                      ;*invokevirtual testLostStateAndReset {reexecute=0 rethrow=0 return_oop=0}
                      ; - com.sun.prism.d3d.D3DResourceFactory::isDeviceReady@17 (line 120)
                      ; - com.sun.javafx.tk.quantum.PresentingPainter::run@136 (line 71)
  0x0000017ac3020768: b4ce 0000 

  0x0000017ac302076c: ;   {post_call_nop}
  0x0000017ac302076c: 0f1f 8400 | e419 000b | 83e0 0148 | 8bf8 85ff 

  0x0000017ac302077c: ;   {metadata(method elemento for {method} {0x0000017ada99e008} 'run' '()V' in 'com/sun/javafx/tk/quantum/PresentingPainter')}
  0x0000017ac302077c: 48be c024 | 22db 7a01 | 0000 bf28 | 0400 0075 | 05bf 3804 | 0000 488b | 1c3e 488d | 5b01 4889 
  0x0000017ac302079c: 1c3e 488b | 9424 e800 | 0000 0f85 | aa15 0000 | 8b72 2848 | c1e6 0348 | 3b06 488b 

  0x0000017ac30207b8: ;   {metadata(method elemento for {method} {0x0000017ada99e008} 'run' '()V' in 'com/sun/javafx/tk/quantum/PresentingPainter')}
  0x0000017ac30207b8: fe48 bbc0 | 2422 db7a 

  0x0000017ac30207c0: ;   {metadata('com/sun/javafx/tk/quantum/SceneState')}
  0x0000017ac30207c0: 0100 0049 | ba68 6914 | 3e00 0000 | 004c 8993 | 5004 0000 | 4883 8358 | 0400 0001 | 8b76 6c48 
  0x0000017ac30207e0: c1e6 0348 | 3b06 488b 

  0x0000017ac30207e8: ;   {metadata(method elemento for {method} {0x0000017ada99e008} 'run' '()V' in 'com/sun/javafx/tk/quantum/PresentingPainter')}
  0x0000017ac30207e8: fe48 bbc0 | 2422 db7a | 0100 008b | 7f08 41ba | 0000 003d | 4903 fa48 | 3bbb 8004 | 0000 750d 
  0x0000017ac3020808: 4883 8388 | 0400 0001 | e960 0000 | 0048 3bbb | 9004 0000 | 750d 4883 | 8398 0400 | 0001 e94a 
  0x0000017ac3020828: 0000 0048 | 83bb 8004 | 0000 0075 | 1748 89bb | 8004 0000 | 48c7 8388 | 0400 0001 | 0000 00e9 
  0x0000017ac3020848: 2900 0000 | 4883 bb90 | 0400 0000 | 7517 4889 | bb90 0400 | 0048 c783 | 9804 0000 | 0100 0000 
  0x0000017ac3020868: e908 0000 | 0048 8383 | 7804 0000 

  0x0000017ac3020874: ;   {metadata(method elemento for {method} {0x0000017ada4eb4d0} 'entireSceneNeedsRepaint' '()V' in 'com/sun/javafx/tk/quantum/GlassScene')}
  0x0000017ac3020874: 0148 bfc0 | 8a21 db7a | 0100 008b | 9f90 0000 | 0083 c302 | 899f 9000 | 0000 81e3 | feff 1f00 
  0x0000017ac3020894: 85db 0f84 | 7884 0000 

  0x0000017ac302089c: ;   {metadata(method elemento for {method} {0x0000017ada4eb4d0} 'entireSceneNeedsRepaint' '()V' in 'com/sun/javafx/tk/quantum/GlassScene')}
  0x0000017ac302089c: 48bf c08a | 21db 7a01 | 0000 4883 | 87d8 0000 

  0x0000017ac30208ac: ;   {metadata(method elemento for {method} {0x0000017ada652050} 'isFxApplicationThread' '()Z' in 'javafx/application/Platform')}
  0x0000017ac30208ac: 0001 48bf | c08f 21db | 7a01 0000 | 8b9f 9000 | 0000 83c3 | 0289 9f90 | 0000 0081 | e3fe ff1f 
  0x0000017ac30208cc: 0085 db0f | 8460 8400 

  0x0000017ac30208d4: ;   {metadata(method elemento for {method} {0x0000017ada652050} 'isFxApplicationThread' '()Z' in 'javafx/application/Platform')}
  0x0000017ac30208d4: 0048 bfc0 | 8f21 db7a | 0100 0048 | 8387 d800 

  0x0000017ac30208e4: ;   {metadata(method elemento for {method} {0x0000017ada41fa78} 'isFxApplicationThread' '()Z' in 'com/sun/javafx/application/PlatformImpl')}
  0x0000017ac30208e4: 0000 0148 | bfa0 4e21 | db7a 0100 | 008b 9f90 | 0000 0083 | c302 899f | 9000 0000 | 81e3 feff 
  0x0000017ac3020904: 1f00 85db | 0f84 4884 

  0x0000017ac302090c: ;   {metadata(method elemento for {method} {0x0000017ada41fa78} 'isFxApplicationThread' '()Z' in 'com/sun/javafx/application/PlatformImpl')}
  0x0000017ac302090c: 0000 48bf | a04e 21db | 7a01 0000 | 4883 87d8 | 0000 0001 | 4889 b424 | 1001 0000 | 0f1f 8000 
  0x0000017ac302092c: ;   {static_call}
  0x0000017ac302092c: 0000 00e8 

  0x0000017ac3020930: ; ImmutableOopMap {[232]=Oop [272]=Oop }
                      ;*invokestatic getToolkit {reexecute=0 rethrow=0 return_oop=0}
                      ; - com.sun.javafx.application.PlatformImpl::isFxApplicationThread@0 (line 427)
                      ; - javafx.application.Platform::isFxApplicationThread@0 (line 200)
                      ; - com.sun.javafx.tk.quantum.GlassScene::entireSceneNeedsRepaint@0 (line 228)
                      ; - com.sun.javafx.tk.quantum.PresentingPainter::run@151 (line 72)
  0x0000017ac3020930: acea 9f06 

  0x0000017ac3020934: ;   {post_call_nop}
  0x0000017ac3020934: 0f1f 8400 | ac1b 000c 

  0x0000017ac302093c: ; implicit exception: dispatches to 0x0000017ac3028d77
                      ;   {metadata(method elemento for {method} {0x0000017ada41fa78} 'isFxApplicationThread' '()Z' in 'com/sun/javafx/application/PlatformImpl')}
  0x0000017ac302093c: 483b 0049 | b8a0 4e21 | db7a 0100 | 008b 4008 | 41ba 0000 | 003d 4903 | c249 3b80 | f000 0000 
  0x0000017ac302095c: 750d 4983 | 80f8 0000 | 0001 e960 | 0000 0049 | 3b80 0001 | 0000 750d | 4983 8008 | 0100 0001 
  0x0000017ac302097c: e94a 0000 | 0049 83b8 | f000 0000 | 0075 1749 | 8980 f000 | 0000 49c7 | 80f8 0000 | 0001 0000 
  0x0000017ac302099c: 00e9 2900 | 0000 4983 | b800 0100 | 0000 7517 | 4989 8000 | 0100 0049 | c780 0801 | 0000 0100 
  0x0000017ac30209bc: 0000 e908 | 0000 0049 | 8380 e800 

  0x0000017ac30209c8: ;   {metadata(method elemento for {method} {0x0000017ada442d28} 'isFxUserThread' '()Z' in 'com/sun/javafx/tk/Toolkit')}
  0x0000017ac30209c8: 0000 0149 | b898 61e5 | da7a 0100 | 0041 8b90 | 9000 0000 | 83c2 0241 | 8990 9000 | 0000 81e2 
  0x0000017ac30209e8: feff 1f00 | 85d2 0f84 | 8883 0000 

  0x0000017ac30209f4: ;   {metadata(method elemento for {method} {0x0000017ada442d28} 'isFxUserThread' '()Z' in 'com/sun/javafx/tk/Toolkit')}
  0x0000017ac30209f4: 49b8 9861 | e5da 7a01 | 0000 4983 | 80d8 0000 

  0x0000017ac3020a04: ;   {oop(a 'java/lang/Class'{0x0000000705c51f10} = 'com/sun/javafx/tk/Toolkit')}
  0x0000017ac3020a04: 0001 49b8 | 101f c505 | 0700 0000 | 458b 8080 | 0000 0049 | c1e0 0349 | 8b97 1004 | 0000 488b 
  0x0000017ac3020a24: 1249 3bd0 

  0x0000017ac3020a28: ;   {metadata(method elemento for {method} {0x0000017ada442d28} 'isFxUserThread' '()Z' in 'com/sun/javafx/tk/Toolkit')}
  0x0000017ac3020a28: 49b8 9861 | e5da 7a01 | 0000 bae8 | 0000 0075 | 05ba f800 | 0000 498b | 3410 488d | 7601 4989 
  0x0000017ac3020a48: 3410 0f85 | 1c00 0000 

  0x0000017ac3020a50: ;   {metadata(method elemento for {method} {0x0000017ada442d28} 'isFxUserThread' '()Z' in 'com/sun/javafx/tk/Toolkit')}
  0x0000017ac3020a50: 49b8 9861 | e5da 7a01 | 0000 41ff | 8008 0100 | 0041 b801 | 0000 00e9 | 0600 0000 | 41b8 0000 
  0x0000017ac3020a70: 0000 4183 | e001 4183 | e001 4183 | e001 4585 

  0x0000017ac3020a80: ;   {metadata(method elemento for {method} {0x0000017ada4eb4d0} 'entireSceneNeedsRepaint' '()V' in 'com/sun/javafx/tk/quantum/GlassScene')}
  0x0000017ac3020a80: c049 b8c0 | 8a21 db7a | 0100 00ba | e800 0000 | 7405 baf8 | 0000 0049 | 8b34 1048 | 8d76 0149 
  0x0000017ac3020aa0: 8934 1048 | 8bb4 2410 | 0100 000f | 8410 0300 | 0041 b801 | 0000 0044 | 8846 0cf0 | 8344 24c0 
  0x0000017ac3020ac0: 004c 8bc6 

  0x0000017ac3020ac4: ;   {metadata(method elemento for {method} {0x0000017ada4eb4d0} 'entireSceneNeedsRepaint' '()V' in 'com/sun/javafx/tk/quantum/GlassScene')}
  0x0000017ac3020ac4: 48ba c08a | 21db 7a01 | 0000 458b | 4008 41ba | 0000 003d | 4d03 c24c | 3b82 1001 | 0000 750d 
  0x0000017ac3020ae4: 4883 8218 | 0100 0001 | e960 0000 | 004c 3b82 | 2001 0000 | 750d 4883 | 8228 0100 | 0001 e94a 
  0x0000017ac3020b04: 0000 0048 | 83ba 1001 | 0000 0075 | 174c 8982 | 1001 0000 | 48c7 8218 | 0100 0001 | 0000 00e9 
  0x0000017ac3020b24: 2900 0000 | 4883 ba20 | 0100 0000 | 7517 4c89 | 8220 0100 | 0048 c782 | 2801 0000 | 0100 0000 
  0x0000017ac3020b44: e908 0000 | 0048 8382 | 0801 0000 

  0x0000017ac3020b50: ;   {metadata(method elemento for {method} {0x0000017ada4ebca8} 'sceneChanged' '()V' in 'com/sun/javafx/tk/quantum/GlassScene')}
  0x0000017ac3020b50: 0149 b8a8 | 9e1c db7a | 0100 0041 | 8b90 9000 | 0000 83c2 | 0241 8990 | 9000 0000 | 81e2 feff 
  0x0000017ac3020b70: 1f00 85d2 | 0f84 2382 | 0000 448b | 4610 49c1 | e003 4d85 

  0x0000017ac3020b84: ;   {metadata(method elemento for {method} {0x0000017ada4ebca8} 'sceneChanged' '()V' in 'com/sun/javafx/tk/quantum/GlassScene')}
  0x0000017ac3020b84: c049 b8a8 | 9e1c db7a | 0100 00ba | d800 0000 | 7405 bae8 | 0000 0049 | 8b3c 1048 | 8d7f 0149 
  0x0000017ac3020ba4: 893c 100f | 840d 0100 

  0x0000017ac3020bac: ;   {metadata(method elemento for {method} {0x0000017ada4ebca8} 'sceneChanged' '()V' in 'com/sun/javafx/tk/quantum/GlassScene')}
  0x0000017ac3020bac: 0049 b8a8 | 9e1c db7a | 0100 0049 | 8380 f800 

  0x0000017ac3020bbc: ;   {metadata(method elemento for {method} {0x0000017ada4e6d08} 'getInstance' '()Lcom/sun/javafx/tk/quantum/PaintCollector;' in 'com/sun/javafx/tk/quantum/PaintCollector')}
  0x0000017ac3020bbc: 0000 0149 | b800 491c | db7a 0100 | 0041 8b90 | 9000 0000 | 83c2 0241 | 8990 9000 | 0000 81e2 
  0x0000017ac3020bdc: feff 1f00 | 85d2 0f84 | d681 0000 

  0x0000017ac3020be8: ;   {oop(a 'java/lang/Class'{0x00000007062b98c8} = 'com/sun/javafx/tk/quantum/PaintCollector')}
  0x0000017ac3020be8: 49b8 c898 | 2b06 0700 | 0000 418b | 5078 48c1 | e203 483b | 024c 8bc2 

  0x0000017ac3020c00: ;   {metadata(method elemento for {method} {0x0000017ada4ebca8} 'sceneChanged' '()V' in 'com/sun/javafx/tk/quantum/GlassScene')}
  0x0000017ac3020c00: 48bf a89e | 1cdb 7a01 | 0000 458b | 4008 41ba | 0000 003d | 4d03 c24c | 3b87 1001 | 0000 750d 
  0x0000017ac3020c20: 4883 8718 | 0100 0001 | e960 0000 | 004c 3b87 | 2001 0000 | 750d 4883 | 8728 0100 | 0001 e94a 
  0x0000017ac3020c40: 0000 0048 | 83bf 1001 | 0000 0075 | 174c 8987 | 1001 0000 | 48c7 8718 | 0100 0001 | 0000 00e9 
  0x0000017ac3020c60: 2900 0000 | 4883 bf20 | 0100 0000 | 7517 4c89 | 8720 0100 | 0048 c787 | 2801 0000 | 0100 0000 
  0x0000017ac3020c80: e908 0000 | 0048 8387 | 0801 0000 | 014c 8bc6 | 0f1f 8000 

  0x0000017ac3020c94: ;   {optimized virtual_call}
  0x0000017ac3020c94: 0000 00e8 

  0x0000017ac3020c98: ; ImmutableOopMap {[232]=Oop }
                      ;*invokevirtual addDirtyScene {reexecute=0 rethrow=0 return_oop=0}
                      ; - com.sun.javafx.tk.quantum.GlassScene::sceneChanged@11 (line 317)
                      ; - com.sun.javafx.tk.quantum.GlassScene::entireSceneNeedsRepaint@12 (line 230)
                      ; - com.sun.javafx.tk.quantum.PresentingPainter::run@151 (line 72)
  0x0000017ac3020c98: 44e1 9f06 

  0x0000017ac3020c9c: ;   {post_call_nop}
  0x0000017ac3020c9c: 0f1f 8400 | 141f 000d 

  0x0000017ac3020ca4: ;   {metadata(method elemento for {method} {0x0000017ada4ebca8} 'sceneChanged' '()V' in 'com/sun/javafx/tk/quantum/GlassScene')}
  0x0000017ac3020ca4: 49b8 a89e | 1cdb 7a01 | 0000 41ff | 8038 0100 | 00e9 f200 

  0x0000017ac3020cb8: ;   {metadata(method elemento for {method} {0x0000017ada4ebca8} 'sceneChanged' '()V' in 'com/sun/javafx/tk/quantum/GlassScene')}
  0x0000017ac3020cb8: 0000 49b8 | a89e 1cdb | 7a01 0000 | 4983 8050 | 0100 0001 

  0x0000017ac3020ccc: ;   {metadata(method elemento for {method} {0x0000017ada4e6d08} 'getInstance' '()Lcom/sun/javafx/tk/quantum/PaintCollector;' in 'com/sun/javafx/tk/quantum/PaintCollector')}
  0x0000017ac3020ccc: 49b8 0049 | 1cdb 7a01 | 0000 418b | 9090 0000 | 0083 c202 | 4189 9090 | 0000 0081 | e2fe ff1f 
  0x0000017ac3020cec: 0085 d20f | 84ef 8000 

  0x0000017ac3020cf4: ;   {oop(a 'java/lang/Class'{0x00000007062b98c8} = 'com/sun/javafx/tk/quantum/PaintCollector')}
  0x0000017ac3020cf4: 0049 b8c8 | 982b 0607 | 0000 0041 | 8b50 7848 | c1e2 0348 | 3b02 4c8b 

  0x0000017ac3020d0c: ;   {metadata(method elemento for {method} {0x0000017ada4ebca8} 'sceneChanged' '()V' in 'com/sun/javafx/tk/quantum/GlassScene')}
  0x0000017ac3020d0c: c248 bfa8 | 9e1c db7a | 0100 0045 | 8b40 0841 | ba00 0000 | 3d4d 03c2 | 4c3b 8768 | 0100 0075 
  0x0000017ac3020d2c: 0d48 8387 | 7001 0000 | 01e9 6000 | 0000 4c3b | 8778 0100 | 0075 0d48 | 8387 8001 | 0000 01e9 
  0x0000017ac3020d4c: 4a00 0000 | 4883 bf68 | 0100 0000 | 7517 4c89 | 8768 0100 | 0048 c787 | 7001 0000 | 0100 0000 
  0x0000017ac3020d6c: e929 0000 | 0048 83bf | 7801 0000 | 0075 174c | 8987 7801 | 0000 48c7 | 8780 0100 | 0001 0000 
  0x0000017ac3020d8c: 00e9 0800 | 0000 4883 | 8760 0100 | 0001 4c8b 

  0x0000017ac3020d9c: ;   {optimized virtual_call}
  0x0000017ac3020d9c: c666 90e8 

  0x0000017ac3020da0: ; ImmutableOopMap {[232]=Oop }
                      ;*invokevirtual removeDirtyScene {reexecute=0 rethrow=0 return_oop=0}
                      ; - com.sun.javafx.tk.quantum.GlassScene::sceneChanged@21 (line 322)
                      ; - com.sun.javafx.tk.quantum.GlassScene::entireSceneNeedsRepaint@12 (line 230)
                      ; - com.sun.javafx.tk.quantum.PresentingPainter::run@151 (line 72)
  0x0000017ac3020da0: 3ce0 9f06 

  0x0000017ac3020da4: ;   {post_call_nop}
  0x0000017ac3020da4: 0f1f 8400 | 1c20 000e 

  0x0000017ac3020dac: ;   {metadata(method elemento for {method} {0x0000017ada4eb4d0} 'entireSceneNeedsRepaint' '()V' in 'com/sun/javafx/tk/quantum/GlassScene')}
  0x0000017ac3020dac: 48ba c08a | 21db 7a01 | 0000 ff82 | 3801 0000 | e933 0100 | 000f 1f80 | 0000 0000 

  0x0000017ac3020dc8: ;   {other}
  0x0000017ac3020dc8: e94c 8000 | 0090 9090 | 9090 488b 

  0x0000017ac3020dd4: ;   {static_call}
  0x0000017ac3020dd4: d666 90e8 

  0x0000017ac3020dd8: ; ImmutableOopMap {[232]=Oop }
                      ;*invokedynamic {reexecute=0 rethrow=0 return_oop=0}
                      ; - com.sun.javafx.tk.quantum.GlassScene::entireSceneNeedsRepaint@19 (line 232)
                      ; - com.sun.javafx.tk.quantum.PresentingPainter::run@151 (line 72)
  0x0000017ac3020dd8: 04e6 9f06 

  0x0000017ac3020ddc: ;   {post_call_nop}
  0x0000017ac3020ddc: 0f1f 8400 | 5420 000f 

  0x0000017ac3020de4: ;   {metadata(method elemento for {method} {0x0000017ada4eb4d0} 'entireSceneNeedsRepaint' '()V' in 'com/sun/javafx/tk/quantum/GlassScene')}
  0x0000017ac3020de4: 48ba c08a | 21db 7a01 | 0000 488d | 9270 0100 | 0048 85c0 | 750c f602 | 0175 4af0 | 4883 0a01 
  0x0000017ac3020e04: eb43 448b | 4008 41ba | 0000 003d | 4d03 c24d | 8bd0 4c33 | 0249 f7c0 | fcff ffff | 7427 41f6 
  0x0000017ac3020e24: c002 7521 | 48f7 02fe | ffff ff74 | 154d 8bc2 | 4c33 0249 | f7c0 fcff | ffff 7409 | 4883 0a02 
  0x0000017ac3020e44: eb03 4c89 

  0x0000017ac3020e48: ;   {metadata(method elemento for {method} {0x0000017ada4eb4d0} 'entireSceneNeedsRepaint' '()V' in 'com/sun/javafx/tk/quantum/GlassScene')}
  0x0000017ac3020e48: 0248 bac0 | 8a21 db7a | 0100 0048 | 8382 8001 

  0x0000017ac3020e58: ;   {metadata(method elemento for {method} {0x0000017ada657f00} 'runLater' '(Ljava/lang/Runnable;)V' in 'javafx/application/Platform')}
  0x0000017ac3020e58: 0000 0148 | baf0 971c | db7a 0100 | 0044 8b82 | 9000 0000 | 4183 c002 | 4489 8290 | 0000 0041 
  0x0000017ac3020e78: 81e0 feff | 1f00 4585 | c00f 849c 

  0x0000017ac3020e84: ;   {metadata(method elemento for {method} {0x0000017ada657f00} 'runLater' '(Ljava/lang/Runnable;)V' in 'javafx/application/Platform')}
  0x0000017ac3020e84: 7f00 0048 | baf0 971c | db7a 0100 | 0048 8382 | d800 0000 

  0x0000017ac3020e98: ;   {metadata(method elemento for {method} {0x0000017ada41fb18} 'runLater' '(Ljava/lang/Runnable;)V' in 'com/sun/javafx/application/PlatformImpl')}
  0x0000017ac3020e98: 0148 ba18 | 991c db7a | 0100 0044 | 8b82 9000 | 0000 4183 | c002 4489 | 8290 0000 | 0041 81e0 
  0x0000017ac3020eb8: feff 1f00 | 4585 c00f | 847f 7f00 

  0x0000017ac3020ec4: ;   {metadata(method elemento for {method} {0x0000017ada41fb18} 'runLater' '(Ljava/lang/Runnable;)V' in 'com/sun/javafx/application/PlatformImpl')}
  0x0000017ac3020ec4: 0048 ba18 | 991c db7a | 0100 0048 | 8382 d800 | 0000 0148 | 8bd0 41b8 | 0000 0000 | 0f1f 8000 
  0x0000017ac3020ee4: ;   {static_call}
  0x0000017ac3020ee4: 0000 00e8 

  0x0000017ac3020ee8: ; ImmutableOopMap {[232]=Oop }
                      ;*invokestatic runLater {reexecute=0 rethrow=0 return_oop=0}
                      ; - com.sun.javafx.application.PlatformImpl::runLater@2 (line 431)
                      ; - javafx.application.Platform::runLater@1 (line 168)
                      ; - com.sun.javafx.tk.quantum.GlassScene::entireSceneNeedsRepaint@24 (line 232)
                      ; - com.sun.javafx.tk.quantum.PresentingPainter::run@151 (line 72)
  0x0000017ac3020ee8: f4e4 9f06 

  0x0000017ac3020eec: ;   {post_call_nop}
  0x0000017ac3020eec: 0f1f 8400 | 6421 0010 | 488b 9424 | e800 0000 | 410f be77 | 4885 f60f | 855c 7f00 | 00c7 4230 
  0x0000017ac3020f0c: 0000 0000 

  0x0000017ac3020f10: ;   {metadata(method elemento for {method} {0x0000017ada99e008} 'run' '()V' in 'com/sun/javafx/tk/quantum/PresentingPainter')}
  0x0000017ac3020f10: 48be c024 | 22db 7a01 | 0000 4883 | 86a8 0400 | 0001 0f1f 

  0x0000017ac3020f24: ;   {static_call}
  0x0000017ac3020f24: 4400 00e8 

  0x0000017ac3020f28: ; ImmutableOopMap {[232]=Oop }
                      ;*invokestatic cleanUp {reexecute=0 rethrow=0 return_oop=0}
                      ; - com.sun.javafx.tk.quantum.PresentingPainter::run@159 (line 117)
  0x0000017ac3020f28: b4e4 9f06 

  0x0000017ac3020f2c: ;   {post_call_nop}
  0x0000017ac3020f2c: 0f1f 8400 | a421 0011 

  0x0000017ac3020f34: ;   {metadata(method elemento for {method} {0x0000017ada99e008} 'run' '()V' in 'com/sun/javafx/tk/quantum/PresentingPainter')}
  0x0000017ac3020f34: 49b8 c024 | 22db 7a01 | 0000 41ff | 80c8 0400 | 0048 8b94 | 24e8 0000 | 0044 8b42 | 2849 c1e0 
  0x0000017ac3020f54: 0349 3b00 

  0x0000017ac3020f58: ;   {metadata(method elemento for {method} {0x0000017ada99e008} 'run' '()V' in 'com/sun/javafx/tk/quantum/PresentingPainter')}
  0x0000017ac3020f58: 498b f048 | bfc0 2422 | db7a 0100 | 008b 7608 | 41ba 0000 | 003d 4903 | f248 3bb7 | e004 0000 
  0x0000017ac3020f78: 750d 4883 | 87e8 0400 | 0001 e960 | 0000 0048 | 3bb7 f004 | 0000 750d | 4883 87f8 | 0400 0001 
  0x0000017ac3020f98: e94a 0000 | 0048 83bf | e004 0000 | 0075 1748 | 89b7 e004 | 0000 48c7 | 87e8 0400 | 0001 0000 
  0x0000017ac3020fb8: 00e9 2900 | 0000 4883 | bff0 0400 | 0000 7517 | 4889 b7f0 | 0400 0048 | c787 f804 | 0000 0100 
  0x0000017ac3020fd8: 0000 e908 | 0000 0048 | 8387 d804 

  0x0000017ac3020fe4: ;   {metadata(method elemento for {method} {0x0000017ada9a3998} 'unlock' '()V' in 'com/sun/prism/PresentableState')}
  0x0000017ac3020fe4: 0000 0148 | be10 5f22 | db7a 0100 | 008b be90 | 0000 0083 | c702 89be | 9000 0000 | 81e7 feff 
  0x0000017ac3021004: 1f00 85ff | 0f84 7b7e | 0000 418b | 5868 48c1 | e303 4885 

  0x0000017ac3021018: ;   {metadata(method elemento for {method} {0x0000017ada9a3998} 'unlock' '()V' in 'com/sun/prism/PresentableState')}
  0x0000017ac3021018: db49 b810 | 5f22 db7a | 0100 00be | d800 0000 | 7405 bee8 | 0000 0049 | 8b3c 3048 | 8d7f 0149 
  0x0000017ac3021038: 893c 300f | 8473 0100 | 0048 3b03 

  0x0000017ac3021044: ;   {metadata(method elemento for {method} {0x0000017ada9a3998} 'unlock' '()V' in 'com/sun/prism/PresentableState')}
  0x0000017ac3021044: 4c8b c348 | be10 5f22 | db7a 0100 | 0045 8b40 | 0841 ba00 | 0000 3d4d | 03c2 4c3b | 8600 0100 
  0x0000017ac3021064: 0075 0d48 | 8386 0801 | 0000 01e9 | 6000 0000 | 4c3b 8610 | 0100 0075 | 0d48 8386 | 1801 0000 
  0x0000017ac3021084: 01e9 4a00 | 0000 4883 | be00 0100 | 0000 7517 | 4c89 8600 | 0100 0048 | c786 0801 | 0000 0100 
  0x0000017ac30210a4: 0000 e929 | 0000 0048 | 83be 1001 | 0000 0075 | 174c 8986 | 1001 0000 | 48c7 8618 | 0100 0001 
  0x0000017ac30210c4: 0000 00e9 | 0800 0000 | 4883 86f8 | 0000 0001 

  0x0000017ac30210d4: ;   {metadata(method elemento for {method} {0x0000017ada4f9778} 'unlock' '()V' in 'com/sun/glass/ui/View')}
  0x0000017ac30210d4: 49b8 7860 | 22db 7a01 | 0000 418b | b090 0000 | 0083 c602 | 4189 b090 | 0000 0081 | e6fe ff1f 
  0x0000017ac30210f4: 0085 f60f | 84b2 7d00 | 004c 8bc3 

  0x0000017ac3021100: ;   {metadata(method elemento for {method} {0x0000017ada4f9778} 'unlock' '()V' in 'com/sun/glass/ui/View')}
  0x0000017ac3021100: 48be 7860 | 22db 7a01 | 0000 4883 | 86d8 0000 

  0x0000017ac3021110: ;   {metadata(method elemento for {method} {0x0000017ada4f7860} 'checkNotClosed' '()V' in 'com/sun/glass/ui/View')}
  0x0000017ac3021110: 0001 49b8 | f032 18db | 7a01 0000 | 418b b090 | 0000 0083 | c602 4189 | b090 0000 | 0081 e6fe 
  0x0000017ac3021130: ff1f 0085 | f60f 8495 | 7d00 00c5 | fb10 4310 | c4c1 f97e | c049 83f8 

  0x0000017ac3021148: ;   {metadata(method elemento for {method} {0x0000017ada4f7860} 'checkNotClosed' '()V' in 'com/sun/glass/ui/View')}
  0x0000017ac3021148: 0049 b8f0 | 3218 db7a | 0100 00be | e800 0000 | 7405 bed8 | 0000 0049 | 8b3c 3048 | 8d7f 0149 
  0x0000017ac3021168: 893c 300f | 84d0 5000 | 00c5 fb10 | 4310 c4c1 | f97e c048 

  0x0000017ac302117c: ;   {metadata(method elemento for {method} {0x0000017ada4f9778} 'unlock' '()V' in 'com/sun/glass/ui/View')}
  0x0000017ac302117c: 8bf3 48bf | 7860 22db | 7a01 0000 

  0x0000017ac3021188: ;   {metadata('com/sun/glass/ui/win/WinView')}
  0x0000017ac3021188: 49ba c877 | 053e 0000 | 0000 4c89 | 9710 0100 | 0048 8387 | 1801 0000 | 0148 8bd3 

  0x0000017ac30211a4: ;   {optimized virtual_call}
  0x0000017ac30211a4: 6666 90e8 

  0x0000017ac30211a8: ; ImmutableOopMap {[232]=Oop }
                      ;*invokevirtual _end {reexecute=0 rethrow=0 return_oop=0}
                      ; - com.sun.glass.ui.View::unlock@9 (line 742)
                      ; - com.sun.prism.PresentableState::unlock@11 (line 296)
                      ; - com.sun.javafx.tk.quantum.PresentingPainter::run@170 (line 120)
  0x0000017ac30211a8: 34dc 9f06 

  0x0000017ac30211ac: ;   {post_call_nop}
  0x0000017ac30211ac: 0f1f 8400 | 2424 0012 | 488b 9424 | e800 0000 | 448b 4228 | 49c1 e003 

  0x0000017ac30211c4: ; implicit exception: dispatches to 0x0000017ac3028ef1
  0x0000017ac30211c4: 493b 0049 

  0x0000017ac30211c8: ;   {metadata(method elemento for {method} {0x0000017ada99e008} 'run' '()V' in 'com/sun/javafx/tk/quantum/PresentingPainter')}
  0x0000017ac30211c8: 8bf0 48bf | c024 22db | 7a01 0000 

  0x0000017ac30211d4: ;   {metadata('com/sun/javafx/tk/quantum/SceneState')}
  0x0000017ac30211d4: 49ba 6869 | 143e 0000 | 0000 4c89 | 9710 0500 | 0048 8387 | 1805 0000 | 0145 8b40 | 6c49 c1e0 
  0x0000017ac30211f4: 034d 85c0 

  0x0000017ac30211f8: ;   {metadata(method elemento for {method} {0x0000017ada99e008} 'run' '()V' in 'com/sun/javafx/tk/quantum/PresentingPainter')}
  0x0000017ac30211f8: 48bf c024 | 22db 7a01 | 0000 750c | 808f 3105 | 0000 01e9 | a800 0000 | 418b 5808 | 41ba 0000 
  0x0000017ac3021218: 003d 4903 | da48 3b9f | 4005 0000 | 750d 4883 | 8748 0500 | 0001 e960 | 0000 0048 | 3b9f 5005 
  0x0000017ac3021238: 0000 750d | 4883 8758 | 0500 0001 | e94a 0000 | 0048 83bf | 4005 0000 | 0075 1748 | 899f 4005 
  0x0000017ac3021258: 0000 48c7 | 8748 0500 | 0001 0000 | 00e9 2900 | 0000 4883 | bf50 0500 | 0000 7517 | 4889 9f50 
  0x0000017ac3021278: 0500 0048 | c787 5805 | 0000 0100 | 0000 e908 | 0000 0048 | 8387 3805 

  0x0000017ac3021290: ;   {metadata('com/sun/javafx/tk/quantum/ViewScene')}
  0x0000017ac3021290: 0000 0148 | bbf0 1814 | 3e00 0000 | 0041 8b70 | 0841 ba00 | 0000 3d49 | 03f2 483b | de0f 8543 
  0x0000017ac30212b0: 7c00 00e9 | 0000 0000 

  0x0000017ac30212b8: ; implicit exception: dispatches to 0x0000017ac3028eff
  0x0000017ac30212b8: 493b 0049 

  0x0000017ac30212bc: ;   {metadata(method elemento for {method} {0x0000017ada99e008} 'run' '()V' in 'com/sun/javafx/tk/quantum/PresentingPainter')}
  0x0000017ac30212bc: 8bf0 48bf | c024 22db | 7a01 0000 | 8b76 0841 | ba00 0000 | 3d49 03f2 | 483b b770 | 0500 0075 
  0x0000017ac30212dc: 0d48 8387 | 7805 0000 | 01e9 6000 | 0000 483b | b780 0500 | 0075 0d48 | 8387 8805 | 0000 01e9 
  0x0000017ac30212fc: 4a00 0000 | 4883 bf70 | 0500 0000 | 7517 4889 | b770 0500 | 0048 c787 | 7805 0000 | 0100 0000 
  0x0000017ac302131c: e929 0000 | 0048 83bf | 8005 0000 | 0075 1748 | 89b7 8005 | 0000 48c7 | 8788 0500 | 0001 0000 
  0x0000017ac302133c: 00e9 0800 | 0000 4883 | 8768 0500 

  0x0000017ac3021348: ;   {metadata(method elemento for {method} {0x0000017ada4eba90} 'setPainting' '(Z)Z' in 'com/sun/javafx/tk/quantum/GlassScene')}
  0x0000017ac3021348: 0001 48be | e072 1ddb | 7a01 0000 | 8bbe 9000 | 0000 83c7 | 0289 be90 | 0000 0081 | e7fe ff1f 
  0x0000017ac3021368: 0085 ff0f | 8493 7b00 | 0041 8b58 | 3848 c1e3 | 0348 3b03 

  0x0000017ac302137c: ;   {metadata(method elemento for {method} {0x0000017ada4eba90} 'setPainting' '(Z)Z' in 'com/sun/javafx/tk/quantum/GlassScene')}
  0x0000017ac302137c: 4c8b c348 | bee0 721d | db7a 0100 | 0045 8b40 | 0841 ba00 | 0000 3d4d | 03c2 4c3b | 86e0 0000 
  0x0000017ac302139c: 0075 0d48 | 8386 e800 | 0000 01e9 | 6000 0000 | 4c3b 86f0 | 0000 0075 | 0d48 8386 | f800 0000 
  0x0000017ac30213bc: 01e9 4a00 | 0000 4883 | bee0 0000 | 0000 7517 | 4c89 86e0 | 0000 0048 | c786 e800 | 0000 0100 
  0x0000017ac30213dc: 0000 e929 | 0000 0048 | 83be f000 | 0000 0075 | 174c 8986 | f000 0000 | 48c7 86f8 | 0000 0001 
  0x0000017ac30213fc: 0000 00e9 | 0800 0000 | 4883 86d8 | 0000 0001 

  0x0000017ac302140c: ;   {metadata(method elemento for {method} {0x0000017ada0e7318} 'getAndSet' '(Z)Z' in 'java/util/concurrent/atomic/AtomicBoolean')}
  0x0000017ac302140c: 49b8 e8a6 | d1da 7a01 | 0000 418b | b090 0000 | 0083 c602 | 4189 b090 | 0000 0081 | e6fe ff1f 
  0x0000017ac302142c: 0085 f60f | 84f5 7a00 

  0x0000017ac3021434: ;   {metadata(method elemento for {method} {0x0000017ada0e7318} 'getAndSet' '(Z)Z' in 'java/util/concurrent/atomic/AtomicBoolean')}
  0x0000017ac3021434: 0049 b8e8 | a6d1 da7a | 0100 0041 | ff80 d800 

  0x0000017ac3021444: ;   {metadata(method elemento for {method} {0x0000017ada0e7318} 'getAndSet' '(Z)Z' in 'java/util/concurrent/atomic/AtomicBoolean')}
  0x0000017ac3021444: 0000 49b8 | e8a6 d1da | 7a01 0000 | 4983 8010 | 0100 0001 

  0x0000017ac3021458: ;   {metadata(method elemento for {method} {0x000000003d28f1b0} 'guard_LI_I' '(Ljava/lang/invoke/VarHandle;Ljava/lang/Object;ILjava/lang/invoke/VarHandle$AccessDescriptor;)I' in 'java/lang/invoke/VarHandleGuards')}
  0x0000017ac3021458: 49b8 2092 | 07da 7a01 | 0000 418b | b090 0000 | 0083 c602 | 4189 b090 | 0000 0081 | e6fe ff1f 
  0x0000017ac3021478: 0085 f60f | 84ca 7a00 

  0x0000017ac3021480: ;   {oop(a 'java/lang/invoke/VarHandleInts$FieldInstanceReadWrite'{0x0000000705e51988})}
  0x0000017ac3021480: 0049 b888 | 19e5 0507 

  0x0000017ac3021488: ;   {metadata(method elemento for {method} {0x000000003d28f1b0} 'guard_LI_I' '(Ljava/lang/invoke/VarHandle;Ljava/lang/Object;ILjava/lang/invoke/VarHandle$AccessDescriptor;)I' in 'java/lang/invoke/VarHandleGuards')}
  0x0000017ac3021488: 0000 0048 | be20 9207 | da7a 0100 | 0045 8b40 | 0841 ba00 | 0000 3d4d | 03c2 4c3b | 86e0 0000 
  0x0000017ac30214a8: 0075 0d48 | 8386 e800 | 0000 01e9 | 6000 0000 | 4c3b 86f0 | 0000 0075 | 0d48 8386 | f800 0000 
  0x0000017ac30214c8: 01e9 4a00 | 0000 4883 | bee0 0000 | 0000 7517 | 4c89 86e0 | 0000 0048 | c786 e800 | 0000 0100 
  0x0000017ac30214e8: 0000 e929 | 0000 0048 | 83be f000 | 0000 0075 | 174c 8986 | f000 0000 | 48c7 86f8 | 0000 0001 
  0x0000017ac3021508: 0000 00e9 | 0800 0000 | 4883 86d8 | 0000 0001 

  0x0000017ac3021518: ;   {metadata(method elemento for {method} {0x000000003d207d48} 'checkAccessModeThenIsDirect' '(Ljava/lang/invoke/VarHandle$AccessDescriptor;)Z' in 'java/lang/invoke/VarHandle')}
  0x0000017ac3021518: 49b8 a895 | 07da 7a01 | 0000 418b | b090 0000 | 0083 c602 | 4189 b090 | 0000 0081 | e6fe ff1f 
  0x0000017ac3021538: 0085 f60f | 842b 7a00 

  0x0000017ac3021540: ;   {metadata(method elemento for {method} {0x000000003d207d48} 'checkAccessModeThenIsDirect' '(Ljava/lang/invoke/VarHandle$AccessDescriptor;)Z' in 'java/lang/invoke/VarHandle')}
  0x0000017ac3021540: 0049 b8a8 | 9507 da7a | 0100 0041 | ff80 d800 

  0x0000017ac3021550: ;   {metadata(method elemento for {method} {0x000000003d28f1b0} 'guard_LI_I' '(Ljava/lang/invoke/VarHandle;Ljava/lang/Object;ILjava/lang/invoke/VarHandle$AccessDescriptor;)I' in 'java/lang/invoke/VarHandleGuards')}
  0x0000017ac3021550: 0000 49b8 | 2092 07da | 7a01 0000 | 41ff 8030 

  0x0000017ac3021560: ;   {metadata(method elemento for {method} {0x000000003d28f1b0} 'guard_LI_I' '(Ljava/lang/invoke/VarHandle;Ljava/lang/Object;ILjava/lang/invoke/VarHandle$AccessDescriptor;)I' in 'java/lang/invoke/VarHandleGuards')}
  0x0000017ac3021560: 0100 0049 | b820 9207 | da7a 0100 | 0041 ff80 | 5001 0000 

  0x0000017ac3021574: ;   {oop(a 'java/lang/invoke/VarForm'{0x0000000705e38120})}
  0x0000017ac3021574: 49b8 2081 | e305 0700 

  0x0000017ac302157c: ;   {metadata(method elemento for {method} {0x000000003d28f1b0} 'guard_LI_I' '(Ljava/lang/invoke/VarHandle;Ljava/lang/Object;ILjava/lang/invoke/VarHandle$AccessDescriptor;)I' in 'java/lang/invoke/VarHandleGuards')}
  0x0000017ac302157c: 0000 48be | 2092 07da | 7a01 0000 | 458b 4008 | 41ba 0000 | 003d 4d03 | c24c 3b86 | 6801 0000 
  0x0000017ac302159c: 750d 4883 | 8670 0100 | 0001 e960 | 0000 004c | 3b86 7801 | 0000 750d | 4883 8680 | 0100 0001 
  0x0000017ac30215bc: e94a 0000 | 0048 83be | 6801 0000 | 0075 174c | 8986 6801 | 0000 48c7 | 8670 0100 | 0001 0000 
  0x0000017ac30215dc: 00e9 2900 | 0000 4883 | be78 0100 | 0000 7517 | 4c89 8678 | 0100 0048 | c786 8001 | 0000 0100 
  0x0000017ac30215fc: 0000 e908 | 0000 0048 | 8386 6001 

  0x0000017ac3021608: ;   {metadata(method elemento for {method} {0x000000003d28e928} 'getMemberName' '(I)Ljava/lang/invoke/MemberName;' in 'java/lang/invoke/VarForm')}
  0x0000017ac3021608: 0000 0149 | b8f8 9b07 | da7a 0100 | 0041 8bb0 | 9000 0000 | 83c6 0241 | 89b0 9000 | 0000 81e6 
  0x0000017ac3021628: feff 1f00 | 85f6 0f84 | 5979 0000 

  0x0000017ac3021634: ;   {metadata(method elemento for {method} {0x000000003d28e928} 'getMemberName' '(I)Ljava/lang/invoke/MemberName;' in 'java/lang/invoke/VarForm')}
  0x0000017ac3021634: 49b8 f89b | 07da 7a01 | 0000 41ff | 80d8 0000 

  0x0000017ac3021644: ;   {metadata(method elemento for {method} {0x000000003d28f1b0} 'guard_LI_I' '(Ljava/lang/invoke/VarHandle;Ljava/lang/Object;ILjava/lang/invoke/VarHandle$AccessDescriptor;)I' in 'java/lang/invoke/VarHandleGuards')}
  0x0000017ac3021644: 0049 b820 | 9207 da7a | 0100 0049 | 8380 a001 

  0x0000017ac3021654: ;   {metadata(method elemento for {method} {0x0000017ada0ea050} 'getAndSet' '(Ljava/lang/invoke/VarHandle;Ljava/lang/Object;I)I' in 'java/lang/invoke/VarHandleInts$FieldInstanceReadWrite')}
  0x0000017ac3021654: 0000 0149 | b8c0 a8d1 | da7a 0100 | 0041 8bb0 | 9000 0000 | 83c6 0241 | 89b0 9000 | 0000 81e6 
  0x0000017ac3021674: feff 1f00 | 85f6 0f84 | 2e79 0000 

  0x0000017ac3021680: ;   {oop(a 'java/lang/Class'{0x0000000705e51900} = 'java/util/concurrent/atomic/AtomicBoolean')}
  0x0000017ac3021680: 49b8 0019 | e505 0700 

  0x0000017ac3021688: ;   {metadata(method elemento for {method} {0x0000017ada0ea050} 'getAndSet' '(Ljava/lang/invoke/VarHandle;Ljava/lang/Object;I)I' in 'java/lang/invoke/VarHandleInts$FieldInstanceReadWrite')}
  0x0000017ac3021688: 0000 48be | c0a8 d1da | 7a01 0000 | 458b 4008 | 41ba 0000 | 003d 4d03 | c24c 3b86 | 1001 0000 
  0x0000017ac30216a8: 750d 4883 | 8618 0100 | 0001 e960 | 0000 004c | 3b86 2001 | 0000 750d | 4883 8628 | 0100 0001 
  0x0000017ac30216c8: e94a 0000 | 0048 83be | 1001 0000 | 0075 174c | 8986 1001 | 0000 48c7 | 8618 0100 | 0001 0000 
  0x0000017ac30216e8: 00e9 2900 | 0000 4883 | be20 0100 | 0000 7517 | 4c89 8620 | 0100 0048 | c786 2801 | 0000 0100 
  0x0000017ac3021708: 0000 e908 | 0000 0048 | 8386 0801 

  0x0000017ac3021714: ;   {metadata(method elemento for {method} {0x000000003d197b50} 'cast' '(Ljava/lang/Object;)Ljava/lang/Object;' in 'java/lang/Class')}
  0x0000017ac3021714: 0000 0149 | b8c8 9109 | da7a 0100 | 0041 8bb0 | 9000 0000 | 83c6 0241 | 89b0 9000 | 0000 81e6 
  0x0000017ac3021734: feff 1f00 | 85f6 0f84 | 8f78 0000 

  0x0000017ac3021740: ;   {metadata(method elemento for {method} {0x000000003d197b50} 'cast' '(Ljava/lang/Object;)Ljava/lang/Object;' in 'java/lang/Class')}
  0x0000017ac3021740: 4885 db49 | b8c8 9109 | da7a 0100 | 00be d800 | 0000 7405 | bee8 0000 | 0049 8b3c | 3048 8d7f 
  0x0000017ac3021760: 0149 893c | 300f 84fb 

  0x0000017ac3021768: ;   {oop(a 'java/lang/Class'{0x0000000705e51900} = 'java/util/concurrent/atomic/AtomicBoolean')}
  0x0000017ac3021768: 0000 0049 | b800 19e5 | 0507 0000 

  0x0000017ac3021774: ;   {metadata(method elemento for {method} {0x000000003d197b50} 'cast' '(Ljava/lang/Object;)Ljava/lang/Object;' in 'java/lang/Class')}
  0x0000017ac3021774: 0048 bec8 | 9109 da7a | 0100 0045 | 8b40 0841 | ba00 0000 | 3d4d 03c2 | 4c3b 8600 | 0100 0075 
  0x0000017ac3021794: 0d48 8386 | 0801 0000 | 01e9 6000 | 0000 4c3b | 8610 0100 | 0075 0d48 | 8386 1801 | 0000 01e9 
  0x0000017ac30217b4: 4a00 0000 | 4883 be00 | 0100 0000 | 7517 4c89 | 8600 0100 | 0048 c786 | 0801 0000 | 0100 0000 
  0x0000017ac30217d4: e929 0000 | 0048 83be | 1001 0000 | 0075 174c | 8986 1001 | 0000 48c7 | 8618 0100 | 0001 0000 
  0x0000017ac30217f4: 00e9 0800 | 0000 4883 | 86f8 0000 | 0001 4885 | db0f 8425 

  0x0000017ac3021808: ;   {metadata('java/util/concurrent/atomic/AtomicBoolean')}
  0x0000017ac3021808: 0000 0048 | b8a0 c300 | 3e00 0000 | 008b 7b08 | 41ba 0000 | 003d 4903 | fa48 3b47 | 380f 8505 
  0x0000017ac3021828: 0000 00e9 | 0500 0000 | 4d33 c0eb | 0641 b801 | 0000 0045 

  0x0000017ac302183c: ;   {metadata(method elemento for {method} {0x000000003d197b50} 'cast' '(Ljava/lang/Object;)Ljava/lang/Object;' in 'java/lang/Class')}
  0x0000017ac302183c: 85c0 49b8 | c891 09da | 7a01 0000 | be38 0100 | 0074 05be | 2801 0000 | 498b 3c30 | 488d 7f01 
  0x0000017ac302185c: 4989 3c30 | 0f84 0349 

  0x0000017ac3021864: ;   {metadata(method elemento for {method} {0x0000017ada0ea050} 'getAndSet' '(Ljava/lang/invoke/VarHandle;Ljava/lang/Object;I)I' in 'java/lang/invoke/VarHandleInts$FieldInstanceReadWrite')}
  0x0000017ac3021864: 0000 49b8 | c0a8 d1da | 7a01 0000 | 4983 8038 | 0100 0001 

  0x0000017ac3021878: ;   {metadata(method elemento for {method} {0x000000003d45aa48} 'requireNonNull' '(Ljava/lang/Object;)Ljava/lang/Object;' in 'java/util/Objects')}
  0x0000017ac3021878: 49b8 b846 | 01da 7a01 | 0000 418b | b090 0000 | 0083 c602 | 4189 b090 | 0000 0081 | e6fe ff1f 
  0x0000017ac3021898: 0085 f60f | 844f 7700 | 0048 85db 

  0x0000017ac30218a4: ;   {metadata(method elemento for {method} {0x000000003d45aa48} 'requireNonNull' '(Ljava/lang/Object;)Ljava/lang/Object;' in 'java/util/Objects')}
  0x0000017ac30218a4: 49b8 b846 | 01da 7a01 | 0000 bee8 | 0000 0074 | 05be d800 | 0000 498b | 3c30 488d | 7f01 4989 
  0x0000017ac30218c4: 3c30 0f84 | fd47 0000 | 4c8d 430c | be00 0000 | 0041 8730 

  0x0000017ac30218d8: ;   {metadata(method elemento for {method} {0x0000017ada0e7318} 'getAndSet' '(Z)Z' in 'java/util/concurrent/atomic/AtomicBoolean')}
  0x0000017ac30218d8: 85f6 49b8 | e8a6 d1da | 7a01 0000 | be58 0100 | 0074 05be | 6801 0000 | 498b 3c30 | 488d 7f01 
  0x0000017ac30218f8: 4989 3c30 | 0f84 1c00 

  0x0000017ac3021900: ;   {metadata(method elemento for {method} {0x0000017ada0e7318} 'getAndSet' '(Z)Z' in 'java/util/concurrent/atomic/AtomicBoolean')}
  0x0000017ac3021900: 0000 49b8 | e8a6 d1da | 7a01 0000 | 41ff 8078 | 0100 0041 | b801 0000 | 00e9 0600 | 0000 41b8 
  0x0000017ac3021920: 0000 0000 | 4183 e001 | 4183 e001 | 448b 4230 | 49c1 e003 

  0x0000017ac3021934: ;   {metadata(method elemento for {method} {0x0000017ada99e008} 'run' '()V' in 'com/sun/javafx/tk/quantum/PresentingPainter')}
  0x0000017ac3021934: 4d85 c048 | bac0 2422 | db7a 0100 | 00be 9805 | 0000 7405 | bea8 0500 | 0048 8b3c | 3248 8d7f 
  0x0000017ac3021954: 0148 893c | 320f 8435 | 0100 004d | 85c0 0f84 | 2600 0000 

  0x0000017ac3021968: ;   {metadata('com/sun/prism/d3d/D3DResourceFactory')}
  0x0000017ac3021968: 48bb d047 | 053e 0000 | 0000 418b | 7808 41ba | 0000 003d | 4903 fa48 | 3b5f 480f | 8588 7600 
  0x0000017ac3021988: 00e9 0000 | 0000 498b | d049 3b00 

  0x0000017ac3021994: ;   {metadata(method elemento for {method} {0x0000017ada99e008} 'run' '()V' in 'com/sun/javafx/tk/quantum/PresentingPainter')}
  0x0000017ac3021994: 48ba c024 | 22db 7a01 

  0x0000017ac302199c: ;   {metadata('com/sun/prism/d3d/D3DResourceFactory')}
  0x0000017ac302199c: 0000 49ba | d047 053e | 0000 0000 | 4c89 92c0 | 0500 0048 | 8382 c805 

  0x0000017ac30219b4: ;   {metadata(method elemento for {method} {0x0000017ada4daca8} 'getTextureResourcePool' '()Lcom/sun/prism/impl/TextureResourcePool;' in 'com/sun/prism/d3d/D3DResourceFactory')}
  0x0000017ac30219b4: 0000 0149 | b850 550e | db7a 0100 | 0041 8b90 | 9000 0000 | 83c2 0241 | 8990 9000 | 0000 81e2 
  0x0000017ac30219d4: feff 1f00 | 85d2 0f84 | 3b76 0000 

  0x0000017ac30219e0: ;   {oop(a 'com/sun/prism/d3d/D3DVramPool'{0x0000000705a65610})}
  0x0000017ac30219e0: 48ba 1056 | a605 0700 | 0000 4c8b 

  0x0000017ac30219ec: ;   {metadata(method elemento for {method} {0x0000017ada99e008} 'run' '()V' in 'com/sun/javafx/tk/quantum/PresentingPainter')}
  0x0000017ac30219ec: c248 bec0 | 2422 db7a | 0100 0045 | 8b40 0841 | ba00 0000 | 3d4d 03c2 | 4c3b 86f0 | 0500 0075 
  0x0000017ac3021a0c: 0d48 8386 | f805 0000 | 01e9 6000 | 0000 4c3b | 8600 0600 | 0075 0d48 | 8386 0806 | 0000 01e9 
  0x0000017ac3021a2c: 4a00 0000 | 4883 bef0 | 0500 0000 | 7517 4c89 | 86f0 0500 | 0048 c786 | f805 0000 | 0100 0000 
  0x0000017ac3021a4c: e929 0000 | 0048 83be | 0006 0000 | 0075 174c | 8986 0006 | 0000 48c7 | 8608 0600 | 0001 0000 
  0x0000017ac3021a6c: 00e9 0800 | 0000 4883 | 86e8 0500 | 0001 41b8 | 0000 0000 | 0f1f 8000 

  0x0000017ac3021a84: ;   {optimized virtual_call}
  0x0000017ac3021a84: 0000 00e8 

  0x0000017ac3021a88: ; ImmutableOopMap {}
                      ;*invokeinterface freeDisposalRequestedAndCheckResources {reexecute=0 rethrow=0 return_oop=0}
                      ; - com.sun.javafx.tk.quantum.PresentingPainter::run@209 (line 127)
  0x0000017ac3021a88: 54d3 9f06 

  0x0000017ac3021a8c: ;   {post_call_nop}
  0x0000017ac3021a8c: 0f1f 8400 | 042d 0013 

  0x0000017ac3021a94: ;   {oop(a 'java/util/concurrent/locks/ReentrantLock'{0x0000000705ba4130})}
  0x0000017ac3021a94: 49b8 3041 | ba05 0700 | 0000 498b 

  0x0000017ac3021aa0: ;   {metadata(method elemento for {method} {0x0000017ada99e008} 'run' '()V' in 'com/sun/javafx/tk/quantum/PresentingPainter')}
  0x0000017ac3021aa0: d048 bec0 | 2422 db7a | 0100 008b | 5208 41ba | 0000 003d | 4903 d248 | 3b96 2006 | 0000 750d 
  0x0000017ac3021ac0: 4883 8628 | 0600 0001 | e960 0000 | 0048 3b96 | 3006 0000 | 750d 4883 | 8638 0600 | 0001 e94a 
  0x0000017ac3021ae0: 0000 0048 | 83be 2006 | 0000 0075 | 1748 8996 | 2006 0000 | 48c7 8628 | 0600 0001 | 0000 00e9 
  0x0000017ac3021b00: 2900 0000 | 4883 be30 | 0600 0000 | 7517 4889 | 9630 0600 | 0048 c786 | 3806 0000 | 0100 0000 
  0x0000017ac3021b20: e908 0000 | 0048 8386 | 1806 0000 

  0x0000017ac3021b2c: ;   {metadata(method elemento for {method} {0x000000003d1d9bd0} 'unlock' '()V' in 'java/util/concurrent/locks/ReentrantLock')}
  0x0000017ac3021b2c: 0148 ba58 | ecd2 da7a | 0100 008b | b290 0000 | 0083 c602 | 89b2 9000 | 0000 81e6 | feff 1f00 
  0x0000017ac3021b4c: 85f6 0f84 | e874 0000 | 418b 700c | 48c1 e603 

  0x0000017ac3021b5c: ; implicit exception: dispatches to 0x0000017ac302905d
  0x0000017ac3021b5c: 483b 064c 

  0x0000017ac3021b60: ;   {metadata(method elemento for {method} {0x000000003d1d9bd0} 'unlock' '()V' in 'java/util/concurrent/locks/ReentrantLock')}
  0x0000017ac3021b60: 8bc6 48ba | 58ec d2da | 7a01 0000 | 458b 4008 | 41ba 0000 | 003d 4d03 | c24c 3b82 | e000 0000 
  0x0000017ac3021b80: 750d 4883 | 82e8 0000 | 0001 e960 | 0000 004c | 3b82 f000 | 0000 750d | 4883 82f8 | 0000 0001 
  0x0000017ac3021ba0: e94a 0000 | 0048 83ba | e000 0000 | 0075 174c | 8982 e000 | 0000 48c7 | 82e8 0000 | 0001 0000 
  0x0000017ac3021bc0: 00e9 2900 | 0000 4883 | baf0 0000 | 0000 7517 | 4c89 82f0 | 0000 0048 | c782 f800 | 0000 0100 
  0x0000017ac3021be0: 0000 e908 | 0000 0048 | 8382 d800 

  0x0000017ac3021bec: ;   {metadata(method elemento for {method} {0x000000003d2d1e60} 'release' '(I)Z' in 'java/util/concurrent/locks/AbstractQueuedSynchronizer')}
  0x0000017ac3021bec: 0000 0149 | b8c8 7bd2 | da7a 0100 | 0041 8b90 | 9000 0000 | 83c2 0241 | 8990 9000 | 0000 81e2 
  0x0000017ac3021c0c: feff 1f00 | 85d2 0f84 | 4a74 0000 

  0x0000017ac3021c18: ;   {metadata(method elemento for {method} {0x000000003d2d1e60} 'release' '(I)Z' in 'java/util/concurrent/locks/AbstractQueuedSynchronizer')}
  0x0000017ac3021c18: 4c8b c648 | bac8 7bd2 | da7a 0100 | 0045 8b40 | 0841 ba00 | 0000 3d4d | 03c2 4c3b | 82e0 0000 
  0x0000017ac3021c38: 0075 0d48 | 8382 e800 | 0000 01e9 | 6000 0000 | 4c3b 82f0 | 0000 0075 | 0d48 8382 | f800 0000 
  0x0000017ac3021c58: 01e9 4a00 | 0000 4883 | bae0 0000 | 0000 7517 | 4c89 82e0 | 0000 0048 | c782 e800 | 0000 0100 
  0x0000017ac3021c78: 0000 e929 | 0000 0048 | 83ba f000 | 0000 0075 | 174c 8982 | f000 0000 | 48c7 82f8 | 0000 0001 
  0x0000017ac3021c98: 0000 00e9 | 0800 0000 | 4883 82d8 | 0000 0001 | 41b8 0100 | 0000 488b | d648 89b4 | 2418 0100 
  0x0000017ac3021cb8: 0066 0f1f 

  0x0000017ac3021cbc: ;   {optimized virtual_call}
  0x0000017ac3021cbc: 4400 00e8 

  0x0000017ac3021cc0: ; ImmutableOopMap {[280]=Oop }
                      ;*invokevirtual tryRelease {reexecute=0 rethrow=0 return_oop=0}
                      ; - java.util.concurrent.locks.AbstractQueuedSynchronizer::release@2 (line 1099)
                      ; - java.util.concurrent.locks.ReentrantLock::unlock@5 (line 495)
                      ; - com.sun.javafx.tk.quantum.PresentingPainter::run@217 (line 130)
  0x0000017ac3021cc0: 1cd1 9f06 

  0x0000017ac3021cc4: ;   {post_call_nop}
  0x0000017ac3021cc4: 0f1f 8400 | 3c2f 0014 

  0x0000017ac3021ccc: ;   {metadata(method elemento for {method} {0x000000003d2d1e60} 'release' '(I)Z' in 'java/util/concurrent/locks/AbstractQueuedSynchronizer')}
  0x0000017ac3021ccc: 85c0 48ba | c87b d2da | 7a01 0000 | be08 0100 | 0074 05be | 1801 0000 | 488b 3c32 | 488d 7f01 
  0x0000017ac3021cec: 4889 3c32 | 0f84 4700 | 0000 488b | b424 1801 | 0000 8b56 | 1048 c1e2 

  0x0000017ac3021d04: ;   {metadata(method elemento for {method} {0x000000003d2d1e60} 'release' '(I)Z' in 'java/util/concurrent/locks/AbstractQueuedSynchronizer')}
  0x0000017ac3021d04: 0348 bec8 | 7bd2 da7a | 0100 0048 | 8386 2801 

  0x0000017ac3021d14: ;   {static_call}
  0x0000017ac3021d14: 0000 01e8 

  0x0000017ac3021d18: ; ImmutableOopMap {}
                      ;*invokestatic signalNext {reexecute=0 rethrow=0 return_oop=0}
                      ; - java.util.concurrent.locks.AbstractQueuedSynchronizer::release@12 (line 1100)
                      ; - java.util.concurrent.locks.ReentrantLock::unlock@5 (line 495)
                      ; - com.sun.javafx.tk.quantum.PresentingPainter::run@217 (line 130)
  0x0000017ac3021d18: c4d6 9f06 

  0x0000017ac3021d1c: ;   {post_call_nop}
  0x0000017ac3021d1c: 0f1f 8400 | 942f 0015 | 41b8 0100 | 0000 4881 | c470 0200 

  0x0000017ac3021d30: ;   {poll_return}
  0x0000017ac3021d30: 005d 493b | 6728 0f87 | 4773 0000 | c341 b800 | 0000 0048 | 81c4 7002 

  0x0000017ac3021d48: ;   {poll_return}
  0x0000017ac3021d48: 0000 5d49 | 3b67 280f | 8744 7300 | 00c3 8b72 | 2c48 c1e6 | 0348 85f6 

  0x0000017ac3021d60: ;   {metadata(method elemento for {method} {0x0000017ada99e008} 'run' '()V' in 'com/sun/javafx/tk/quantum/PresentingPainter')}
  0x0000017ac3021d60: 49b8 c024 | 22db 7a01 | 0000 bf48 | 0600 0074 | 05bf 5806 | 0000 498b | 1c38 488d | 5b01 4989 
  0x0000017ac3021d80: 1c38 0f84 | 1904 0000 | 448b 4228 | 49c1 e003 | 4885 f60f | 8425 0000 

  0x0000017ac3021d98: ;   {metadata('com/sun/prism/d3d/D3DSwapChain')}
  0x0000017ac3021d98: 0048 b938 | d217 3e00 | 0000 008b | 4608 41ba | 0000 003d | 4903 c248 | 3b48 480f | 85f6 7200 
  0x0000017ac3021db8: 00e9 0000 | 0000 488b | fe48 3b06 

  0x0000017ac3021dc4: ;   {metadata(method elemento for {method} {0x0000017ada99e008} 'run' '()V' in 'com/sun/javafx/tk/quantum/PresentingPainter')}
  0x0000017ac3021dc4: 488b fe48 | bbc0 2422 | db7a 0100 

  0x0000017ac3021dd0: ;   {metadata('com/sun/prism/d3d/D3DSwapChain')}
  0x0000017ac3021dd0: 0049 ba38 | d217 3e00 | 0000 004c | 8993 7006 | 0000 4883 | 8378 0600 | 0001 488b 

  0x0000017ac3021dec: ;   {optimized virtual_call}
  0x0000017ac3021dec: d666 90e8 

  0x0000017ac3021df0: ; ImmutableOopMap {[232]=Oop }
                      ;*invokeinterface lockResources {reexecute=0 rethrow=0 return_oop=0}
                      ; - com.sun.javafx.tk.quantum.PresentingPainter::run@236 (line 77)
  0x0000017ac3021df0: 2cd1 0500 

  0x0000017ac3021df4: ;   {post_call_nop}
  0x0000017ac3021df4: 0f1f 8400 | 6c30 0016 

  0x0000017ac3021dfc: ;   {metadata(method elemento for {method} {0x0000017ada99e008} 'run' '()V' in 'com/sun/javafx/tk/quantum/PresentingPainter')}
  0x0000017ac3021dfc: 85c0 48ba | c024 22db | 7a01 0000 | be98 0600 | 0074 05be | a806 0000 | 488b 3c32 | 488d 7f01 
  0x0000017ac3021e1c: 4889 3c32 | 488b 9424 | e800 0000 | 0f84 7303 | 0000 488b 

  0x0000017ac3021e30: ;   {metadata(method elemento for {method} {0x0000017ada99e008} 'run' '()V' in 'com/sun/javafx/tk/quantum/PresentingPainter')}
  0x0000017ac3021e30: f248 bfc0 | 2422 db7a | 0100 008b | 7608 41ba | 0000 003d | 4903 f248 | 3bb7 c006 | 0000 750d 
  0x0000017ac3021e50: 4883 87c8 | 0600 0001 | e960 0000 | 0048 3bb7 | d006 0000 | 750d 4883 | 87d8 0600 | 0001 e94a 
  0x0000017ac3021e70: 0000 0048 | 83bf c006 | 0000 0075 | 1748 89b7 | c006 0000 | 48c7 87c8 | 0600 0001 | 0000 00e9 
  0x0000017ac3021e90: 2900 0000 | 4883 bfd0 | 0600 0000 | 7517 4889 | b7d0 0600 | 0048 c787 | d806 0000 | 0100 0000 
  0x0000017ac3021eb0: e908 0000 | 0048 8387 | b806 0000 

  0x0000017ac3021ebc: ;   {metadata(method elemento for {method} {0x0000017ada99b510} 'disposePresentable' '()V' in 'com/sun/javafx/tk/quantum/ViewPainter')}
  0x0000017ac3021ebc: 0148 be18 | 5322 db7a | 0100 008b | be90 0000 | 0083 c702 | 89be 9000 | 0000 81e7 | feff 1f00 
  0x0000017ac3021edc: 85ff 0f84 | d571 0000 | 8b72 2c48 | c1e6 0348 

  0x0000017ac3021eec: ;   {metadata(method elemento for {method} {0x0000017ada99b510} 'disposePresentable' '()V' in 'com/sun/javafx/tk/quantum/ViewPainter')}
  0x0000017ac3021eec: 85f6 48b8 | 1853 22db | 7a01 0000 | 750c 8088 | d100 0000 | 01e9 c100 | 0000 8b4e | 0841 ba00 
  0x0000017ac3021f0c: 0000 3d49 | 03ca 483b | 88e0 0000 | 0075 0d48 | 8380 e800 | 0000 01e9 | 6000 0000 | 483b 88f0 
  0x0000017ac3021f2c: 0000 0075 | 0d48 8380 | f800 0000 | 01e9 4a00 | 0000 4883 | b8e0 0000 | 0000 7517 | 4889 88e0 
  0x0000017ac3021f4c: 0000 0048 | c780 e800 | 0000 0100 | 0000 e929 | 0000 0048 | 83b8 f000 | 0000 0075 | 1748 8988 
  0x0000017ac3021f6c: f000 0000 | 48c7 80f8 | 0000 0001 | 0000 00e9 | 0800 0000 | 4883 80d8 | 0000 0001 

  0x0000017ac3021f88: ;   {metadata('com/sun/prism/GraphicsResource')}
  0x0000017ac3021f88: 48b9 b03a | 4dda 7a01 | 0000 8b46 | 0841 ba00 | 0000 3d49 | 03c2 483b | 4820 0f84 | 2400 0000 
  0x0000017ac3021fa8: 483b c10f | 841b 0000 

  0x0000017ac3021fb0: ;   {runtime_call C1 Runtime slow_subtype_check_blob}
  0x0000017ac3021fb0: 0050 51e8 | 2874 ac06 | 5858 85c0 | 0f84 0500 | 0000 e905 | 0000 0048 | 33ff eb05 | bf01 0000 
  0x0000017ac3021fd0: ;   {metadata(method elemento for {method} {0x0000017ada99b510} 'disposePresentable' '()V' in 'com/sun/javafx/tk/quantum/ViewPainter')}
  0x0000017ac3021fd0: 0085 ff48 | bf18 5322 | db7a 0100 | 00bb 0801 | 0000 7405 | bb18 0100 | 0048 8b04 | 1f48 8d40 
  0x0000017ac3021ff0: 0148 8904 | 1f0f 8491 | 0100 0048 

  0x0000017ac3021ffc: ;   {metadata(method elemento for {method} {0x0000017ada99b510} 'disposePresentable' '()V' in 'com/sun/javafx/tk/quantum/ViewPainter')}
  0x0000017ac3021ffc: 85f6 48bb | 1853 22db | 7a01 0000 | 750c 808b | 2101 0000 | 01e9 c100 | 0000 8b46 | 0841 ba00 
  0x0000017ac302201c: 0000 3d49 | 03c2 483b | 8330 0100 | 0075 0d48 | 8383 3801 | 0000 01e9 | 6000 0000 | 483b 8340 
  0x0000017ac302203c: 0100 0075 | 0d48 8383 | 4801 0000 | 01e9 4a00 | 0000 4883 | bb30 0100 | 0000 7517 | 4889 8330 
  0x0000017ac302205c: 0100 0048 | c783 3801 | 0000 0100 | 0000 e929 | 0000 0048 | 83bb 4001 | 0000 0075 | 1748 8983 
  0x0000017ac302207c: 4001 0000 | 48c7 8348 | 0100 0001 | 0000 00e9 | 0800 0000 | 4883 8328 | 0100 0001 

  0x0000017ac3022098: ;   {metadata('com/sun/prism/GraphicsResource')}
  0x0000017ac3022098: 48b8 b03a | 4dda 7a01 | 0000 8b5e | 0841 ba00 | 0000 3d49 | 03da 483b | 4320 0f84 | 1f00 0000 
  0x0000017ac30220b8: 483b d80f | 8416 0000 

  0x0000017ac30220c0: ;   {runtime_call C1 Runtime slow_subtype_check_blob}
  0x0000017ac30220c0: 0053 50e8 | 1873 ac06 | 5b5b 85db | 0f84 0870 | 0000 e900 | 0000 0048 | 3b06 488b 

  0x0000017ac30220dc: ;   {metadata(method elemento for {method} {0x0000017ada99b510} 'disposePresentable' '()V' in 'com/sun/javafx/tk/quantum/ViewPainter')}
  0x0000017ac30220dc: fe48 bb18 | 5322 db7a | 0100 008b | 7f08 41ba | 0000 003d | 4903 fa48 | 3bbb 6001 | 0000 750d 
  0x0000017ac30220fc: 4883 8368 | 0100 0001 | e960 0000 | 0048 3bbb | 7001 0000 | 750d 4883 | 8378 0100 | 0001 e94a 
  0x0000017ac302211c: 0000 0048 | 83bb 6001 | 0000 0075 | 1748 89bb | 6001 0000 | 48c7 8368 | 0100 0001 | 0000 00e9 
  0x0000017ac302213c: 2900 0000 | 4883 bb70 | 0100 0000 | 7517 4889 | bb70 0100 | 0048 c783 | 7801 0000 | 0100 0000 
  0x0000017ac302215c: e908 0000 | 0048 8383 | 5801 0000 | 0148 8bd6 | 9048 b838 | 9af6 427b 

  0x0000017ac3022174: ;   {virtual_call}
  0x0000017ac3022174: 0100 00e8 

  0x0000017ac3022178: ; ImmutableOopMap {[232]=Oop }
                      ;*invokeinterface dispose {reexecute=0 rethrow=0 return_oop=0}
                      ; - com.sun.javafx.tk.quantum.ViewPainter::disposePresentable@17 (line 421)
                      ; - com.sun.javafx.tk.quantum.PresentingPainter::run@245 (line 78)
  0x0000017ac3022178: 95e2 9f06 

  0x0000017ac302217c: ;   {post_call_nop}
  0x0000017ac302217c: 0f1f 8400 | f433 0017 | 488b 9424 | e800 0000 | 450f be47 | 4845 85c0 | 0f85 4e6f | 0000 c742 
  0x0000017ac302219c: 2c00 0000 | 0044 8b42 | 2c49 c1e0 | 034d 85c0 

  0x0000017ac30221ac: ;   {metadata(method elemento for {method} {0x0000017ada99e008} 'run' '()V' in 'com/sun/javafx/tk/quantum/PresentingPainter')}
  0x0000017ac30221ac: 49b8 c024 | 22db 7a01 | 0000 bee8 | 0600 0075 | 05be f806 | 0000 498b | 3c30 488d | 7f01 4989 
  0x0000017ac30221cc: 3c30 0f85 | c800 0000 | 8b72 3048 | c1e6 0344 | 8b42 2849 | c1e0 0348 | 85f6 0f84 | 2500 0000 
  0x0000017ac30221ec: ;   {metadata('com/sun/prism/d3d/D3DResourceFactory')}
  0x0000017ac30221ec: 48b9 d047 | 053e 0000 | 0000 8b46 | 0841 ba00 | 0000 3d49 | 03c2 483b | 4848 0f85 | fc6e 0000 
  0x0000017ac302220c: e900 0000 | 0048 8bfe 

  0x0000017ac3022214: ; implicit exception: dispatches to 0x0000017ac302910d
  0x0000017ac3022214: 483b 0648 

  0x0000017ac3022218: ;   {metadata(method elemento for {method} {0x0000017ada99e008} 'run' '()V' in 'com/sun/javafx/tk/quantum/PresentingPainter')}
  0x0000017ac3022218: 8bfe 48bb | c024 22db | 7a01 0000 

  0x0000017ac3022224: ;   {metadata('com/sun/prism/d3d/D3DResourceFactory')}
  0x0000017ac3022224: 49ba d047 | 053e 0000 | 0000 4c89 | 9310 0700 | 0048 8383 | 1807 0000 | 0148 8bd6 | 0f1f 8000 
  0x0000017ac3022244: ;   {optimized virtual_call}
  0x0000017ac3022244: 0000 00e8 

  0x0000017ac3022248: ; ImmutableOopMap {[232]=Oop }
                      ;*invokeinterface createPresentable {reexecute=0 rethrow=0 return_oop=0}
                      ; - com.sun.javafx.tk.quantum.PresentingPainter::run@264 (line 81)
  0x0000017ac3022248: 018f 0000 

  0x0000017ac302224c: ;   {post_call_nop}
  0x0000017ac302224c: 0f1f 8400 | c434 0018 | 410f be57 | 4885 d248 | 8b94 24e8 | 0000 000f | 85a9 6e00 | 004c 8bd0 
  0x0000017ac302226c: 49c1 ea03 | 4489 522c | 4c8b c24c | 33c0 49c1 | e815 4983 | f800 0f85 | aa6e 0000 | 448b 4214 
  0x0000017ac302228c: 4489 420c | 448b 4218 | 4489 4210 | c642 2401 | 8b72 2c48 | c1e6 0348 

  0x0000017ac30222a4: ;   {metadata(method elemento for {method} {0x0000017ada99e008} 'run' '()V' in 'com/sun/javafx/tk/quantum/PresentingPainter')}
  0x0000017ac30222a4: 85f6 49b8 | c024 22db | 7a01 0000 | bf38 0700 | 0074 05bf | 4807 0000 | 498b 1c38 | 488d 5b01 
  0x0000017ac30222c4: 4989 1c38 | 0f84 262b | 0000 4885 | f60f 8425 

  0x0000017ac30222d4: ;   {metadata('com/sun/prism/d3d/D3DSwapChain')}
  0x0000017ac30222d4: 0000 0048 | b838 d217 | 3e00 0000 | 008b 5e08 | 41ba 0000 | 003d 4903 | da48 3b43 | 480f 8553 
  0x0000017ac30222f4: 6e00 00e9 | 0000 0000 | 4c8b c648 | 3b06 4c8b 

  0x0000017ac3022304: ;   {metadata(method elemento for {method} {0x0000017ada99e008} 'run' '()V' in 'com/sun/javafx/tk/quantum/PresentingPainter')}
  0x0000017ac3022304: c648 bfc0 | 2422 db7a 

  0x0000017ac302230c: ;   {metadata('com/sun/prism/d3d/D3DSwapChain')}
  0x0000017ac302230c: 0100 0049 | ba38 d217 | 3e00 0000 | 004c 8997 | 6007 0000 | 4883 8768 | 0700 0001 

  0x0000017ac3022328: ;   {metadata(method elemento for {method} {0x0000017adaac9f88} 'createGraphics' '()Lcom/sun/prism/Graphics;' in 'com/sun/prism/d3d/D3DSwapChain')}
  0x0000017ac3022328: 49b8 6059 | 22db 7a01 | 0000 418b | b890 0000 | 0083 c702 | 4189 b890 | 0000 0081 | e7fe ff1f 
  0x0000017ac3022348: 0085 ff0f | 8403 6e00 | 0044 8b46 | 1849 c1e0 | 0348 8bfe 

  0x0000017ac302235c: ;   {metadata(method elemento for {method} {0x0000017adaac9f88} 'createGraphics' '()Lcom/sun/prism/Graphics;' in 'com/sun/prism/d3d/D3DSwapChain')}
  0x0000017ac302235c: 48bb 6059 | 22db 7a01 

  0x0000017ac3022364: ;   {metadata('com/sun/prism/d3d/D3DSwapChain')}
  0x0000017ac3022364: 0000 49ba | 38d2 173e | 0000 0000 | 4c89 93e0 | 0000 0048 | 8383 e800 

  0x0000017ac302237c: ;   {metadata(method elemento for {method} {0x0000017adaac9de0} 'getContext' '()Lcom/sun/prism/d3d/D3DContext;' in 'com/sun/prism/d3d/D3DSwapChain')}
  0x0000017ac302237c: 0000 0148 | bf18 fe19 | db7a 0100 | 008b 9f90 | 0000 0083 | c302 899f | 9000 0000 | 81e3 feff 
  0x0000017ac302239c: 1f00 85db | 0f84 cf6d | 0000 8b7e | 1448 c1e7 | 0348 3b07 

  0x0000017ac30223b0: ;   {metadata(method elemento for {method} {0x0000017adaac9de0} 'getContext' '()Lcom/sun/prism/d3d/D3DContext;' in 'com/sun/prism/d3d/D3DSwapChain')}
  0x0000017ac30223b0: 488b df48 | b818 fe19 | db7a 0100 | 008b 5b08 | 41ba 0000 | 003d 4903 | da48 3b98 | e000 0000 
  0x0000017ac30223d0: 750d 4883 | 80e8 0000 | 0001 e960 | 0000 0048 | 3b98 f000 | 0000 750d | 4883 80f8 | 0000 0001 
  0x0000017ac30223f0: e94a 0000 | 0048 83b8 | e000 0000 | 0075 1748 | 8998 e000 | 0000 48c7 | 80e8 0000 | 0001 0000 
  0x0000017ac3022410: 00e9 2900 | 0000 4883 | b8f0 0000 | 0000 7517 | 4889 98f0 | 0000 0048 | c780 f800 | 0000 0100 
  0x0000017ac3022430: 0000 e908 | 0000 0048 | 8380 d800 | 0000 018b | 7f18 48c1 

  0x0000017ac3022444: ;   {metadata(method elemento for {method} {0x0000017adaac9f88} 'createGraphics' '()Lcom/sun/prism/Graphics;' in 'com/sun/prism/d3d/D3DSwapChain')}
  0x0000017ac3022444: e703 48bb | 6059 22db | 7a01 0000 | 4883 8308 | 0100 0001 | 498b d04c | 8bc7 4889 | b424 2001 
  0x0000017ac3022464: ;   {static_call}
  0x0000017ac3022464: 0000 90e8 

  0x0000017ac3022468: ; ImmutableOopMap {[232]=Oop [288]=Oop }
                      ;*invokestatic create {reexecute=0 rethrow=0 return_oop=0}
                      ; - com.sun.prism.d3d.D3DSwapChain::createGraphics@8 (line 148)
                      ; - com.sun.javafx.tk.quantum.PresentingPainter::run@304 (line 88)
  0x0000017ac3022468: 14b1 3407 

  0x0000017ac302246c: ;   {post_call_nop}
  0x0000017ac302246c: 0f1f 8400 | e436 0019 | 488b b424 | 2001 0000 | c5fa 1046 | 1cc5 fa10 | 4e20 4885 | c00f 8425 
  0x0000017ac302248c: ;   {metadata('com/sun/prism/impl/BaseGraphics')}
  0x0000017ac302248c: 0000 0048 | bbc8 6154 | da7a 0100 | 008b 7808 | 41ba 0000 | 003d 4903 | fa48 3b5f | 380f 85ec 
  0x0000017ac30224ac: 6c00 00e9 | 0000 0000 | 488b d048 | 3b00 488b 

  0x0000017ac30224bc: ;   {metadata(method elemento for {method} {0x0000017adaac9f88} 'createGraphics' '()Lcom/sun/prism/Graphics;' in 'com/sun/prism/d3d/D3DSwapChain')}
  0x0000017ac30224bc: d048 be60 | 5922 db7a | 0100 008b | 5208 41ba | 0000 003d | 4903 d248 | 3b96 2001 | 0000 750d 
  0x0000017ac30224dc: 4883 8628 | 0100 0001 | e960 0000 | 0048 3b96 | 3001 0000 | 750d 4883 | 8638 0100 | 0001 e94a 
  0x0000017ac30224fc: 0000 0048 | 83be 2001 | 0000 0075 | 1748 8996 | 2001 0000 | 48c7 8628 | 0100 0001 | 0000 00e9 
  0x0000017ac302251c: 2900 0000 | 4883 be30 | 0100 0000 | 7517 4889 | 9630 0100 | 0048 c786 | 3801 0000 | 0100 0000 
  0x0000017ac302253c: e908 0000 | 0048 8386 | 1801 0000 | 0148 8bd0 | 4889 8424 | 2801 0000 

  0x0000017ac3022554: ;   {optimized virtual_call}
  0x0000017ac3022554: 6666 90e8 

  0x0000017ac3022558: ; ImmutableOopMap {[232]=Oop [296]=Oop }
                      ;*invokeinterface scale {reexecute=0 rethrow=0 return_oop=0}
                      ; - com.sun.prism.d3d.D3DSwapChain::createGraphics@21 (line 149)
                      ; - com.sun.javafx.tk.quantum.PresentingPainter::run@304 (line 88)
  0x0000017ac3022558: e4b1 0200 

  0x0000017ac302255c: ;   {post_call_nop}
  0x0000017ac302255c: 0f1f 8400 | d437 001a | 488b 9424 | e800 0000 | 448b 4228 | 49c1 e003 

  0x0000017ac3022574: ; implicit exception: dispatches to 0x0000017ac30291a5
  0x0000017ac3022574: 493b 0049 

  0x0000017ac3022578: ;   {metadata(method elemento for {method} {0x0000017ada99e008} 'run' '()V' in 'com/sun/javafx/tk/quantum/PresentingPainter')}
  0x0000017ac3022578: 8bf0 48bf | c024 22db | 7a01 0000 

  0x0000017ac3022584: ;   {metadata('com/sun/javafx/tk/quantum/SceneState')}
  0x0000017ac3022584: 49ba 6869 | 143e 0000 | 0000 4c89 | 9790 0700 | 0048 8387 | 9807 0000 | 0145 8b40 | 6c49 c1e0 
  0x0000017ac30225a4: 034d 85c0 

  0x0000017ac30225a8: ;   {metadata(method elemento for {method} {0x0000017ada99e008} 'run' '()V' in 'com/sun/javafx/tk/quantum/PresentingPainter')}
  0x0000017ac30225a8: 48bf c024 | 22db 7a01 | 0000 750c | 808f b107 | 0000 01e9 | a800 0000 | 418b 5808 | 41ba 0000 
  0x0000017ac30225c8: 003d 4903 | da48 3b9f | c007 0000 | 750d 4883 | 87c8 0700 | 0001 e960 | 0000 0048 | 3b9f d007 
  0x0000017ac30225e8: 0000 750d | 4883 87d8 | 0700 0001 | e94a 0000 | 0048 83bf | c007 0000 | 0075 1748 | 899f c007 
  0x0000017ac3022608: 0000 48c7 | 87c8 0700 | 0001 0000 | 00e9 2900 | 0000 4883 | bfd0 0700 | 0000 7517 | 4889 9fd0 
  0x0000017ac3022628: 0700 0048 | c787 d807 | 0000 0100 | 0000 e908 | 0000 0048 | 8387 b807 

  0x0000017ac3022640: ;   {metadata('com/sun/javafx/tk/quantum/ViewScene')}
  0x0000017ac3022640: 0000 0148 | bbf0 1814 | 3e00 0000 | 0041 8b70 | 0841 ba00 | 0000 3d49 | 03f2 483b | de0f 8547 
  0x0000017ac3022660: 6b00 00e9 | 0000 0000 | 498b f048 | 8b84 2428 | 0100 0048 

  0x0000017ac3022674: ;   {metadata(method elemento for {method} {0x0000017ada99e008} 'run' '()V' in 'com/sun/javafx/tk/quantum/PresentingPainter')}
  0x0000017ac3022674: 85c0 49b8 | c024 22db | 7a01 0000 | bfe8 0700 | 0074 05bf | f807 0000 | 498b 1c38 | 488d 5b01 
  0x0000017ac3022694: 4989 1c38 | 4889 b424 | 3001 0000 | 0f84 b200 | 0000 4c8b 

  0x0000017ac30226a8: ;   {metadata(method elemento for {method} {0x0000017ada99e008} 'run' '()V' in 'com/sun/javafx/tk/quantum/PresentingPainter')}
  0x0000017ac30226a8: c248 bfc0 | 2422 db7a | 0100 0045 | 8b40 0841 | ba00 0000 | 3d4d 03c2 | 4c3b 8710 | 0800 0075 
  0x0000017ac30226c8: 0d48 8387 | 1808 0000 | 01e9 6000 | 0000 4c3b | 8720 0800 | 0075 0d48 | 8387 2808 | 0000 01e9 
  0x0000017ac30226e8: 4a00 0000 | 4883 bf10 | 0800 0000 | 7517 4c89 | 8710 0800 | 0048 c787 | 1808 0000 | 0100 0000 
  0x0000017ac3022708: e929 0000 | 0048 83bf | 2008 0000 | 0075 174c | 8987 2008 | 0000 48c7 | 8728 0800 | 0001 0000 
  0x0000017ac3022728: 00e9 0800 | 0000 4883 | 8708 0800 | 0001 4c8b | c048 8bfa 

  0x0000017ac302273c: ;   {optimized virtual_call}
  0x0000017ac302273c: 488b d7e8 

  0x0000017ac3022740: ; ImmutableOopMap {[232]=Oop [304]=Oop }
                      ;*invokevirtual paintImpl {reexecute=0 rethrow=0 return_oop=0}
                      ; - com.sun.javafx.tk.quantum.PresentingPainter::run@331 (line 92)
  0x0000017ac3022740: 7c79 ffff 

  0x0000017ac3022744: ;   {post_call_nop}
  0x0000017ac3022744: 0f1f 8400 | bc39 001b | 488b 9424 | e800 0000 | c642 2400 

  0x0000017ac3022758: ;   {metadata(method elemento for {method} {0x0000017ada99e008} 'run' '()V' in 'com/sun/javafx/tk/quantum/PresentingPainter')}
  0x0000017ac3022758: 49b8 c024 | 22db 7a01 | 0000 41ff | 8038 0800 | 008b 722c | 48c1 e603 | 4885 f60f | 8425 0000 
  0x0000017ac3022778: ;   {metadata('com/sun/prism/d3d/D3DSwapChain')}
  0x0000017ac3022778: 0048 b838 | d217 3e00 | 0000 008b | 5e08 41ba | 0000 003d | 4903 da48 | 3b43 480f | 851a 6a00 
  0x0000017ac3022798: 00e9 0000 | 0000 4c8b | c648 3b06 

  0x0000017ac30227a4: ;   {metadata(method elemento for {method} {0x0000017ada99e008} 'run' '()V' in 'com/sun/javafx/tk/quantum/PresentingPainter')}
  0x0000017ac30227a4: 4c8b c648 | bfc0 2422 | db7a 0100 

  0x0000017ac30227b0: ;   {metadata('com/sun/prism/d3d/D3DSwapChain')}
  0x0000017ac30227b0: 0049 ba38 | d217 3e00 | 0000 004c | 8997 7008 | 0000 4883 | 8778 0800 

  0x0000017ac30227c8: ;   {oop(nullptr)}
  0x0000017ac30227c8: 0001 49b8 | 0000 0000 | 0000 0000 

  0x0000017ac30227d4: ;   {optimized virtual_call}
  0x0000017ac30227d4: 488b d6e8 

  0x0000017ac30227d8: ; ImmutableOopMap {[232]=Oop [304]=Oop }
                      ;*invokeinterface prepare {reexecute=0 rethrow=0 return_oop=0}
                      ; - com.sun.javafx.tk.quantum.PresentingPainter::run@355 (line 99)
  0x0000017ac30227d8: 44c9 0000 

  0x0000017ac30227dc: ;   {post_call_nop}
  0x0000017ac30227dc: 0f1f 8400 | 543a 001c 

  0x0000017ac30227e4: ;   {metadata(method elemento for {method} {0x0000017ada99e008} 'run' '()V' in 'com/sun/javafx/tk/quantum/PresentingPainter')}
  0x0000017ac30227e4: 85c0 48ba | c024 22db | 7a01 0000 | be98 0800 | 0075 05be | a808 0000 | 488b 3c32 | 488d 7f01 
  0x0000017ac3022804: 4889 3c32 | 0f85 fe18 | 0000 488b | 9424 e800 | 0000 488b 

  0x0000017ac3022818: ;   {metadata(method elemento for {method} {0x0000017ada99e008} 'run' '()V' in 'com/sun/javafx/tk/quantum/PresentingPainter')}
  0x0000017ac3022818: f248 bfc0 | 2422 db7a | 0100 008b | 7608 41ba | 0000 003d | 4903 f248 | 3bb7 c008 | 0000 750d 
  0x0000017ac3022838: 4883 87c8 | 0800 0001 | e960 0000 | 0048 3bb7 | d008 0000 | 750d 4883 | 87d8 0800 | 0001 e94a 
  0x0000017ac3022858: 0000 0048 | 83bf c008 | 0000 0075 | 1748 89b7 | c008 0000 | 48c7 87c8 | 0800 0001 | 0000 00e9 
  0x0000017ac3022878: 2900 0000 | 4883 bfd0 | 0800 0000 | 7517 4889 | b7d0 0800 | 0048 c787 | d808 0000 | 0100 0000 
  0x0000017ac3022898: e908 0000 | 0048 8387 | b808 0000 

  0x0000017ac30228a4: ;   {metadata(method elemento for {method} {0x0000017ada99b510} 'disposePresentable' '()V' in 'com/sun/javafx/tk/quantum/ViewPainter')}
  0x0000017ac30228a4: 0148 be18 | 5322 db7a | 0100 008b | be90 0000 | 0083 c702 | 89be 9000 | 0000 81e7 | feff 1f00 
  0x0000017ac30228c4: 85ff 0f84 | f168 0000 | 8b72 2c48 | c1e6 0348 

  0x0000017ac30228d4: ;   {metadata(method elemento for {method} {0x0000017ada99b510} 'disposePresentable' '()V' in 'com/sun/javafx/tk/quantum/ViewPainter')}
  0x0000017ac30228d4: 85f6 48b8 | 1853 22db | 7a01 0000 | 750c 8088 | d100 0000 | 01e9 c100 | 0000 8b4e | 0841 ba00 
  0x0000017ac30228f4: 0000 3d49 | 03ca 483b | 88e0 0000 | 0075 0d48 | 8380 e800 | 0000 01e9 | 6000 0000 | 483b 88f0 
  0x0000017ac3022914: 0000 0075 | 0d48 8380 | f800 0000 | 01e9 4a00 | 0000 4883 | b8e0 0000 | 0000 7517 | 4889 88e0 
  0x0000017ac3022934: 0000 0048 | c780 e800 | 0000 0100 | 0000 e929 | 0000 0048 | 83b8 f000 | 0000 0075 | 1748 8988 
  0x0000017ac3022954: f000 0000 | 48c7 80f8 | 0000 0001 | 0000 00e9 | 0800 0000 | 4883 80d8 | 0000 0001 

  0x0000017ac3022970: ;   {metadata('com/sun/prism/GraphicsResource')}
  0x0000017ac3022970: 48b9 b03a | 4dda 7a01 | 0000 8b46 | 0841 ba00 | 0000 3d49 | 03c2 483b | 4820 0f84 | 2400 0000 
  0x0000017ac3022990: 483b c10f | 841b 0000 

  0x0000017ac3022998: ;   {runtime_call C1 Runtime slow_subtype_check_blob}
  0x0000017ac3022998: 0050 51e8 | 406a ac06 | 5858 85c0 | 0f84 0500 | 0000 e905 | 0000 0048 | 33ff eb05 | bf01 0000 
  0x0000017ac30229b8: ;   {metadata(method elemento for {method} {0x0000017ada99b510} 'disposePresentable' '()V' in 'com/sun/javafx/tk/quantum/ViewPainter')}
  0x0000017ac30229b8: 0085 ff48 | bf18 5322 | db7a 0100 | 00bb 0801 | 0000 7405 | bb18 0100 | 0048 8b04 | 1f48 8d40 
  0x0000017ac30229d8: 0148 8904 | 1f0f 8491 | 0100 0048 

  0x0000017ac30229e4: ;   {metadata(method elemento for {method} {0x0000017ada99b510} 'disposePresentable' '()V' in 'com/sun/javafx/tk/quantum/ViewPainter')}
  0x0000017ac30229e4: 85f6 48bb | 1853 22db | 7a01 0000 | 750c 808b | 2101 0000 | 01e9 c100 | 0000 8b46 | 0841 ba00 
  0x0000017ac3022a04: 0000 3d49 | 03c2 483b | 8330 0100 | 0075 0d48 | 8383 3801 | 0000 01e9 | 6000 0000 | 483b 8340 
  0x0000017ac3022a24: 0100 0075 | 0d48 8383 | 4801 0000 | 01e9 4a00 | 0000 4883 | bb30 0100 | 0000 7517 | 4889 8330 
  0x0000017ac3022a44: 0100 0048 | c783 3801 | 0000 0100 | 0000 e929 | 0000 0048 | 83bb 4001 | 0000 0075 | 1748 8983 
  0x0000017ac3022a64: 4001 0000 | 48c7 8348 | 0100 0001 | 0000 00e9 | 0800 0000 | 4883 8328 | 0100 0001 

  0x0000017ac3022a80: ;   {metadata('com/sun/prism/GraphicsResource')}
  0x0000017ac3022a80: 48b8 b03a | 4dda 7a01 | 0000 8b5e | 0841 ba00 | 0000 3d49 | 03da 483b | 4320 0f84 | 1f00 0000 
  0x0000017ac3022aa0: 483b d80f | 8416 0000 

  0x0000017ac3022aa8: ;   {runtime_call C1 Runtime slow_subtype_check_blob}
  0x0000017ac3022aa8: 0053 50e8 | 3069 ac06 | 5b5b 85db | 0f84 2467 | 0000 e900 | 0000 0048 | 3b06 488b 

  0x0000017ac3022ac4: ;   {metadata(method elemento for {method} {0x0000017ada99b510} 'disposePresentable' '()V' in 'com/sun/javafx/tk/quantum/ViewPainter')}
  0x0000017ac3022ac4: fe48 bb18 | 5322 db7a | 0100 008b | 7f08 41ba | 0000 003d | 4903 fa48 | 3bbb 6001 | 0000 750d 
  0x0000017ac3022ae4: 4883 8368 | 0100 0001 | e960 0000 | 0048 3bbb | 7001 0000 | 750d 4883 | 8378 0100 | 0001 e94a 
  0x0000017ac3022b04: 0000 0048 | 83bb 6001 | 0000 0075 | 1748 89bb | 6001 0000 | 48c7 8368 | 0100 0001 | 0000 00e9 
  0x0000017ac3022b24: 2900 0000 | 4883 bb70 | 0100 0000 | 7517 4889 | bb70 0100 | 0048 c783 | 7801 0000 | 0100 0000 
  0x0000017ac3022b44: e908 0000 | 0048 8383 | 5801 0000 | 0148 8bd6 | 9048 b860 | 9af6 427b 

  0x0000017ac3022b5c: ;   {virtual_call}
  0x0000017ac3022b5c: 0100 00e8 

  0x0000017ac3022b60: ; ImmutableOopMap {[232]=Oop }
                      ;*invokeinterface dispose {reexecute=0 rethrow=0 return_oop=0}
                      ; - com.sun.javafx.tk.quantum.ViewPainter::disposePresentable@17 (line 421)
                      ; - com.sun.javafx.tk.quantum.PresentingPainter::run@364 (line 100)
  0x0000017ac3022b60: 7cc5 9f06 

  0x0000017ac3022b64: ;   {post_call_nop}
  0x0000017ac3022b64: 0f1f 8400 | dc3d 001d | 488b 9424 | e800 0000 | 410f be77 | 4885 f60f | 856b 6600 | 00c7 422c 
  0x0000017ac3022b84: 0000 0000 | 8b72 2848 | c1e6 0348 | 3b06 488b 

  0x0000017ac3022b94: ;   {metadata(method elemento for {method} {0x0000017ada99e008} 'run' '()V' in 'com/sun/javafx/tk/quantum/PresentingPainter')}
  0x0000017ac3022b94: fe48 bbc0 | 2422 db7a 

  0x0000017ac3022b9c: ;   {metadata('com/sun/javafx/tk/quantum/SceneState')}
  0x0000017ac3022b9c: 0100 0049 | ba68 6914 | 3e00 0000 | 004c 8993 | f008 0000 | 4883 83f8 | 0800 0001 | 8b76 6c48 
  0x0000017ac3022bbc: c1e6 0348 | 3b06 488b 

  0x0000017ac3022bc4: ;   {metadata(method elemento for {method} {0x0000017ada99e008} 'run' '()V' in 'com/sun/javafx/tk/quantum/PresentingPainter')}
  0x0000017ac3022bc4: fe48 bbc0 | 2422 db7a | 0100 008b | 7f08 41ba | 0000 003d | 4903 fa48 | 3bbb 2009 | 0000 750d 
  0x0000017ac3022be4: 4883 8328 | 0900 0001 | e960 0000 | 0048 3bbb | 3009 0000 | 750d 4883 | 8338 0900 | 0001 e94a 
  0x0000017ac3022c04: 0000 0048 | 83bb 2009 | 0000 0075 | 1748 89bb | 2009 0000 | 48c7 8328 | 0900 0001 | 0000 00e9 
  0x0000017ac3022c24: 2900 0000 | 4883 bb30 | 0900 0000 | 7517 4889 | bb30 0900 | 0048 c783 | 3809 0000 | 0100 0000 
  0x0000017ac3022c44: e908 0000 | 0048 8383 | 1809 0000 

  0x0000017ac3022c50: ;   {metadata(method elemento for {method} {0x0000017ada4eb4d0} 'entireSceneNeedsRepaint' '()V' in 'com/sun/javafx/tk/quantum/GlassScene')}
  0x0000017ac3022c50: 0148 bfc0 | 8a21 db7a | 0100 008b | 9f90 0000 | 0083 c302 | 899f 9000 | 0000 81e3 | feff 1f00 
  0x0000017ac3022c70: 85db 0f84 | 9d65 0000 

  0x0000017ac3022c78: ;   {metadata(method elemento for {method} {0x0000017ada4eb4d0} 'entireSceneNeedsRepaint' '()V' in 'com/sun/javafx/tk/quantum/GlassScene')}
  0x0000017ac3022c78: 48bf c08a | 21db 7a01 | 0000 4883 | 87d8 0000 

  0x0000017ac3022c88: ;   {metadata(method elemento for {method} {0x0000017ada652050} 'isFxApplicationThread' '()Z' in 'javafx/application/Platform')}
  0x0000017ac3022c88: 0001 48bf | c08f 21db | 7a01 0000 | 8b9f 9000 | 0000 83c3 | 0289 9f90 | 0000 0081 | e3fe ff1f 
  0x0000017ac3022ca8: 0085 db0f | 8485 6500 

  0x0000017ac3022cb0: ;   {metadata(method elemento for {method} {0x0000017ada652050} 'isFxApplicationThread' '()Z' in 'javafx/application/Platform')}
  0x0000017ac3022cb0: 0048 bfc0 | 8f21 db7a | 0100 0048 | 8387 d800 

  0x0000017ac3022cc0: ;   {metadata(method elemento for {method} {0x0000017ada41fa78} 'isFxApplicationThread' '()Z' in 'com/sun/javafx/application/PlatformImpl')}
  0x0000017ac3022cc0: 0000 0148 | bfa0 4e21 | db7a 0100 | 008b 9f90 | 0000 0083 | c302 899f | 9000 0000 | 81e3 feff 
  0x0000017ac3022ce0: 1f00 85db | 0f84 6d65 

  0x0000017ac3022ce8: ;   {metadata(method elemento for {method} {0x0000017ada41fa78} 'isFxApplicationThread' '()Z' in 'com/sun/javafx/application/PlatformImpl')}
  0x0000017ac3022ce8: 0000 48bf | a04e 21db | 7a01 0000 | 4883 87d8 | 0000 0001 | 4889 b424 | 3801 0000 

  0x0000017ac3022d04: ;   {static_call}
  0x0000017ac3022d04: 6666 90e8 

  0x0000017ac3022d08: ; ImmutableOopMap {[232]=Oop [312]=Oop }
                      ;*invokestatic getToolkit {reexecute=0 rethrow=0 return_oop=0}
                      ; - com.sun.javafx.application.PlatformImpl::isFxApplicationThread@0 (line 427)
                      ; - javafx.application.Platform::isFxApplicationThread@0 (line 200)
                      ; - com.sun.javafx.tk.quantum.GlassScene::entireSceneNeedsRepaint@0 (line 228)
                      ; - com.sun.javafx.tk.quantum.PresentingPainter::run@374 (line 101)
  0x0000017ac3022d08: d4c6 9f06 

  0x0000017ac3022d0c: ;   {post_call_nop}
  0x0000017ac3022d0c: 0f1f 8400 | 843f 001e 

  0x0000017ac3022d14: ; implicit exception: dispatches to 0x0000017ac3029278
                      ;   {metadata(method elemento for {method} {0x0000017ada41fa78} 'isFxApplicationThread' '()Z' in 'com/sun/javafx/application/PlatformImpl')}
  0x0000017ac3022d14: 483b 0049 | b8a0 4e21 | db7a 0100 | 008b 4008 | 41ba 0000 | 003d 4903 | c249 3b80 | f000 0000 
  0x0000017ac3022d34: 750d 4983 | 80f8 0000 | 0001 e960 | 0000 0049 | 3b80 0001 | 0000 750d | 4983 8008 | 0100 0001 
  0x0000017ac3022d54: e94a 0000 | 0049 83b8 | f000 0000 | 0075 1749 | 8980 f000 | 0000 49c7 | 80f8 0000 | 0001 0000 
  0x0000017ac3022d74: 00e9 2900 | 0000 4983 | b800 0100 | 0000 7517 | 4989 8000 | 0100 0049 | c780 0801 | 0000 0100 
  0x0000017ac3022d94: 0000 e908 | 0000 0049 | 8380 e800 

  0x0000017ac3022da0: ;   {metadata(method elemento for {method} {0x0000017ada442d28} 'isFxUserThread' '()Z' in 'com/sun/javafx/tk/Toolkit')}
  0x0000017ac3022da0: 0000 0149 | b898 61e5 | da7a 0100 | 0041 8b90 | 9000 0000 | 83c2 0241 | 8990 9000 | 0000 81e2 
  0x0000017ac3022dc0: feff 1f00 | 85d2 0f84 | b164 0000 

  0x0000017ac3022dcc: ;   {metadata(method elemento for {method} {0x0000017ada442d28} 'isFxUserThread' '()Z' in 'com/sun/javafx/tk/Toolkit')}
  0x0000017ac3022dcc: 49b8 9861 | e5da 7a01 | 0000 4983 | 80d8 0000 

  0x0000017ac3022ddc: ;   {oop(a 'java/lang/Class'{0x0000000705c51f10} = 'com/sun/javafx/tk/Toolkit')}
  0x0000017ac3022ddc: 0001 49b8 | 101f c505 | 0700 0000 | 458b 8080 | 0000 0049 | c1e0 0349 | 8b97 1004 | 0000 488b 
  0x0000017ac3022dfc: 1249 3bd0 

  0x0000017ac3022e00: ;   {metadata(method elemento for {method} {0x0000017ada442d28} 'isFxUserThread' '()Z' in 'com/sun/javafx/tk/Toolkit')}
  0x0000017ac3022e00: 49b8 9861 | e5da 7a01 | 0000 bae8 | 0000 0075 | 05ba f800 | 0000 498b | 3410 488d | 7601 4989 
  0x0000017ac3022e20: 3410 0f85 | 1c00 0000 

  0x0000017ac3022e28: ;   {metadata(method elemento for {method} {0x0000017ada442d28} 'isFxUserThread' '()Z' in 'com/sun/javafx/tk/Toolkit')}
  0x0000017ac3022e28: 49b8 9861 | e5da 7a01 | 0000 41ff | 8008 0100 | 0041 b801 | 0000 00e9 | 0600 0000 | 41b8 0000 
  0x0000017ac3022e48: 0000 4183 | e001 4183 | e001 4183 | e001 4585 

  0x0000017ac3022e58: ;   {metadata(method elemento for {method} {0x0000017ada4eb4d0} 'entireSceneNeedsRepaint' '()V' in 'com/sun/javafx/tk/quantum/GlassScene')}
  0x0000017ac3022e58: c049 b8c0 | 8a21 db7a | 0100 00ba | e800 0000 | 7405 baf8 | 0000 0049 | 8b34 1048 | 8d76 0149 
  0x0000017ac3022e78: 8934 1048 | 8bb4 2438 | 0100 000f | 8410 0300 | 0041 b801 | 0000 0044 | 8846 0cf0 | 8344 24c0 
  0x0000017ac3022e98: 004c 8bc6 

  0x0000017ac3022e9c: ;   {metadata(method elemento for {method} {0x0000017ada4eb4d0} 'entireSceneNeedsRepaint' '()V' in 'com/sun/javafx/tk/quantum/GlassScene')}
  0x0000017ac3022e9c: 48ba c08a | 21db 7a01 | 0000 458b | 4008 41ba | 0000 003d | 4d03 c24c | 3b82 1001 | 0000 750d 
  0x0000017ac3022ebc: 4883 8218 | 0100 0001 | e960 0000 | 004c 3b82 | 2001 0000 | 750d 4883 | 8228 0100 | 0001 e94a 
  0x0000017ac3022edc: 0000 0048 | 83ba 1001 | 0000 0075 | 174c 8982 | 1001 0000 | 48c7 8218 | 0100 0001 | 0000 00e9 
  0x0000017ac3022efc: 2900 0000 | 4883 ba20 | 0100 0000 | 7517 4c89 | 8220 0100 | 0048 c782 | 2801 0000 | 0100 0000 
  0x0000017ac3022f1c: e908 0000 | 0048 8382 | 0801 0000 

  0x0000017ac3022f28: ;   {metadata(method elemento for {method} {0x0000017ada4ebca8} 'sceneChanged' '()V' in 'com/sun/javafx/tk/quantum/GlassScene')}
  0x0000017ac3022f28: 0149 b8a8 | 9e1c db7a | 0100 0041 | 8b90 9000 | 0000 83c2 | 0241 8990 | 9000 0000 | 81e2 feff 
  0x0000017ac3022f48: 1f00 85d2 | 0f84 4c63 | 0000 448b | 4610 49c1 | e003 4d85 

  0x0000017ac3022f5c: ;   {metadata(method elemento for {method} {0x0000017ada4ebca8} 'sceneChanged' '()V' in 'com/sun/javafx/tk/quantum/GlassScene')}
  0x0000017ac3022f5c: c049 b8a8 | 9e1c db7a | 0100 00ba | d800 0000 | 7405 bae8 | 0000 0049 | 8b3c 1048 | 8d7f 0149 
  0x0000017ac3022f7c: 893c 100f | 840d 0100 

  0x0000017ac3022f84: ;   {metadata(method elemento for {method} {0x0000017ada4ebca8} 'sceneChanged' '()V' in 'com/sun/javafx/tk/quantum/GlassScene')}
  0x0000017ac3022f84: 0049 b8a8 | 9e1c db7a | 0100 0049 | 8380 f800 

  0x0000017ac3022f94: ;   {metadata(method elemento for {method} {0x0000017ada4e6d08} 'getInstance' '()Lcom/sun/javafx/tk/quantum/PaintCollector;' in 'com/sun/javafx/tk/quantum/PaintCollector')}
  0x0000017ac3022f94: 0000 0149 | b800 491c | db7a 0100 | 0041 8b90 | 9000 0000 | 83c2 0241 | 8990 9000 | 0000 81e2 
  0x0000017ac3022fb4: feff 1f00 | 85d2 0f84 | ff62 0000 

  0x0000017ac3022fc0: ;   {oop(a 'java/lang/Class'{0x00000007062b98c8} = 'com/sun/javafx/tk/quantum/PaintCollector')}
  0x0000017ac3022fc0: 49b8 c898 | 2b06 0700 | 0000 418b | 5078 48c1 | e203 483b | 024c 8bc2 

  0x0000017ac3022fd8: ;   {metadata(method elemento for {method} {0x0000017ada4ebca8} 'sceneChanged' '()V' in 'com/sun/javafx/tk/quantum/GlassScene')}
  0x0000017ac3022fd8: 48bf a89e | 1cdb 7a01 | 0000 458b | 4008 41ba | 0000 003d | 4d03 c24c | 3b87 1001 | 0000 750d 
  0x0000017ac3022ff8: 4883 8718 | 0100 0001 | e960 0000 | 004c 3b87 | 2001 0000 | 750d 4883 | 8728 0100 | 0001 e94a 
  0x0000017ac3023018: 0000 0048 | 83bf 1001 | 0000 0075 | 174c 8987 | 1001 0000 | 48c7 8718 | 0100 0001 | 0000 00e9 
  0x0000017ac3023038: 2900 0000 | 4883 bf20 | 0100 0000 | 7517 4c89 | 8720 0100 | 0048 c787 | 2801 0000 | 0100 0000 
  0x0000017ac3023058: e908 0000 | 0048 8387 | 0801 0000 | 014c 8bc6 | 0f1f 8000 

  0x0000017ac302306c: ;   {optimized virtual_call}
  0x0000017ac302306c: 0000 00e8 

  0x0000017ac3023070: ; ImmutableOopMap {[232]=Oop }
                      ;*invokevirtual addDirtyScene {reexecute=0 rethrow=0 return_oop=0}
                      ; - com.sun.javafx.tk.quantum.GlassScene::sceneChanged@11 (line 317)
                      ; - com.sun.javafx.tk.quantum.GlassScene::entireSceneNeedsRepaint@12 (line 230)
                      ; - com.sun.javafx.tk.quantum.PresentingPainter::run@374 (line 101)
  0x0000017ac3023070: 6cbd 9f06 

  0x0000017ac3023074: ;   {post_call_nop}
  0x0000017ac3023074: 0f1f 8400 | ec42 001f 

  0x0000017ac302307c: ;   {metadata(method elemento for {method} {0x0000017ada4ebca8} 'sceneChanged' '()V' in 'com/sun/javafx/tk/quantum/GlassScene')}
  0x0000017ac302307c: 49b8 a89e | 1cdb 7a01 | 0000 41ff | 8038 0100 | 00e9 f200 

  0x0000017ac3023090: ;   {metadata(method elemento for {method} {0x0000017ada4ebca8} 'sceneChanged' '()V' in 'com/sun/javafx/tk/quantum/GlassScene')}
  0x0000017ac3023090: 0000 49b8 | a89e 1cdb | 7a01 0000 | 4983 8050 | 0100 0001 

  0x0000017ac30230a4: ;   {metadata(method elemento for {method} {0x0000017ada4e6d08} 'getInstance' '()Lcom/sun/javafx/tk/quantum/PaintCollector;' in 'com/sun/javafx/tk/quantum/PaintCollector')}
  0x0000017ac30230a4: 49b8 0049 | 1cdb 7a01 | 0000 418b | 9090 0000 | 0083 c202 | 4189 9090 | 0000 0081 | e2fe ff1f 
  0x0000017ac30230c4: 0085 d20f | 8418 6200 

  0x0000017ac30230cc: ;   {oop(a 'java/lang/Class'{0x00000007062b98c8} = 'com/sun/javafx/tk/quantum/PaintCollector')}
  0x0000017ac30230cc: 0049 b8c8 | 982b 0607 | 0000 0041 | 8b50 7848 | c1e2 0348 | 3b02 4c8b 

  0x0000017ac30230e4: ;   {metadata(method elemento for {method} {0x0000017ada4ebca8} 'sceneChanged' '()V' in 'com/sun/javafx/tk/quantum/GlassScene')}
  0x0000017ac30230e4: c248 bfa8 | 9e1c db7a | 0100 0045 | 8b40 0841 | ba00 0000 | 3d4d 03c2 | 4c3b 8768 | 0100 0075 
  0x0000017ac3023104: 0d48 8387 | 7001 0000 | 01e9 6000 | 0000 4c3b | 8778 0100 | 0075 0d48 | 8387 8001 | 0000 01e9 
  0x0000017ac3023124: 4a00 0000 | 4883 bf68 | 0100 0000 | 7517 4c89 | 8768 0100 | 0048 c787 | 7001 0000 | 0100 0000 
  0x0000017ac3023144: e929 0000 | 0048 83bf | 7801 0000 | 0075 174c | 8987 7801 | 0000 48c7 | 8780 0100 | 0001 0000 
  0x0000017ac3023164: 00e9 0800 | 0000 4883 | 8760 0100 | 0001 4c8b 

  0x0000017ac3023174: ;   {optimized virtual_call}
  0x0000017ac3023174: c666 90e8 

  0x0000017ac3023178: ; ImmutableOopMap {[232]=Oop }
                      ;*invokevirtual removeDirtyScene {reexecute=0 rethrow=0 return_oop=0}
                      ; - com.sun.javafx.tk.quantum.GlassScene::sceneChanged@21 (line 322)
                      ; - com.sun.javafx.tk.quantum.GlassScene::entireSceneNeedsRepaint@12 (line 230)
                      ; - com.sun.javafx.tk.quantum.PresentingPainter::run@374 (line 101)
  0x0000017ac3023178: 64bc 9f06 

  0x0000017ac302317c: ;   {post_call_nop}
  0x0000017ac302317c: 0f1f 8400 | f443 0020 

  0x0000017ac3023184: ;   {metadata(method elemento for {method} {0x0000017ada4eb4d0} 'entireSceneNeedsRepaint' '()V' in 'com/sun/javafx/tk/quantum/GlassScene')}
  0x0000017ac3023184: 48ba c08a | 21db 7a01 | 0000 ff82 | 3801 0000 | e933 0100 | 000f 1f80 | 0000 0000 

  0x0000017ac30231a0: ;   {other}
  0x0000017ac30231a0: e975 6100 | 0090 9090 | 9090 488b 

  0x0000017ac30231ac: ;   {static_call}
  0x0000017ac30231ac: d666 90e8 

  0x0000017ac30231b0: ; ImmutableOopMap {[232]=Oop }
                      ;*invokedynamic {reexecute=0 rethrow=0 return_oop=0}
                      ; - com.sun.javafx.tk.quantum.GlassScene::entireSceneNeedsRepaint@19 (line 232)
                      ; - com.sun.javafx.tk.quantum.PresentingPainter::run@374 (line 101)
  0x0000017ac30231b0: 2cc2 9f06 

  0x0000017ac30231b4: ;   {post_call_nop}
  0x0000017ac30231b4: 0f1f 8400 | 2c44 0021 

  0x0000017ac30231bc: ;   {metadata(method elemento for {method} {0x0000017ada4eb4d0} 'entireSceneNeedsRepaint' '()V' in 'com/sun/javafx/tk/quantum/GlassScene')}
  0x0000017ac30231bc: 48ba c08a | 21db 7a01 | 0000 488d | 9270 0100 | 0048 85c0 | 750c f602 | 0175 4af0 | 4883 0a01 
  0x0000017ac30231dc: eb43 448b | 4008 41ba | 0000 003d | 4d03 c24d | 8bd0 4c33 | 0249 f7c0 | fcff ffff | 7427 41f6 
  0x0000017ac30231fc: c002 7521 | 48f7 02fe | ffff ff74 | 154d 8bc2 | 4c33 0249 | f7c0 fcff | ffff 7409 | 4883 0a02 
  0x0000017ac302321c: eb03 4c89 

  0x0000017ac3023220: ;   {metadata(method elemento for {method} {0x0000017ada4eb4d0} 'entireSceneNeedsRepaint' '()V' in 'com/sun/javafx/tk/quantum/GlassScene')}
  0x0000017ac3023220: 0248 bac0 | 8a21 db7a | 0100 0048 | 8382 8001 

  0x0000017ac3023230: ;   {metadata(method elemento for {method} {0x0000017ada657f00} 'runLater' '(Ljava/lang/Runnable;)V' in 'javafx/application/Platform')}
  0x0000017ac3023230: 0000 0148 | baf0 971c | db7a 0100 | 0044 8b82 | 9000 0000 | 4183 c002 | 4489 8290 | 0000 0041 
  0x0000017ac3023250: 81e0 feff | 1f00 4585 | c00f 84c5 

  0x0000017ac302325c: ;   {metadata(method elemento for {method} {0x0000017ada657f00} 'runLater' '(Ljava/lang/Runnable;)V' in 'javafx/application/Platform')}
  0x0000017ac302325c: 6000 0048 | baf0 971c | db7a 0100 | 0048 8382 | d800 0000 

  0x0000017ac3023270: ;   {metadata(method elemento for {method} {0x0000017ada41fb18} 'runLater' '(Ljava/lang/Runnable;)V' in 'com/sun/javafx/application/PlatformImpl')}
  0x0000017ac3023270: 0148 ba18 | 991c db7a | 0100 0044 | 8b82 9000 | 0000 4183 | c002 4489 | 8290 0000 | 0041 81e0 
  0x0000017ac3023290: feff 1f00 | 4585 c00f | 84a8 6000 

  0x0000017ac302329c: ;   {metadata(method elemento for {method} {0x0000017ada41fb18} 'runLater' '(Ljava/lang/Runnable;)V' in 'com/sun/javafx/application/PlatformImpl')}
  0x0000017ac302329c: 0048 ba18 | 991c db7a | 0100 0048 | 8382 d800 | 0000 0148 | 8bd0 41b8 | 0000 0000 | 0f1f 8000 
  0x0000017ac30232bc: ;   {static_call}
  0x0000017ac30232bc: 0000 00e8 

  0x0000017ac30232c0: ; ImmutableOopMap {[232]=Oop }
                      ;*invokestatic runLater {reexecute=0 rethrow=0 return_oop=0}
                      ; - com.sun.javafx.application.PlatformImpl::runLater@2 (line 431)
                      ; - javafx.application.Platform::runLater@1 (line 168)
                      ; - com.sun.javafx.tk.quantum.GlassScene::entireSceneNeedsRepaint@24 (line 232)
                      ; - com.sun.javafx.tk.quantum.PresentingPainter::run@374 (line 101)
  0x0000017ac30232c0: 1cc1 9f06 

  0x0000017ac30232c4: ;   {post_call_nop}
  0x0000017ac30232c4: 0f1f 8400 | 3c45 0022 

  0x0000017ac30232cc: ;   {metadata(method elemento for {method} {0x0000017ada99e008} 'run' '()V' in 'com/sun/javafx/tk/quantum/PresentingPainter')}
  0x0000017ac30232cc: 48be c024 | 22db 7a01 | 0000 4883 | 8648 0900 

  0x0000017ac30232dc: ;   {static_call}
  0x0000017ac30232dc: 0001 90e8 

  0x0000017ac30232e0: ; ImmutableOopMap {[232]=Oop }
                      ;*invokestatic cleanUp {reexecute=0 rethrow=0 return_oop=0}
                      ; - com.sun.javafx.tk.quantum.PresentingPainter::run@377 (line 117)
  0x0000017ac30232e0: fcc0 9f06 

  0x0000017ac30232e4: ;   {post_call_nop}
  0x0000017ac30232e4: 0f1f 8400 | 5c45 0023 

  0x0000017ac30232ec: ;   {metadata(method elemento for {method} {0x0000017ada99e008} 'run' '()V' in 'com/sun/javafx/tk/quantum/PresentingPainter')}
  0x0000017ac30232ec: 49b8 c024 | 22db 7a01 | 0000 41ff | 8068 0900 | 0048 8b94 | 24e8 0000 | 0044 8b42 | 2849 c1e0 
  0x0000017ac302330c: 0349 3b00 

  0x0000017ac3023310: ;   {metadata(method elemento for {method} {0x0000017ada99e008} 'run' '()V' in 'com/sun/javafx/tk/quantum/PresentingPainter')}
  0x0000017ac3023310: 498b f048 | bfc0 2422 | db7a 0100 | 008b 7608 | 41ba 0000 | 003d 4903 | f248 3bb7 | 8009 0000 
  0x0000017ac3023330: 750d 4883 | 8788 0900 | 0001 e960 | 0000 0048 | 3bb7 9009 | 0000 750d | 4883 8798 | 0900 0001 
  0x0000017ac3023350: e94a 0000 | 0048 83bf | 8009 0000 | 0075 1748 | 89b7 8009 | 0000 48c7 | 8788 0900 | 0001 0000 
  0x0000017ac3023370: 00e9 2900 | 0000 4883 | bf90 0900 | 0000 7517 | 4889 b790 | 0900 0048 | c787 9809 | 0000 0100 
  0x0000017ac3023390: 0000 e908 | 0000 0048 | 8387 7809 

  0x0000017ac302339c: ;   {metadata(method elemento for {method} {0x0000017ada9a3998} 'unlock' '()V' in 'com/sun/prism/PresentableState')}
  0x0000017ac302339c: 0000 0148 | be10 5f22 | db7a 0100 | 008b be90 | 0000 0083 | c702 89be | 9000 0000 | 81e7 feff 
  0x0000017ac30233bc: 1f00 85ff | 0f84 a55f | 0000 418b | 5868 48c1 | e303 4885 

  0x0000017ac30233d0: ;   {metadata(method elemento for {method} {0x0000017ada9a3998} 'unlock' '()V' in 'com/sun/prism/PresentableState')}
  0x0000017ac30233d0: db49 b810 | 5f22 db7a | 0100 00be | d800 0000 | 7405 bee8 | 0000 0049 | 8b3c 3048 | 8d7f 0149 
  0x0000017ac30233f0: 893c 300f | 8473 0100 | 0048 3b03 

  0x0000017ac30233fc: ;   {metadata(method elemento for {method} {0x0000017ada9a3998} 'unlock' '()V' in 'com/sun/prism/PresentableState')}
  0x0000017ac30233fc: 4c8b c348 | be10 5f22 | db7a 0100 | 0045 8b40 | 0841 ba00 | 0000 3d4d | 03c2 4c3b | 8600 0100 
  0x0000017ac302341c: 0075 0d48 | 8386 0801 | 0000 01e9 | 6000 0000 | 4c3b 8610 | 0100 0075 | 0d48 8386 | 1801 0000 
  0x0000017ac302343c: 01e9 4a00 | 0000 4883 | be00 0100 | 0000 7517 | 4c89 8600 | 0100 0048 | c786 0801 | 0000 0100 
  0x0000017ac302345c: 0000 e929 | 0000 0048 | 83be 1001 | 0000 0075 | 174c 8986 | 1001 0000 | 48c7 8618 | 0100 0001 
  0x0000017ac302347c: 0000 00e9 | 0800 0000 | 4883 86f8 | 0000 0001 

  0x0000017ac302348c: ;   {metadata(method elemento for {method} {0x0000017ada4f9778} 'unlock' '()V' in 'com/sun/glass/ui/View')}
  0x0000017ac302348c: 49b8 7860 | 22db 7a01 | 0000 418b | b090 0000 | 0083 c602 | 4189 b090 | 0000 0081 | e6fe ff1f 
  0x0000017ac30234ac: 0085 f60f | 84dc 5e00 | 004c 8bc3 

  0x0000017ac30234b8: ;   {metadata(method elemento for {method} {0x0000017ada4f9778} 'unlock' '()V' in 'com/sun/glass/ui/View')}
  0x0000017ac30234b8: 48be 7860 | 22db 7a01 | 0000 4883 | 86d8 0000 

  0x0000017ac30234c8: ;   {metadata(method elemento for {method} {0x0000017ada4f7860} 'checkNotClosed' '()V' in 'com/sun/glass/ui/View')}
  0x0000017ac30234c8: 0001 49b8 | f032 18db | 7a01 0000 | 418b b090 | 0000 0083 | c602 4189 | b090 0000 | 0081 e6fe 
  0x0000017ac30234e8: ff1f 0085 | f60f 84bf | 5e00 00c5 | fb10 4310 | c4c1 f97e | c049 83f8 

  0x0000017ac3023500: ;   {metadata(method elemento for {method} {0x0000017ada4f7860} 'checkNotClosed' '()V' in 'com/sun/glass/ui/View')}
  0x0000017ac3023500: 0049 b8f0 | 3218 db7a | 0100 00be | e800 0000 | 7405 bed8 | 0000 0049 | 8b3c 3048 | 8d7f 0149 
  0x0000017ac3023520: 893c 300f | 84e8 2a00 | 00c5 fb10 | 4310 c4c1 | f97e c048 

  0x0000017ac3023534: ;   {metadata(method elemento for {method} {0x0000017ada4f9778} 'unlock' '()V' in 'com/sun/glass/ui/View')}
  0x0000017ac3023534: 8bf3 48bf | 7860 22db | 7a01 0000 

  0x0000017ac3023540: ;   {metadata('com/sun/glass/ui/win/WinView')}
  0x0000017ac3023540: 49ba c877 | 053e 0000 | 0000 4c89 | 9710 0100 | 0048 8387 | 1801 0000 | 0148 8bd3 

  0x0000017ac302355c: ;   {optimized virtual_call}
  0x0000017ac302355c: 6666 90e8 

  0x0000017ac3023560: ; ImmutableOopMap {[232]=Oop }
                      ;*invokevirtual _end {reexecute=0 rethrow=0 return_oop=0}
                      ; - com.sun.glass.ui.View::unlock@9 (line 742)
                      ; - com.sun.prism.PresentableState::unlock@11 (line 296)
                      ; - com.sun.javafx.tk.quantum.PresentingPainter::run@388 (line 120)
  0x0000017ac3023560: 7cb8 9f06 

  0x0000017ac3023564: ;   {post_call_nop}
  0x0000017ac3023564: 0f1f 8400 | dc47 0024 | 488b 9424 | e800 0000 | 448b 4228 | 49c1 e003 

  0x0000017ac302357c: ; implicit exception: dispatches to 0x0000017ac30293d3
  0x0000017ac302357c: 493b 0049 

  0x0000017ac3023580: ;   {metadata(method elemento for {method} {0x0000017ada99e008} 'run' '()V' in 'com/sun/javafx/tk/quantum/PresentingPainter')}
  0x0000017ac3023580: 8bf0 48bf | c024 22db | 7a01 0000 

  0x0000017ac302358c: ;   {metadata('com/sun/javafx/tk/quantum/SceneState')}
  0x0000017ac302358c: 49ba 6869 | 143e 0000 | 0000 4c89 | 97b0 0900 | 0048 8387 | b809 0000 | 0145 8b40 | 6c49 c1e0 
  0x0000017ac30235ac: 034d 85c0 

  0x0000017ac30235b0: ;   {metadata(method elemento for {method} {0x0000017ada99e008} 'run' '()V' in 'com/sun/javafx/tk/quantum/PresentingPainter')}
  0x0000017ac30235b0: 48bf c024 | 22db 7a01 | 0000 750c | 808f d109 | 0000 01e9 | a800 0000 | 418b 5808 | 41ba 0000 
  0x0000017ac30235d0: 003d 4903 | da48 3b9f | e009 0000 | 750d 4883 | 87e8 0900 | 0001 e960 | 0000 0048 | 3b9f f009 
  0x0000017ac30235f0: 0000 750d | 4883 87f8 | 0900 0001 | e94a 0000 | 0048 83bf | e009 0000 | 0075 1748 | 899f e009 
  0x0000017ac3023610: 0000 48c7 | 87e8 0900 | 0001 0000 | 00e9 2900 | 0000 4883 | bff0 0900 | 0000 7517 | 4889 9ff0 
  0x0000017ac3023630: 0900 0048 | c787 f809 | 0000 0100 | 0000 e908 | 0000 0048 | 8387 d809 

  0x0000017ac3023648: ;   {metadata('com/sun/javafx/tk/quantum/ViewScene')}
  0x0000017ac3023648: 0000 0148 | bbf0 1814 | 3e00 0000 | 0041 8b70 | 0841 ba00 | 0000 3d49 | 03f2 483b | de0f 856d 
  0x0000017ac3023668: 5d00 00e9 | 0000 0000 

  0x0000017ac3023670: ; implicit exception: dispatches to 0x0000017ac30293e1
  0x0000017ac3023670: 493b 0049 

  0x0000017ac3023674: ;   {metadata(method elemento for {method} {0x0000017ada99e008} 'run' '()V' in 'com/sun/javafx/tk/quantum/PresentingPainter')}
  0x0000017ac3023674: 8bf0 48bf | c024 22db | 7a01 0000 | 8b76 0841 | ba00 0000 | 3d49 03f2 | 483b b710 | 0a00 0075 
  0x0000017ac3023694: 0d48 8387 | 180a 0000 | 01e9 6000 | 0000 483b | b720 0a00 | 0075 0d48 | 8387 280a | 0000 01e9 
  0x0000017ac30236b4: 4a00 0000 | 4883 bf10 | 0a00 0000 | 7517 4889 | b710 0a00 | 0048 c787 | 180a 0000 | 0100 0000 
  0x0000017ac30236d4: e929 0000 | 0048 83bf | 200a 0000 | 0075 1748 | 89b7 200a | 0000 48c7 | 8728 0a00 | 0001 0000 
  0x0000017ac30236f4: 00e9 0800 | 0000 4883 | 8708 0a00 

  0x0000017ac3023700: ;   {metadata(method elemento for {method} {0x0000017ada4eba90} 'setPainting' '(Z)Z' in 'com/sun/javafx/tk/quantum/GlassScene')}
  0x0000017ac3023700: 0001 48be | e072 1ddb | 7a01 0000 | 8bbe 9000 | 0000 83c7 | 0289 be90 | 0000 0081 | e7fe ff1f 
  0x0000017ac3023720: 0085 ff0f | 84bd 5c00 | 0041 8b58 | 3848 c1e3 | 0348 3b03 

  0x0000017ac3023734: ;   {metadata(method elemento for {method} {0x0000017ada4eba90} 'setPainting' '(Z)Z' in 'com/sun/javafx/tk/quantum/GlassScene')}
  0x0000017ac3023734: 4c8b c348 | bee0 721d | db7a 0100 | 0045 8b40 | 0841 ba00 | 0000 3d4d | 03c2 4c3b | 86e0 0000 
  0x0000017ac3023754: 0075 0d48 | 8386 e800 | 0000 01e9 | 6000 0000 | 4c3b 86f0 | 0000 0075 | 0d48 8386 | f800 0000 
  0x0000017ac3023774: 01e9 4a00 | 0000 4883 | bee0 0000 | 0000 7517 | 4c89 86e0 | 0000 0048 | c786 e800 | 0000 0100 
  0x0000017ac3023794: 0000 e929 | 0000 0048 | 83be f000 | 0000 0075 | 174c 8986 | f000 0000 | 48c7 86f8 | 0000 0001 
  0x0000017ac30237b4: 0000 00e9 | 0800 0000 | 4883 86d8 | 0000 0001 

  0x0000017ac30237c4: ;   {metadata(method elemento for {method} {0x0000017ada0e7318} 'getAndSet' '(Z)Z' in 'java/util/concurrent/atomic/AtomicBoolean')}
  0x0000017ac30237c4: 49b8 e8a6 | d1da 7a01 | 0000 418b | b090 0000 | 0083 c602 | 4189 b090 | 0000 0081 | e6fe ff1f 
  0x0000017ac30237e4: 0085 f60f | 841f 5c00 

  0x0000017ac30237ec: ;   {metadata(method elemento for {method} {0x0000017ada0e7318} 'getAndSet' '(Z)Z' in 'java/util/concurrent/atomic/AtomicBoolean')}
  0x0000017ac30237ec: 0049 b8e8 | a6d1 da7a | 0100 0041 | ff80 d800 

  0x0000017ac30237fc: ;   {metadata(method elemento for {method} {0x0000017ada0e7318} 'getAndSet' '(Z)Z' in 'java/util/concurrent/atomic/AtomicBoolean')}
  0x0000017ac30237fc: 0000 49b8 | e8a6 d1da | 7a01 0000 | 4983 8010 | 0100 0001 

  0x0000017ac3023810: ;   {metadata(method elemento for {method} {0x000000003d28f1b0} 'guard_LI_I' '(Ljava/lang/invoke/VarHandle;Ljava/lang/Object;ILjava/lang/invoke/VarHandle$AccessDescriptor;)I' in 'java/lang/invoke/VarHandleGuards')}
  0x0000017ac3023810: 49b8 2092 | 07da 7a01 | 0000 418b | b090 0000 | 0083 c602 | 4189 b090 | 0000 0081 | e6fe ff1f 
  0x0000017ac3023830: 0085 f60f | 84f4 5b00 

  0x0000017ac3023838: ;   {oop(a 'java/lang/invoke/VarHandleInts$FieldInstanceReadWrite'{0x0000000705e51988})}
  0x0000017ac3023838: 0049 b888 | 19e5 0507 

  0x0000017ac3023840: ;   {metadata(method elemento for {method} {0x000000003d28f1b0} 'guard_LI_I' '(Ljava/lang/invoke/VarHandle;Ljava/lang/Object;ILjava/lang/invoke/VarHandle$AccessDescriptor;)I' in 'java/lang/invoke/VarHandleGuards')}
  0x0000017ac3023840: 0000 0048 | be20 9207 | da7a 0100 | 0045 8b40 | 0841 ba00 | 0000 3d4d | 03c2 4c3b | 86e0 0000 
  0x0000017ac3023860: 0075 0d48 | 8386 e800 | 0000 01e9 | 6000 0000 | 4c3b 86f0 | 0000 0075 | 0d48 8386 | f800 0000 
  0x0000017ac3023880: 01e9 4a00 | 0000 4883 | bee0 0000 | 0000 7517 | 4c89 86e0 | 0000 0048 | c786 e800 | 0000 0100 
  0x0000017ac30238a0: 0000 e929 | 0000 0048 | 83be f000 | 0000 0075 | 174c 8986 | f000 0000 | 48c7 86f8 | 0000 0001 
  0x0000017ac30238c0: 0000 00e9 | 0800 0000 | 4883 86d8 | 0000 0001 

  0x0000017ac30238d0: ;   {metadata(method elemento for {method} {0x000000003d207d48} 'checkAccessModeThenIsDirect' '(Ljava/lang/invoke/VarHandle$AccessDescriptor;)Z' in 'java/lang/invoke/VarHandle')}
  0x0000017ac30238d0: 49b8 a895 | 07da 7a01 | 0000 418b | b090 0000 | 0083 c602 | 4189 b090 | 0000 0081 | e6fe ff1f 
  0x0000017ac30238f0: 0085 f60f | 8455 5b00 

  0x0000017ac30238f8: ;   {metadata(method elemento for {method} {0x000000003d207d48} 'checkAccessModeThenIsDirect' '(Ljava/lang/invoke/VarHandle$AccessDescriptor;)Z' in 'java/lang/invoke/VarHandle')}
  0x0000017ac30238f8: 0049 b8a8 | 9507 da7a | 0100 0041 | ff80 d800 

  0x0000017ac3023908: ;   {metadata(method elemento for {method} {0x000000003d28f1b0} 'guard_LI_I' '(Ljava/lang/invoke/VarHandle;Ljava/lang/Object;ILjava/lang/invoke/VarHandle$AccessDescriptor;)I' in 'java/lang/invoke/VarHandleGuards')}
  0x0000017ac3023908: 0000 49b8 | 2092 07da | 7a01 0000 | 41ff 8030 

  0x0000017ac3023918: ;   {metadata(method elemento for {method} {0x000000003d28f1b0} 'guard_LI_I' '(Ljava/lang/invoke/VarHandle;Ljava/lang/Object;ILjava/lang/invoke/VarHandle$AccessDescriptor;)I' in 'java/lang/invoke/VarHandleGuards')}
  0x0000017ac3023918: 0100 0049 | b820 9207 | da7a 0100 | 0041 ff80 | 5001 0000 

  0x0000017ac302392c: ;   {oop(a 'java/lang/invoke/VarForm'{0x0000000705e38120})}
  0x0000017ac302392c: 49b8 2081 | e305 0700 

  0x0000017ac3023934: ;   {metadata(method elemento for {method} {0x000000003d28f1b0} 'guard_LI_I' '(Ljava/lang/invoke/VarHandle;Ljava/lang/Object;ILjava/lang/invoke/VarHandle$AccessDescriptor;)I' in 'java/lang/invoke/VarHandleGuards')}
  0x0000017ac3023934: 0000 48be | 2092 07da | 7a01 0000 | 458b 4008 | 41ba 0000 | 003d 4d03 | c24c 3b86 | 6801 0000 
  0x0000017ac3023954: 750d 4883 | 8670 0100 | 0001 e960 | 0000 004c | 3b86 7801 | 0000 750d | 4883 8680 | 0100 0001 
  0x0000017ac3023974: e94a 0000 | 0048 83be | 6801 0000 | 0075 174c | 8986 6801 | 0000 48c7 | 8670 0100 | 0001 0000 
  0x0000017ac3023994: 00e9 2900 | 0000 4883 | be78 0100 | 0000 7517 | 4c89 8678 | 0100 0048 | c786 8001 | 0000 0100 
  0x0000017ac30239b4: 0000 e908 | 0000 0048 | 8386 6001 

  0x0000017ac30239c0: ;   {metadata(method elemento for {method} {0x000000003d28e928} 'getMemberName' '(I)Ljava/lang/invoke/MemberName;' in 'java/lang/invoke/VarForm')}
  0x0000017ac30239c0: 0000 0149 | b8f8 9b07 | da7a 0100 | 0041 8bb0 | 9000 0000 | 83c6 0241 | 89b0 9000 | 0000 81e6 
  0x0000017ac30239e0: feff 1f00 | 85f6 0f84 | 835a 0000 

  0x0000017ac30239ec: ;   {metadata(method elemento for {method} {0x000000003d28e928} 'getMemberName' '(I)Ljava/lang/invoke/MemberName;' in 'java/lang/invoke/VarForm')}
  0x0000017ac30239ec: 49b8 f89b | 07da 7a01 | 0000 41ff | 80d8 0000 

  0x0000017ac30239fc: ;   {metadata(method elemento for {method} {0x000000003d28f1b0} 'guard_LI_I' '(Ljava/lang/invoke/VarHandle;Ljava/lang/Object;ILjava/lang/invoke/VarHandle$AccessDescriptor;)I' in 'java/lang/invoke/VarHandleGuards')}
  0x0000017ac30239fc: 0049 b820 | 9207 da7a | 0100 0049 | 8380 a001 

  0x0000017ac3023a0c: ;   {metadata(method elemento for {method} {0x0000017ada0ea050} 'getAndSet' '(Ljava/lang/invoke/VarHandle;Ljava/lang/Object;I)I' in 'java/lang/invoke/VarHandleInts$FieldInstanceReadWrite')}
  0x0000017ac3023a0c: 0000 0149 | b8c0 a8d1 | da7a 0100 | 0041 8bb0 | 9000 0000 | 83c6 0241 | 89b0 9000 | 0000 81e6 
  0x0000017ac3023a2c: feff 1f00 | 85f6 0f84 | 585a 0000 

  0x0000017ac3023a38: ;   {oop(a 'java/lang/Class'{0x0000000705e51900} = 'java/util/concurrent/atomic/AtomicBoolean')}
  0x0000017ac3023a38: 49b8 0019 | e505 0700 

  0x0000017ac3023a40: ;   {metadata(method elemento for {method} {0x0000017ada0ea050} 'getAndSet' '(Ljava/lang/invoke/VarHandle;Ljava/lang/Object;I)I' in 'java/lang/invoke/VarHandleInts$FieldInstanceReadWrite')}
  0x0000017ac3023a40: 0000 48be | c0a8 d1da | 7a01 0000 | 458b 4008 | 41ba 0000 | 003d 4d03 | c24c 3b86 | 1001 0000 
  0x0000017ac3023a60: 750d 4883 | 8618 0100 | 0001 e960 | 0000 004c | 3b86 2001 | 0000 750d | 4883 8628 | 0100 0001 
  0x0000017ac3023a80: e94a 0000 | 0048 83be | 1001 0000 | 0075 174c | 8986 1001 | 0000 48c7 | 8618 0100 | 0001 0000 
  0x0000017ac3023aa0: 00e9 2900 | 0000 4883 | be20 0100 | 0000 7517 | 4c89 8620 | 0100 0048 | c786 2801 | 0000 0100 
  0x0000017ac3023ac0: 0000 e908 | 0000 0048 | 8386 0801 

  0x0000017ac3023acc: ;   {metadata(method elemento for {method} {0x000000003d197b50} 'cast' '(Ljava/lang/Object;)Ljava/lang/Object;' in 'java/lang/Class')}
  0x0000017ac3023acc: 0000 0149 | b8c8 9109 | da7a 0100 | 0041 8bb0 | 9000 0000 | 83c6 0241 | 89b0 9000 | 0000 81e6 
  0x0000017ac3023aec: feff 1f00 | 85f6 0f84 | b959 0000 

  0x0000017ac3023af8: ;   {metadata(method elemento for {method} {0x000000003d197b50} 'cast' '(Ljava/lang/Object;)Ljava/lang/Object;' in 'java/lang/Class')}
  0x0000017ac3023af8: 4885 db49 | b8c8 9109 | da7a 0100 | 00be d800 | 0000 7405 | bee8 0000 | 0049 8b3c | 3048 8d7f 
  0x0000017ac3023b18: 0149 893c | 300f 84fb 

  0x0000017ac3023b20: ;   {oop(a 'java/lang/Class'{0x0000000705e51900} = 'java/util/concurrent/atomic/AtomicBoolean')}
  0x0000017ac3023b20: 0000 0049 | b800 19e5 | 0507 0000 

  0x0000017ac3023b2c: ;   {metadata(method elemento for {method} {0x000000003d197b50} 'cast' '(Ljava/lang/Object;)Ljava/lang/Object;' in 'java/lang/Class')}
  0x0000017ac3023b2c: 0048 bec8 | 9109 da7a | 0100 0045 | 8b40 0841 | ba00 0000 | 3d4d 03c2 | 4c3b 8600 | 0100 0075 
  0x0000017ac3023b4c: 0d48 8386 | 0801 0000 | 01e9 6000 | 0000 4c3b | 8610 0100 | 0075 0d48 | 8386 1801 | 0000 01e9 
  0x0000017ac3023b6c: 4a00 0000 | 4883 be00 | 0100 0000 | 7517 4c89 | 8600 0100 | 0048 c786 | 0801 0000 | 0100 0000 
  0x0000017ac3023b8c: e929 0000 | 0048 83be | 1001 0000 | 0075 174c | 8986 1001 | 0000 48c7 | 8618 0100 | 0001 0000 
  0x0000017ac3023bac: 00e9 0800 | 0000 4883 | 86f8 0000 | 0001 4885 | db0f 8425 

  0x0000017ac3023bc0: ;   {metadata('java/util/concurrent/atomic/AtomicBoolean')}
  0x0000017ac3023bc0: 0000 0048 | b8a0 c300 | 3e00 0000 | 008b 7b08 | 41ba 0000 | 003d 4903 | fa48 3b47 | 380f 8505 
  0x0000017ac3023be0: 0000 00e9 | 0500 0000 | 4d33 c0eb | 0641 b801 | 0000 0045 

  0x0000017ac3023bf4: ;   {metadata(method elemento for {method} {0x000000003d197b50} 'cast' '(Ljava/lang/Object;)Ljava/lang/Object;' in 'java/lang/Class')}
  0x0000017ac3023bf4: 85c0 49b8 | c891 09da | 7a01 0000 | be38 0100 | 0074 05be | 2801 0000 | 498b 3c30 | 488d 7f01 
  0x0000017ac3023c14: 4989 3c30 | 0f84 1b23 

  0x0000017ac3023c1c: ;   {metadata(method elemento for {method} {0x0000017ada0ea050} 'getAndSet' '(Ljava/lang/invoke/VarHandle;Ljava/lang/Object;I)I' in 'java/lang/invoke/VarHandleInts$FieldInstanceReadWrite')}
  0x0000017ac3023c1c: 0000 49b8 | c0a8 d1da | 7a01 0000 | 4983 8038 | 0100 0001 

  0x0000017ac3023c30: ;   {metadata(method elemento for {method} {0x000000003d45aa48} 'requireNonNull' '(Ljava/lang/Object;)Ljava/lang/Object;' in 'java/util/Objects')}
  0x0000017ac3023c30: 49b8 b846 | 01da 7a01 | 0000 418b | b090 0000 | 0083 c602 | 4189 b090 | 0000 0081 | e6fe ff1f 
  0x0000017ac3023c50: 0085 f60f | 8479 5800 | 0048 85db 

  0x0000017ac3023c5c: ;   {metadata(method elemento for {method} {0x000000003d45aa48} 'requireNonNull' '(Ljava/lang/Object;)Ljava/lang/Object;' in 'java/util/Objects')}
  0x0000017ac3023c5c: 49b8 b846 | 01da 7a01 | 0000 bee8 | 0000 0074 | 05be d800 | 0000 498b | 3c30 488d | 7f01 4989 
  0x0000017ac3023c7c: 3c30 0f84 | 1522 0000 | 4c8d 430c | be00 0000 | 0041 8730 

  0x0000017ac3023c90: ;   {metadata(method elemento for {method} {0x0000017ada0e7318} 'getAndSet' '(Z)Z' in 'java/util/concurrent/atomic/AtomicBoolean')}
  0x0000017ac3023c90: 85f6 49b8 | e8a6 d1da | 7a01 0000 | be58 0100 | 0074 05be | 6801 0000 | 498b 3c30 | 488d 7f01 
  0x0000017ac3023cb0: 4989 3c30 | 0f84 1c00 

  0x0000017ac3023cb8: ;   {metadata(method elemento for {method} {0x0000017ada0e7318} 'getAndSet' '(Z)Z' in 'java/util/concurrent/atomic/AtomicBoolean')}
  0x0000017ac3023cb8: 0000 49b8 | e8a6 d1da | 7a01 0000 | 41ff 8078 | 0100 0041 | b801 0000 | 00e9 0600 | 0000 41b8 
  0x0000017ac3023cd8: 0000 0000 | 4183 e001 | 4183 e001 | 448b 4230 | 49c1 e003 

  0x0000017ac3023cec: ;   {metadata(method elemento for {method} {0x0000017ada99e008} 'run' '()V' in 'com/sun/javafx/tk/quantum/PresentingPainter')}
  0x0000017ac3023cec: 4d85 c048 | bac0 2422 | db7a 0100 | 00be 380a | 0000 7405 | be48 0a00 | 0048 8b3c | 3248 8d7f 
  0x0000017ac3023d0c: 0148 893c | 320f 8435 | 0100 004d | 85c0 0f84 | 2600 0000 

  0x0000017ac3023d20: ;   {metadata('com/sun/prism/d3d/D3DResourceFactory')}
  0x0000017ac3023d20: 48bb d047 | 053e 0000 | 0000 418b | 7808 41ba | 0000 003d | 4903 fa48 | 3b5f 480f | 85b2 5700 
  0x0000017ac3023d40: 00e9 0000 | 0000 498b | d049 3b00 

  0x0000017ac3023d4c: ;   {metadata(method elemento for {method} {0x0000017ada99e008} 'run' '()V' in 'com/sun/javafx/tk/quantum/PresentingPainter')}
  0x0000017ac3023d4c: 48ba c024 | 22db 7a01 

  0x0000017ac3023d54: ;   {metadata('com/sun/prism/d3d/D3DResourceFactory')}
  0x0000017ac3023d54: 0000 49ba | d047 053e | 0000 0000 | 4c89 9260 | 0a00 0048 | 8382 680a 

  0x0000017ac3023d6c: ;   {metadata(method elemento for {method} {0x0000017ada4daca8} 'getTextureResourcePool' '()Lcom/sun/prism/impl/TextureResourcePool;' in 'com/sun/prism/d3d/D3DResourceFactory')}
  0x0000017ac3023d6c: 0000 0149 | b850 550e | db7a 0100 | 0041 8b90 | 9000 0000 | 83c2 0241 | 8990 9000 | 0000 81e2 
  0x0000017ac3023d8c: feff 1f00 | 85d2 0f84 | 6557 0000 

  0x0000017ac3023d98: ;   {oop(a 'com/sun/prism/d3d/D3DVramPool'{0x0000000705a65610})}
  0x0000017ac3023d98: 48ba 1056 | a605 0700 | 0000 4c8b 

  0x0000017ac3023da4: ;   {metadata(method elemento for {method} {0x0000017ada99e008} 'run' '()V' in 'com/sun/javafx/tk/quantum/PresentingPainter')}
  0x0000017ac3023da4: c248 bec0 | 2422 db7a | 0100 0045 | 8b40 0841 | ba00 0000 | 3d4d 03c2 | 4c3b 8690 | 0a00 0075 
  0x0000017ac3023dc4: 0d48 8386 | 980a 0000 | 01e9 6000 | 0000 4c3b | 86a0 0a00 | 0075 0d48 | 8386 a80a | 0000 01e9 
  0x0000017ac3023de4: 4a00 0000 | 4883 be90 | 0a00 0000 | 7517 4c89 | 8690 0a00 | 0048 c786 | 980a 0000 | 0100 0000 
  0x0000017ac3023e04: e929 0000 | 0048 83be | a00a 0000 | 0075 174c | 8986 a00a | 0000 48c7 | 86a8 0a00 | 0001 0000 
  0x0000017ac3023e24: 00e9 0800 | 0000 4883 | 8688 0a00 | 0001 41b8 | 0000 0000 | 0f1f 8000 

  0x0000017ac3023e3c: ;   {optimized virtual_call}
  0x0000017ac3023e3c: 0000 00e8 

  0x0000017ac3023e40: ; ImmutableOopMap {}
                      ;*invokeinterface freeDisposalRequestedAndCheckResources {reexecute=0 rethrow=0 return_oop=0}
                      ; - com.sun.javafx.tk.quantum.PresentingPainter::run@427 (line 127)
  0x0000017ac3023e40: 9caf 9f06 

  0x0000017ac3023e44: ;   {post_call_nop}
  0x0000017ac3023e44: 0f1f 8400 | bc50 0025 

  0x0000017ac3023e4c: ;   {oop(a 'java/util/concurrent/locks/ReentrantLock'{0x0000000705ba4130})}
  0x0000017ac3023e4c: 49b8 3041 | ba05 0700 | 0000 498b 

  0x0000017ac3023e58: ;   {metadata(method elemento for {method} {0x0000017ada99e008} 'run' '()V' in 'com/sun/javafx/tk/quantum/PresentingPainter')}
  0x0000017ac3023e58: d048 bec0 | 2422 db7a | 0100 008b | 5208 41ba | 0000 003d | 4903 d248 | 3b96 c00a | 0000 750d 
  0x0000017ac3023e78: 4883 86c8 | 0a00 0001 | e960 0000 | 0048 3b96 | d00a 0000 | 750d 4883 | 86d8 0a00 | 0001 e94a 
  0x0000017ac3023e98: 0000 0048 | 83be c00a | 0000 0075 | 1748 8996 | c00a 0000 | 48c7 86c8 | 0a00 0001 | 0000 00e9 
  0x0000017ac3023eb8: 2900 0000 | 4883 bed0 | 0a00 0000 | 7517 4889 | 96d0 0a00 | 0048 c786 | d80a 0000 | 0100 0000 
  0x0000017ac3023ed8: e908 0000 | 0048 8386 | b80a 0000 

  0x0000017ac3023ee4: ;   {metadata(method elemento for {method} {0x000000003d1d9bd0} 'unlock' '()V' in 'java/util/concurrent/locks/ReentrantLock')}
  0x0000017ac3023ee4: 0148 ba58 | ecd2 da7a | 0100 008b | b290 0000 | 0083 c602 | 89b2 9000 | 0000 81e6 | feff 1f00 
  0x0000017ac3023f04: 85f6 0f84 | 1256 0000 | 418b 700c | 48c1 e603 

  0x0000017ac3023f14: ; implicit exception: dispatches to 0x0000017ac302953f
  0x0000017ac3023f14: 483b 064c 

  0x0000017ac3023f18: ;   {metadata(method elemento for {method} {0x000000003d1d9bd0} 'unlock' '()V' in 'java/util/concurrent/locks/ReentrantLock')}
  0x0000017ac3023f18: 8bc6 48ba | 58ec d2da | 7a01 0000 | 458b 4008 | 41ba 0000 | 003d 4d03 | c24c 3b82 | e000 0000 
  0x0000017ac3023f38: 750d 4883 | 82e8 0000 | 0001 e960 | 0000 004c | 3b82 f000 | 0000 750d | 4883 82f8 | 0000 0001 
  0x0000017ac3023f58: e94a 0000 | 0048 83ba | e000 0000 | 0075 174c | 8982 e000 | 0000 48c7 | 82e8 0000 | 0001 0000 
  0x0000017ac3023f78: 00e9 2900 | 0000 4883 | baf0 0000 | 0000 7517 | 4c89 82f0 | 0000 0048 | c782 f800 | 0000 0100 
  0x0000017ac3023f98: 0000 e908 | 0000 0048 | 8382 d800 

  0x0000017ac3023fa4: ;   {metadata(method elemento for {method} {0x000000003d2d1e60} 'release' '(I)Z' in 'java/util/concurrent/locks/AbstractQueuedSynchronizer')}
  0x0000017ac3023fa4: 0000 0149 | b8c8 7bd2 | da7a 0100 | 0041 8b90 | 9000 0000 | 83c2 0241 | 8990 9000 | 0000 81e2 
  0x0000017ac3023fc4: feff 1f00 | 85d2 0f84 | 7455 0000 

  0x0000017ac3023fd0: ;   {metadata(method elemento for {method} {0x000000003d2d1e60} 'release' '(I)Z' in 'java/util/concurrent/locks/AbstractQueuedSynchronizer')}
  0x0000017ac3023fd0: 4c8b c648 | bac8 7bd2 | da7a 0100 | 0045 8b40 | 0841 ba00 | 0000 3d4d | 03c2 4c3b | 82e0 0000 
  0x0000017ac3023ff0: 0075 0d48 | 8382 e800 | 0000 01e9 | 6000 0000 | 4c3b 82f0 | 0000 0075 | 0d48 8382 | f800 0000 
  0x0000017ac3024010: 01e9 4a00 | 0000 4883 | bae0 0000 | 0000 7517 | 4c89 82e0 | 0000 0048 | c782 e800 | 0000 0100 
  0x0000017ac3024030: 0000 e929 | 0000 0048 | 83ba f000 | 0000 0075 | 174c 8982 | f000 0000 | 48c7 82f8 | 0000 0001 
  0x0000017ac3024050: 0000 00e9 | 0800 0000 | 4883 82d8 | 0000 0001 | 41b8 0100 | 0000 488b | d648 89b4 | 2440 0100 
  0x0000017ac3024070: 0066 0f1f 

  0x0000017ac3024074: ;   {optimized virtual_call}
  0x0000017ac3024074: 4400 00e8 

  0x0000017ac3024078: ; ImmutableOopMap {[320]=Oop }
                      ;*invokevirtual tryRelease {reexecute=0 rethrow=0 return_oop=0}
                      ; - java.util.concurrent.locks.AbstractQueuedSynchronizer::release@2 (line 1099)
                      ; - java.util.concurrent.locks.ReentrantLock::unlock@5 (line 495)
                      ; - com.sun.javafx.tk.quantum.PresentingPainter::run@435 (line 130)
  0x0000017ac3024078: 64ad 9f06 

  0x0000017ac302407c: ;   {post_call_nop}
  0x0000017ac302407c: 0f1f 8400 | f452 0026 

  0x0000017ac3024084: ;   {metadata(method elemento for {method} {0x000000003d2d1e60} 'release' '(I)Z' in 'java/util/concurrent/locks/AbstractQueuedSynchronizer')}
  0x0000017ac3024084: 85c0 48ba | c87b d2da | 7a01 0000 | be08 0100 | 0074 05be | 1801 0000 | 488b 3c32 | 488d 7f01 
  0x0000017ac30240a4: 4889 3c32 | 0f84 4600 | 0000 488b | b424 4001 | 0000 8b56 | 1048 c1e2 

  0x0000017ac30240bc: ;   {metadata(method elemento for {method} {0x000000003d2d1e60} 'release' '(I)Z' in 'java/util/concurrent/locks/AbstractQueuedSynchronizer')}
  0x0000017ac30240bc: 0348 bec8 | 7bd2 da7a | 0100 0048 | 8386 2801 

  0x0000017ac30240cc: ;   {static_call}
  0x0000017ac30240cc: 0000 01e8 

  0x0000017ac30240d0: ; ImmutableOopMap {}
                      ;*invokestatic signalNext {reexecute=0 rethrow=0 return_oop=0}
                      ; - java.util.concurrent.locks.AbstractQueuedSynchronizer::release@12 (line 1100)
                      ; - java.util.concurrent.locks.ReentrantLock::unlock@5 (line 495)
                      ; - com.sun.javafx.tk.quantum.PresentingPainter::run@435 (line 130)
  0x0000017ac30240d0: 0cb3 9f06 

  0x0000017ac30240d4: ;   {post_call_nop}
  0x0000017ac30240d4: 0f1f 8400 | 4c53 0027 | b801 0000 | 0048 81c4 | 7002 0000 

  0x0000017ac30240e8: ;   {poll_return}
  0x0000017ac30240e8: 5d49 3b67 | 280f 8772 | 5400 00c3 | b800 0000 | 0048 81c4 | 7002 0000 

  0x0000017ac3024100: ;   {poll_return}
  0x0000017ac3024100: 5d49 3b67 | 280f 8770 | 5400 00c3 | 488b b424 | 3001 0000 | 488b 9424 | e800 0000 

  0x0000017ac302411c: ; implicit exception: dispatches to 0x0000017ac3029591
  0x0000017ac302411c: 483b 0648 

  0x0000017ac3024120: ;   {metadata(method elemento for {method} {0x0000017ada99e008} 'run' '()V' in 'com/sun/javafx/tk/quantum/PresentingPainter')}
  0x0000017ac3024120: 8bc6 48bf | c024 22db | 7a01 0000 | 8b40 0841 | ba00 0000 | 3d49 03c2 | 483b 87f0 | 0a00 0075 
  0x0000017ac3024140: 0d48 8387 | f80a 0000 | 01e9 6000 | 0000 483b | 8700 0b00 | 0075 0d48 | 8387 080b | 0000 01e9 
  0x0000017ac3024160: 4a00 0000 | 4883 bff0 | 0a00 0000 | 7517 4889 | 87f0 0a00 | 0048 c787 | f80a 0000 | 0100 0000 
  0x0000017ac3024180: e929 0000 | 0048 83bf | 000b 0000 | 0075 1748 | 8987 000b | 0000 48c7 | 8708 0b00 | 0001 0000 
  0x0000017ac30241a0: 00e9 0800 | 0000 4883 | 87e8 0a00 | 0001 488d | bc24 5802 | 0000 4889 | 7708 488b | 0641 8b9f 
  0x0000017ac30241c0: d806 0000 | 81fb 2807 | 0000 0f8d | c653 0000 | 493b 741f | f80f 8425 | 0000 00a8 | 020f 85b3 
  0x0000017ac30241e0: 5300 0048 | 8bd8 4883 | e3fe 4883 | c801 f048 | 0fb1 1e0f | 859d 5300 | 0041 8b9f | d806 0000 
  0x0000017ac3024200: 4989 341f | 83c3 0841 | 899f d806 | 0000 0fbe | 760d 488d | 8424 5802 | 0000 488b | 5808 418b 
  0x0000017ac3024220: ;   {other}
  0x0000017ac3024220: bfd8 0600 | 0049 3b5c | 3ff8 0f85 | 7953 0000 | 4183 afd8 | 0600 0008 | 493b 5c3f | f00f 842a 
  0x0000017ac3024240: 0000 0048 | 8b03 a802 | 0f85 1200 | 0000 488b | f848 83cf | 01f0 480f | b13b 0f84 | 0d00 0000 
  0x0000017ac3024260: 4183 87d8 | 0600 0008 | e93c 5300 | 0083 e601 

  0x0000017ac3024270: ;   {metadata(method elemento for {method} {0x0000017ada99e008} 'run' '()V' in 'com/sun/javafx/tk/quantum/PresentingPainter')}
  0x0000017ac3024270: 85f6 48be | c024 22db | 7a01 0000 | bf18 0b00 | 0074 05bf | 280b 0000 | 488b 1c3e | 488d 5b01 
  0x0000017ac3024290: 4889 1c3e | 0f84 5a0b | 0000 8b72 | 2c48 c1e6 | 0348 85f6 | 0f84 2500 

  0x0000017ac30242a8: ;   {metadata('com/sun/prism/d3d/D3DSwapChain')}
  0x0000017ac30242a8: 0000 48b9 | 38d2 173e | 0000 0000 | 8b46 0841 | ba00 0000 | 3d49 03c2 | 483b 4848 | 0f85 f552 
  0x0000017ac30242c8: 0000 e900 | 0000 0048 | 8bfe 483b | 0648 8bfe 

  0x0000017ac30242d8: ;   {metadata(method elemento for {method} {0x0000017ada99e008} 'run' '()V' in 'com/sun/javafx/tk/quantum/PresentingPainter')}
  0x0000017ac30242d8: 48bb c024 | 22db 7a01 

  0x0000017ac30242e0: ;   {metadata('com/sun/prism/d3d/D3DSwapChain')}
  0x0000017ac30242e0: 0000 49ba | 38d2 173e | 0000 0000 | 4c89 9340 | 0b00 0048 | 8383 480b | 0000 0148 

  0x0000017ac30242fc: ;   {optimized virtual_call}
  0x0000017ac30242fc: 8bd6 90e8 

  0x0000017ac3024300: ; ImmutableOopMap {[232]=Oop }
                      ;*invokeinterface present {reexecute=0 rethrow=0 return_oop=0}
                      ; - com.sun.javafx.tk.quantum.PresentingPainter::run@451 (line 107)
  0x0000017ac3024300: 9ccc 0000 

  0x0000017ac3024304: ;   {post_call_nop}
  0x0000017ac3024304: 0f1f 8400 | 7c55 0028 

  0x0000017ac302430c: ;   {metadata(method elemento for {method} {0x0000017ada99e008} 'run' '()V' in 'com/sun/javafx/tk/quantum/PresentingPainter')}
  0x0000017ac302430c: 85c0 48ba | c024 22db | 7a01 0000 | be68 0b00 | 0075 05be | 780b 0000 | 488b 3c32 | 488d 7f01 
  0x0000017ac302432c: 4889 3c32 | 0f85 be0a | 0000 488b | 9424 e800 | 0000 488b 

  0x0000017ac3024340: ;   {metadata(method elemento for {method} {0x0000017ada99e008} 'run' '()V' in 'com/sun/javafx/tk/quantum/PresentingPainter')}
  0x0000017ac3024340: f248 bfc0 | 2422 db7a | 0100 008b | 7608 41ba | 0000 003d | 4903 f248 | 3bb7 900b | 0000 750d 
  0x0000017ac3024360: 4883 8798 | 0b00 0001 | e960 0000 | 0048 3bb7 | a00b 0000 | 750d 4883 | 87a8 0b00 | 0001 e94a 
  0x0000017ac3024380: 0000 0048 | 83bf 900b | 0000 0075 | 1748 89b7 | 900b 0000 | 48c7 8798 | 0b00 0001 | 0000 00e9 
  0x0000017ac30243a0: 2900 0000 | 4883 bfa0 | 0b00 0000 | 7517 4889 | b7a0 0b00 | 0048 c787 | a80b 0000 | 0100 0000 
  0x0000017ac30243c0: e908 0000 | 0048 8387 | 880b 0000 

  0x0000017ac30243cc: ;   {metadata(method elemento for {method} {0x0000017ada99b510} 'disposePresentable' '()V' in 'com/sun/javafx/tk/quantum/ViewPainter')}
  0x0000017ac30243cc: 0148 be18 | 5322 db7a | 0100 008b | be90 0000 | 0083 c702 | 89be 9000 | 0000 81e7 | feff 1f00 
  0x0000017ac30243ec: 85ff 0f84 | d551 0000 | 8b72 2c48 | c1e6 0348 

  0x0000017ac30243fc: ;   {metadata(method elemento for {method} {0x0000017ada99b510} 'disposePresentable' '()V' in 'com/sun/javafx/tk/quantum/ViewPainter')}
  0x0000017ac30243fc: 85f6 48b8 | 1853 22db | 7a01 0000 | 750c 8088 | d100 0000 | 01e9 c100 | 0000 8b4e | 0841 ba00 
  0x0000017ac302441c: 0000 3d49 | 03ca 483b | 88e0 0000 | 0075 0d48 | 8380 e800 | 0000 01e9 | 6000 0000 | 483b 88f0 
  0x0000017ac302443c: 0000 0075 | 0d48 8380 | f800 0000 | 01e9 4a00 | 0000 4883 | b8e0 0000 | 0000 7517 | 4889 88e0 
  0x0000017ac302445c: 0000 0048 | c780 e800 | 0000 0100 | 0000 e929 | 0000 0048 | 83b8 f000 | 0000 0075 | 1748 8988 
  0x0000017ac302447c: f000 0000 | 48c7 80f8 | 0000 0001 | 0000 00e9 | 0800 0000 | 4883 80d8 | 0000 0001 

  0x0000017ac3024498: ;   {metadata('com/sun/prism/GraphicsResource')}
  0x0000017ac3024498: 48b9 b03a | 4dda 7a01 | 0000 8b46 | 0841 ba00 | 0000 3d49 | 03c2 483b | 4820 0f84 | 2400 0000 
  0x0000017ac30244b8: 483b c10f | 841b 0000 

  0x0000017ac30244c0: ;   {runtime_call C1 Runtime slow_subtype_check_blob}
  0x0000017ac30244c0: 0050 51e8 | 184f ac06 | 5858 85c0 | 0f84 0500 | 0000 e905 | 0000 0048 | 33ff eb05 | bf01 0000 
  0x0000017ac30244e0: ;   {metadata(method elemento for {method} {0x0000017ada99b510} 'disposePresentable' '()V' in 'com/sun/javafx/tk/quantum/ViewPainter')}
  0x0000017ac30244e0: 0085 ff48 | bf18 5322 | db7a 0100 | 00bb 0801 | 0000 7405 | bb18 0100 | 0048 8b04 | 1f48 8d40 
  0x0000017ac3024500: 0148 8904 | 1f0f 8491 | 0100 0048 

  0x0000017ac302450c: ;   {metadata(method elemento for {method} {0x0000017ada99b510} 'disposePresentable' '()V' in 'com/sun/javafx/tk/quantum/ViewPainter')}
  0x0000017ac302450c: 85f6 48bb | 1853 22db | 7a01 0000 | 750c 808b | 2101 0000 | 01e9 c100 | 0000 8b46 | 0841 ba00 
  0x0000017ac302452c: 0000 3d49 | 03c2 483b | 8330 0100 | 0075 0d48 | 8383 3801 | 0000 01e9 | 6000 0000 | 483b 8340 
  0x0000017ac302454c: 0100 0075 | 0d48 8383 | 4801 0000 | 01e9 4a00 | 0000 4883 | bb30 0100 | 0000 7517 | 4889 8330 
  0x0000017ac302456c: 0100 0048 | c783 3801 | 0000 0100 | 0000 e929 | 0000 0048 | 83bb 4001 | 0000 0075 | 1748 8983 
  0x0000017ac302458c: 4001 0000 | 48c7 8348 | 0100 0001 | 0000 00e9 | 0800 0000 | 4883 8328 | 0100 0001 

  0x0000017ac30245a8: ;   {metadata('com/sun/prism/GraphicsResource')}
  0x0000017ac30245a8: 48b8 b03a | 4dda 7a01 | 0000 8b5e | 0841 ba00 | 0000 3d49 | 03da 483b | 4320 0f84 | 1f00 0000 
  0x0000017ac30245c8: 483b d80f | 8416 0000 

  0x0000017ac30245d0: ;   {runtime_call C1 Runtime slow_subtype_check_blob}
  0x0000017ac30245d0: 0053 50e8 | 084e ac06 | 5b5b 85db | 0f84 0850 | 0000 e900 | 0000 0048 | 3b06 488b 

  0x0000017ac30245ec: ;   {metadata(method elemento for {method} {0x0000017ada99b510} 'disposePresentable' '()V' in 'com/sun/javafx/tk/quantum/ViewPainter')}
  0x0000017ac30245ec: fe48 bb18 | 5322 db7a | 0100 008b | 7f08 41ba | 0000 003d | 4903 fa48 | 3bbb 6001 | 0000 750d 
  0x0000017ac302460c: 4883 8368 | 0100 0001 | e960 0000 | 0048 3bbb | 7001 0000 | 750d 4883 | 8378 0100 | 0001 e94a 
  0x0000017ac302462c: 0000 0048 | 83bb 6001 | 0000 0075 | 1748 89bb | 6001 0000 | 48c7 8368 | 0100 0001 | 0000 00e9 
  0x0000017ac302464c: 2900 0000 | 4883 bb70 | 0100 0000 | 7517 4889 | bb70 0100 | 0048 c783 | 7801 0000 | 0100 0000 
  0x0000017ac302466c: e908 0000 | 0048 8383 | 5801 0000 | 0148 8bd6 | 9048 b888 | 9af6 427b 

  0x0000017ac3024684: ;   {virtual_call}
  0x0000017ac3024684: 0100 00e8 

  0x0000017ac3024688: ; ImmutableOopMap {[232]=Oop }
                      ;*invokeinterface dispose {reexecute=0 rethrow=0 return_oop=0}
                      ; - com.sun.javafx.tk.quantum.ViewPainter::disposePresentable@17 (line 421)
                      ; - com.sun.javafx.tk.quantum.PresentingPainter::run@460 (line 108)
  0x0000017ac3024688: 54aa 9f06 

  0x0000017ac302468c: ;   {post_call_nop}
  0x0000017ac302468c: 0f1f 8400 | 0459 0029 | 488b 9424 | e800 0000 | 410f be77 | 4885 f60f | 854f 4f00 | 00c7 422c 
  0x0000017ac30246ac: 0000 0000 | 8b72 2848 | c1e6 0348 | 3b06 488b 

  0x0000017ac30246bc: ;   {metadata(method elemento for {method} {0x0000017ada99e008} 'run' '()V' in 'com/sun/javafx/tk/quantum/PresentingPainter')}
  0x0000017ac30246bc: fe48 bbc0 | 2422 db7a 

  0x0000017ac30246c4: ;   {metadata('com/sun/javafx/tk/quantum/SceneState')}
  0x0000017ac30246c4: 0100 0049 | ba68 6914 | 3e00 0000 | 004c 8993 | c00b 0000 | 4883 83c8 | 0b00 0001 | 8b76 6c48 
  0x0000017ac30246e4: c1e6 0348 | 3b06 488b 

  0x0000017ac30246ec: ;   {metadata(method elemento for {method} {0x0000017ada99e008} 'run' '()V' in 'com/sun/javafx/tk/quantum/PresentingPainter')}
  0x0000017ac30246ec: fe48 bbc0 | 2422 db7a | 0100 008b | 7f08 41ba | 0000 003d | 4903 fa48 | 3bbb f00b | 0000 750d 
  0x0000017ac302470c: 4883 83f8 | 0b00 0001 | e960 0000 | 0048 3bbb | 000c 0000 | 750d 4883 | 8308 0c00 | 0001 e94a 
  0x0000017ac302472c: 0000 0048 | 83bb f00b | 0000 0075 | 1748 89bb | f00b 0000 | 48c7 83f8 | 0b00 0001 | 0000 00e9 
  0x0000017ac302474c: 2900 0000 | 4883 bb00 | 0c00 0000 | 7517 4889 | bb00 0c00 | 0048 c783 | 080c 0000 | 0100 0000 
  0x0000017ac302476c: e908 0000 | 0048 8383 | e80b 0000 

  0x0000017ac3024778: ;   {metadata(method elemento for {method} {0x0000017ada4eb4d0} 'entireSceneNeedsRepaint' '()V' in 'com/sun/javafx/tk/quantum/GlassScene')}
  0x0000017ac3024778: 0148 bfc0 | 8a21 db7a | 0100 008b | 9f90 0000 | 0083 c302 | 899f 9000 | 0000 81e3 | feff 1f00 
  0x0000017ac3024798: 85db 0f84 | 814e 0000 

  0x0000017ac30247a0: ;   {metadata(method elemento for {method} {0x0000017ada4eb4d0} 'entireSceneNeedsRepaint' '()V' in 'com/sun/javafx/tk/quantum/GlassScene')}
  0x0000017ac30247a0: 48bf c08a | 21db 7a01 | 0000 4883 | 87d8 0000 

  0x0000017ac30247b0: ;   {metadata(method elemento for {method} {0x0000017ada652050} 'isFxApplicationThread' '()Z' in 'javafx/application/Platform')}
  0x0000017ac30247b0: 0001 48bf | c08f 21db | 7a01 0000 | 8b9f 9000 | 0000 83c3 | 0289 9f90 | 0000 0081 | e3fe ff1f 
  0x0000017ac30247d0: 0085 db0f | 8469 4e00 

  0x0000017ac30247d8: ;   {metadata(method elemento for {method} {0x0000017ada652050} 'isFxApplicationThread' '()Z' in 'javafx/application/Platform')}
  0x0000017ac30247d8: 0048 bfc0 | 8f21 db7a | 0100 0048 | 8387 d800 

  0x0000017ac30247e8: ;   {metadata(method elemento for {method} {0x0000017ada41fa78} 'isFxApplicationThread' '()Z' in 'com/sun/javafx/application/PlatformImpl')}
  0x0000017ac30247e8: 0000 0148 | bfa0 4e21 | db7a 0100 | 008b 9f90 | 0000 0083 | c302 899f | 9000 0000 | 81e3 feff 
  0x0000017ac3024808: 1f00 85db | 0f84 514e 

  0x0000017ac3024810: ;   {metadata(method elemento for {method} {0x0000017ada41fa78} 'isFxApplicationThread' '()Z' in 'com/sun/javafx/application/PlatformImpl')}
  0x0000017ac3024810: 0000 48bf | a04e 21db | 7a01 0000 | 4883 87d8 | 0000 0001 | 4889 b424 | 4801 0000 

  0x0000017ac302482c: ;   {static_call}
  0x0000017ac302482c: 6666 90e8 

  0x0000017ac3024830: ; ImmutableOopMap {[232]=Oop [328]=Oop }
                      ;*invokestatic getToolkit {reexecute=0 rethrow=0 return_oop=0}
                      ; - com.sun.javafx.application.PlatformImpl::isFxApplicationThread@0 (line 427)
                      ; - javafx.application.Platform::isFxApplicationThread@0 (line 200)
                      ; - com.sun.javafx.tk.quantum.GlassScene::entireSceneNeedsRepaint@0 (line 228)
                      ; - com.sun.javafx.tk.quantum.PresentingPainter::run@470 (line 109)
  0x0000017ac3024830: acab 9f06 

  0x0000017ac3024834: ;   {post_call_nop}
  0x0000017ac3024834: 0f1f 8400 | ac5a 002a 

  0x0000017ac302483c: ; implicit exception: dispatches to 0x0000017ac3029684
                      ;   {metadata(method elemento for {method} {0x0000017ada41fa78} 'isFxApplicationThread' '()Z' in 'com/sun/javafx/application/PlatformImpl')}
  0x0000017ac302483c: 483b 0049 | b8a0 4e21 | db7a 0100 | 008b 4008 | 41ba 0000 | 003d 4903 | c249 3b80 | f000 0000 
  0x0000017ac302485c: 750d 4983 | 80f8 0000 | 0001 e960 | 0000 0049 | 3b80 0001 | 0000 750d | 4983 8008 | 0100 0001 
  0x0000017ac302487c: e94a 0000 | 0049 83b8 | f000 0000 | 0075 1749 | 8980 f000 | 0000 49c7 | 80f8 0000 | 0001 0000 
  0x0000017ac302489c: 00e9 2900 | 0000 4983 | b800 0100 | 0000 7517 | 4989 8000 | 0100 0049 | c780 0801 | 0000 0100 
  0x0000017ac30248bc: 0000 e908 | 0000 0049 | 8380 e800 

  0x0000017ac30248c8: ;   {metadata(method elemento for {method} {0x0000017ada442d28} 'isFxUserThread' '()Z' in 'com/sun/javafx/tk/Toolkit')}
  0x0000017ac30248c8: 0000 0149 | b898 61e5 | da7a 0100 | 0041 8b90 | 9000 0000 | 83c2 0241 | 8990 9000 | 0000 81e2 
  0x0000017ac30248e8: feff 1f00 | 85d2 0f84 | 954d 0000 

  0x0000017ac30248f4: ;   {metadata(method elemento for {method} {0x0000017ada442d28} 'isFxUserThread' '()Z' in 'com/sun/javafx/tk/Toolkit')}
  0x0000017ac30248f4: 49b8 9861 | e5da 7a01 | 0000 4983 | 80d8 0000 

  0x0000017ac3024904: ;   {oop(a 'java/lang/Class'{0x0000000705c51f10} = 'com/sun/javafx/tk/Toolkit')}
  0x0000017ac3024904: 0001 49b8 | 101f c505 | 0700 0000 | 458b 8080 | 0000 0049 | c1e0 0349 | 8b97 1004 | 0000 488b 
  0x0000017ac3024924: 1249 3bd0 

  0x0000017ac3024928: ;   {metadata(method elemento for {method} {0x0000017ada442d28} 'isFxUserThread' '()Z' in 'com/sun/javafx/tk/Toolkit')}
  0x0000017ac3024928: 49b8 9861 | e5da 7a01 | 0000 bae8 | 0000 0075 | 05ba f800 | 0000 498b | 3410 488d | 7601 4989 
  0x0000017ac3024948: 3410 0f85 | 1c00 0000 

  0x0000017ac3024950: ;   {metadata(method elemento for {method} {0x0000017ada442d28} 'isFxUserThread' '()Z' in 'com/sun/javafx/tk/Toolkit')}
  0x0000017ac3024950: 49b8 9861 | e5da 7a01 | 0000 41ff | 8008 0100 | 0041 b801 | 0000 00e9 | 0600 0000 | 41b8 0000 
  0x0000017ac3024970: 0000 4183 | e001 4183 | e001 4183 | e001 4585 

  0x0000017ac3024980: ;   {metadata(method elemento for {method} {0x0000017ada4eb4d0} 'entireSceneNeedsRepaint' '()V' in 'com/sun/javafx/tk/quantum/GlassScene')}
  0x0000017ac3024980: c049 b8c0 | 8a21 db7a | 0100 00ba | e800 0000 | 7405 baf8 | 0000 0049 | 8b34 1048 | 8d76 0149 
  0x0000017ac30249a0: 8934 1048 | 8bb4 2448 | 0100 000f | 8410 0300 | 0041 b801 | 0000 0044 | 8846 0cf0 | 8344 24c0 
  0x0000017ac30249c0: 004c 8bc6 

  0x0000017ac30249c4: ;   {metadata(method elemento for {method} {0x0000017ada4eb4d0} 'entireSceneNeedsRepaint' '()V' in 'com/sun/javafx/tk/quantum/GlassScene')}
  0x0000017ac30249c4: 48ba c08a | 21db 7a01 | 0000 458b | 4008 41ba | 0000 003d | 4d03 c24c | 3b82 1001 | 0000 750d 
  0x0000017ac30249e4: 4883 8218 | 0100 0001 | e960 0000 | 004c 3b82 | 2001 0000 | 750d 4883 | 8228 0100 | 0001 e94a 
  0x0000017ac3024a04: 0000 0048 | 83ba 1001 | 0000 0075 | 174c 8982 | 1001 0000 | 48c7 8218 | 0100 0001 | 0000 00e9 
  0x0000017ac3024a24: 2900 0000 | 4883 ba20 | 0100 0000 | 7517 4c89 | 8220 0100 | 0048 c782 | 2801 0000 | 0100 0000 
  0x0000017ac3024a44: e908 0000 | 0048 8382 | 0801 0000 

  0x0000017ac3024a50: ;   {metadata(method elemento for {method} {0x0000017ada4ebca8} 'sceneChanged' '()V' in 'com/sun/javafx/tk/quantum/GlassScene')}
  0x0000017ac3024a50: 0149 b8a8 | 9e1c db7a | 0100 0041 | 8b90 9000 | 0000 83c2 | 0241 8990 | 9000 0000 | 81e2 feff 
  0x0000017ac3024a70: 1f00 85d2 | 0f84 304c | 0000 448b | 4610 49c1 | e003 4d85 

  0x0000017ac3024a84: ;   {metadata(method elemento for {method} {0x0000017ada4ebca8} 'sceneChanged' '()V' in 'com/sun/javafx/tk/quantum/GlassScene')}
  0x0000017ac3024a84: c049 b8a8 | 9e1c db7a | 0100 00ba | d800 0000 | 7405 bae8 | 0000 0049 | 8b3c 1048 | 8d7f 0149 
  0x0000017ac3024aa4: 893c 100f | 840d 0100 

  0x0000017ac3024aac: ;   {metadata(method elemento for {method} {0x0000017ada4ebca8} 'sceneChanged' '()V' in 'com/sun/javafx/tk/quantum/GlassScene')}
  0x0000017ac3024aac: 0049 b8a8 | 9e1c db7a | 0100 0049 | 8380 f800 

  0x0000017ac3024abc: ;   {metadata(method elemento for {method} {0x0000017ada4e6d08} 'getInstance' '()Lcom/sun/javafx/tk/quantum/PaintCollector;' in 'com/sun/javafx/tk/quantum/PaintCollector')}
  0x0000017ac3024abc: 0000 0149 | b800 491c | db7a 0100 | 0041 8b90 | 9000 0000 | 83c2 0241 | 8990 9000 | 0000 81e2 
  0x0000017ac3024adc: feff 1f00 | 85d2 0f84 | e34b 0000 

  0x0000017ac3024ae8: ;   {oop(a 'java/lang/Class'{0x00000007062b98c8} = 'com/sun/javafx/tk/quantum/PaintCollector')}
  0x0000017ac3024ae8: 49b8 c898 | 2b06 0700 | 0000 418b | 5078 48c1 | e203 483b | 024c 8bc2 

  0x0000017ac3024b00: ;   {metadata(method elemento for {method} {0x0000017ada4ebca8} 'sceneChanged' '()V' in 'com/sun/javafx/tk/quantum/GlassScene')}
  0x0000017ac3024b00: 48bf a89e | 1cdb 7a01 | 0000 458b | 4008 41ba | 0000 003d | 4d03 c24c | 3b87 1001 | 0000 750d 
  0x0000017ac3024b20: 4883 8718 | 0100 0001 | e960 0000 | 004c 3b87 | 2001 0000 | 750d 4883 | 8728 0100 | 0001 e94a 
  0x0000017ac3024b40: 0000 0048 | 83bf 1001 | 0000 0075 | 174c 8987 | 1001 0000 | 48c7 8718 | 0100 0001 | 0000 00e9 
  0x0000017ac3024b60: 2900 0000 | 4883 bf20 | 0100 0000 | 7517 4c89 | 8720 0100 | 0048 c787 | 2801 0000 | 0100 0000 
  0x0000017ac3024b80: e908 0000 | 0048 8387 | 0801 0000 | 014c 8bc6 | 0f1f 8000 

  0x0000017ac3024b94: ;   {optimized virtual_call}
  0x0000017ac3024b94: 0000 00e8 

  0x0000017ac3024b98: ; ImmutableOopMap {[232]=Oop }
                      ;*invokevirtual addDirtyScene {reexecute=0 rethrow=0 return_oop=0}
                      ; - com.sun.javafx.tk.quantum.GlassScene::sceneChanged@11 (line 317)
                      ; - com.sun.javafx.tk.quantum.GlassScene::entireSceneNeedsRepaint@12 (line 230)
                      ; - com.sun.javafx.tk.quantum.PresentingPainter::run@470 (line 109)
  0x0000017ac3024b98: 44a2 9f06 

  0x0000017ac3024b9c: ;   {post_call_nop}
  0x0000017ac3024b9c: 0f1f 8400 | 145e 002b 

  0x0000017ac3024ba4: ;   {metadata(method elemento for {method} {0x0000017ada4ebca8} 'sceneChanged' '()V' in 'com/sun/javafx/tk/quantum/GlassScene')}
  0x0000017ac3024ba4: 49b8 a89e | 1cdb 7a01 | 0000 41ff | 8038 0100 | 00e9 f200 

  0x0000017ac3024bb8: ;   {metadata(method elemento for {method} {0x0000017ada4ebca8} 'sceneChanged' '()V' in 'com/sun/javafx/tk/quantum/GlassScene')}
  0x0000017ac3024bb8: 0000 49b8 | a89e 1cdb | 7a01 0000 | 4983 8050 | 0100 0001 

  0x0000017ac3024bcc: ;   {metadata(method elemento for {method} {0x0000017ada4e6d08} 'getInstance' '()Lcom/sun/javafx/tk/quantum/PaintCollector;' in 'com/sun/javafx/tk/quantum/PaintCollector')}
  0x0000017ac3024bcc: 49b8 0049 | 1cdb 7a01 | 0000 418b | 9090 0000 | 0083 c202 | 4189 9090 | 0000 0081 | e2fe ff1f 
  0x0000017ac3024bec: 0085 d20f | 84fc 4a00 

  0x0000017ac3024bf4: ;   {oop(a 'java/lang/Class'{0x00000007062b98c8} = 'com/sun/javafx/tk/quantum/PaintCollector')}
  0x0000017ac3024bf4: 0049 b8c8 | 982b 0607 | 0000 0041 | 8b50 7848 | c1e2 0348 | 3b02 4c8b 

  0x0000017ac3024c0c: ;   {metadata(method elemento for {method} {0x0000017ada4ebca8} 'sceneChanged' '()V' in 'com/sun/javafx/tk/quantum/GlassScene')}
  0x0000017ac3024c0c: c248 bfa8 | 9e1c db7a | 0100 0045 | 8b40 0841 | ba00 0000 | 3d4d 03c2 | 4c3b 8768 | 0100 0075 
  0x0000017ac3024c2c: 0d48 8387 | 7001 0000 | 01e9 6000 | 0000 4c3b | 8778 0100 | 0075 0d48 | 8387 8001 | 0000 01e9 
  0x0000017ac3024c4c: 4a00 0000 | 4883 bf68 | 0100 0000 | 7517 4c89 | 8768 0100 | 0048 c787 | 7001 0000 | 0100 0000 
  0x0000017ac3024c6c: e929 0000 | 0048 83bf | 7801 0000 | 0075 174c | 8987 7801 | 0000 48c7 | 8780 0100 | 0001 0000 
  0x0000017ac3024c8c: 00e9 0800 | 0000 4883 | 8760 0100 | 0001 4c8b 

  0x0000017ac3024c9c: ;   {optimized virtual_call}
  0x0000017ac3024c9c: c666 90e8 

  0x0000017ac3024ca0: ; ImmutableOopMap {[232]=Oop }
                      ;*invokevirtual removeDirtyScene {reexecute=0 rethrow=0 return_oop=0}
                      ; - com.sun.javafx.tk.quantum.GlassScene::sceneChanged@21 (line 322)
                      ; - com.sun.javafx.tk.quantum.GlassScene::entireSceneNeedsRepaint@12 (line 230)
                      ; - com.sun.javafx.tk.quantum.PresentingPainter::run@470 (line 109)
  0x0000017ac3024ca0: 3ca1 9f06 

  0x0000017ac3024ca4: ;   {post_call_nop}
  0x0000017ac3024ca4: 0f1f 8400 | 1c5f 002c 

  0x0000017ac3024cac: ;   {metadata(method elemento for {method} {0x0000017ada4eb4d0} 'entireSceneNeedsRepaint' '()V' in 'com/sun/javafx/tk/quantum/GlassScene')}
  0x0000017ac3024cac: 48ba c08a | 21db 7a01 | 0000 ff82 | 3801 0000 | e933 0100 | 000f 1f80 | 0000 0000 

  0x0000017ac3024cc8: ;   {other}
  0x0000017ac3024cc8: e959 4a00 | 0090 9090 | 9090 488b 

  0x0000017ac3024cd4: ;   {static_call}
  0x0000017ac3024cd4: d666 90e8 

  0x0000017ac3024cd8: ; ImmutableOopMap {[232]=Oop }
                      ;*invokedynamic {reexecute=0 rethrow=0 return_oop=0}
                      ; - com.sun.javafx.tk.quantum.GlassScene::entireSceneNeedsRepaint@19 (line 232)
                      ; - com.sun.javafx.tk.quantum.PresentingPainter::run@470 (line 109)
  0x0000017ac3024cd8: 04a7 9f06 

  0x0000017ac3024cdc: ;   {post_call_nop}
  0x0000017ac3024cdc: 0f1f 8400 | 545f 002d 

  0x0000017ac3024ce4: ;   {metadata(method elemento for {method} {0x0000017ada4eb4d0} 'entireSceneNeedsRepaint' '()V' in 'com/sun/javafx/tk/quantum/GlassScene')}
  0x0000017ac3024ce4: 48ba c08a | 21db 7a01 | 0000 488d | 9270 0100 | 0048 85c0 | 750c f602 | 0175 4af0 | 4883 0a01 
  0x0000017ac3024d04: eb43 448b | 4008 41ba | 0000 003d | 4d03 c24d | 8bd0 4c33 | 0249 f7c0 | fcff ffff | 7427 41f6 
  0x0000017ac3024d24: c002 7521 | 48f7 02fe | ffff ff74 | 154d 8bc2 | 4c33 0249 | f7c0 fcff | ffff 7409 | 4883 0a02 
  0x0000017ac3024d44: eb03 4c89 

  0x0000017ac3024d48: ;   {metadata(method elemento for {method} {0x0000017ada4eb4d0} 'entireSceneNeedsRepaint' '()V' in 'com/sun/javafx/tk/quantum/GlassScene')}
  0x0000017ac3024d48: 0248 bac0 | 8a21 db7a | 0100 0048 | 8382 8001 

  0x0000017ac3024d58: ;   {metadata(method elemento for {method} {0x0000017ada657f00} 'runLater' '(Ljava/lang/Runnable;)V' in 'javafx/application/Platform')}
  0x0000017ac3024d58: 0000 0148 | baf0 971c | db7a 0100 | 0044 8b82 | 9000 0000 | 4183 c002 | 4489 8290 | 0000 0041 
  0x0000017ac3024d78: 81e0 feff | 1f00 4585 | c00f 84a9 

  0x0000017ac3024d84: ;   {metadata(method elemento for {method} {0x0000017ada657f00} 'runLater' '(Ljava/lang/Runnable;)V' in 'javafx/application/Platform')}
  0x0000017ac3024d84: 4900 0048 | baf0 971c | db7a 0100 | 0048 8382 | d800 0000 

  0x0000017ac3024d98: ;   {metadata(method elemento for {method} {0x0000017ada41fb18} 'runLater' '(Ljava/lang/Runnable;)V' in 'com/sun/javafx/application/PlatformImpl')}
  0x0000017ac3024d98: 0148 ba18 | 991c db7a | 0100 0044 | 8b82 9000 | 0000 4183 | c002 4489 | 8290 0000 | 0041 81e0 
  0x0000017ac3024db8: feff 1f00 | 4585 c00f | 848c 4900 

  0x0000017ac3024dc4: ;   {metadata(method elemento for {method} {0x0000017ada41fb18} 'runLater' '(Ljava/lang/Runnable;)V' in 'com/sun/javafx/application/PlatformImpl')}
  0x0000017ac3024dc4: 0048 ba18 | 991c db7a | 0100 0048 | 8382 d800 | 0000 0148 | 8bd0 41b8 | 0000 0000 | 0f1f 8000 
  0x0000017ac3024de4: ;   {static_call}
  0x0000017ac3024de4: 0000 00e8 

  0x0000017ac3024de8: ; ImmutableOopMap {[232]=Oop }
                      ;*invokestatic runLater {reexecute=0 rethrow=0 return_oop=0}
                      ; - com.sun.javafx.application.PlatformImpl::runLater@2 (line 431)
                      ; - javafx.application.Platform::runLater@1 (line 168)
                      ; - com.sun.javafx.tk.quantum.GlassScene::entireSceneNeedsRepaint@24 (line 232)
                      ; - com.sun.javafx.tk.quantum.PresentingPainter::run@470 (line 109)
  0x0000017ac3024de8: f4a5 9f06 

  0x0000017ac3024dec: ;   {post_call_nop}
  0x0000017ac3024dec: 0f1f 8400 | 6460 002e 

  0x0000017ac3024df4: ;   {metadata(method elemento for {method} {0x0000017ada99e008} 'run' '()V' in 'com/sun/javafx/tk/quantum/PresentingPainter')}
  0x0000017ac3024df4: 48be c024 | 22db 7a01 | 0000 4883 | 8618 0c00 

  0x0000017ac3024e04: ;   {static_call}
  0x0000017ac3024e04: 0001 90e8 

  0x0000017ac3024e08: ; ImmutableOopMap {[232]=Oop }
                      ;*invokestatic cleanUp {reexecute=0 rethrow=0 return_oop=0}
                      ; - com.sun.javafx.tk.quantum.PresentingPainter::run@473 (line 117)
  0x0000017ac3024e08: 74b0 0100 

  0x0000017ac3024e0c: ;   {post_call_nop}
  0x0000017ac3024e0c: 0f1f 8400 | 8460 002f 

  0x0000017ac3024e14: ;   {metadata(method elemento for {method} {0x0000017ada99e008} 'run' '()V' in 'com/sun/javafx/tk/quantum/PresentingPainter')}
  0x0000017ac3024e14: 49b8 c024 | 22db 7a01 | 0000 41ff | 8038 0c00 | 0048 8b94 | 24e8 0000 | 0044 8b42 | 2849 c1e0 
  0x0000017ac3024e34: 0349 3b00 

  0x0000017ac3024e38: ;   {metadata(method elemento for {method} {0x0000017ada99e008} 'run' '()V' in 'com/sun/javafx/tk/quantum/PresentingPainter')}
  0x0000017ac3024e38: 498b f048 | bfc0 2422 | db7a 0100 | 008b 7608 | 41ba 0000 | 003d 4903 | f248 3bb7 | 500c 0000 
  0x0000017ac3024e58: 750d 4883 | 8758 0c00 | 0001 e960 | 0000 0048 | 3bb7 600c | 0000 750d | 4883 8768 | 0c00 0001 
  0x0000017ac3024e78: e94a 0000 | 0048 83bf | 500c 0000 | 0075 1748 | 89b7 500c | 0000 48c7 | 8758 0c00 | 0001 0000 
  0x0000017ac3024e98: 00e9 2900 | 0000 4883 | bf60 0c00 | 0000 7517 | 4889 b760 | 0c00 0048 | c787 680c | 0000 0100 
  0x0000017ac3024eb8: 0000 e908 | 0000 0048 | 8387 480c 

  0x0000017ac3024ec4: ;   {metadata(method elemento for {method} {0x0000017ada9a3998} 'unlock' '()V' in 'com/sun/prism/PresentableState')}
  0x0000017ac3024ec4: 0000 0148 | be10 5f22 | db7a 0100 | 008b be90 | 0000 0083 | c702 89be | 9000 0000 | 81e7 feff 
  0x0000017ac3024ee4: 1f00 85ff | 0f84 8948 | 0000 418b | 5868 48c1 | e303 4885 

  0x0000017ac3024ef8: ;   {metadata(method elemento for {method} {0x0000017ada9a3998} 'unlock' '()V' in 'com/sun/prism/PresentableState')}
  0x0000017ac3024ef8: db49 b810 | 5f22 db7a | 0100 00be | d800 0000 | 7405 bee8 | 0000 0049 | 8b3c 3048 | 8d7f 0149 
  0x0000017ac3024f18: 893c 300f | 8473 0100 | 0048 3b03 

  0x0000017ac3024f24: ;   {metadata(method elemento for {method} {0x0000017ada9a3998} 'unlock' '()V' in 'com/sun/prism/PresentableState')}
  0x0000017ac3024f24: 4c8b c348 | be10 5f22 | db7a 0100 | 0045 8b40 | 0841 ba00 | 0000 3d4d | 03c2 4c3b | 8600 0100 
  0x0000017ac3024f44: 0075 0d48 | 8386 0801 | 0000 01e9 | 6000 0000 | 4c3b 8610 | 0100 0075 | 0d48 8386 | 1801 0000 
  0x0000017ac3024f64: 01e9 4a00 | 0000 4883 | be00 0100 | 0000 7517 | 4c89 8600 | 0100 0048 | c786 0801 | 0000 0100 
  0x0000017ac3024f84: 0000 e929 | 0000 0048 | 83be 1001 | 0000 0075 | 174c 8986 | 1001 0000 | 48c7 8618 | 0100 0001 
  0x0000017ac3024fa4: 0000 00e9 | 0800 0000 | 4883 86f8 | 0000 0001 

  0x0000017ac3024fb4: ;   {metadata(method elemento for {method} {0x0000017ada4f9778} 'unlock' '()V' in 'com/sun/glass/ui/View')}
  0x0000017ac3024fb4: 49b8 7860 | 22db 7a01 | 0000 418b | b090 0000 | 0083 c602 | 4189 b090 | 0000 0081 | e6fe ff1f 
  0x0000017ac3024fd4: 0085 f60f | 84c0 4700 | 004c 8bc3 

  0x0000017ac3024fe0: ;   {metadata(method elemento for {method} {0x0000017ada4f9778} 'unlock' '()V' in 'com/sun/glass/ui/View')}
  0x0000017ac3024fe0: 48be 7860 | 22db 7a01 | 0000 4883 | 86d8 0000 

  0x0000017ac3024ff0: ;   {metadata(method elemento for {method} {0x0000017ada4f7860} 'checkNotClosed' '()V' in 'com/sun/glass/ui/View')}
  0x0000017ac3024ff0: 0001 49b8 | f032 18db | 7a01 0000 | 418b b090 | 0000 0083 | c602 4189 | b090 0000 | 0081 e6fe 
  0x0000017ac3025010: ff1f 0085 | f60f 84a3 | 4700 00c5 | fb10 4310 | c4c1 f97e | c049 83f8 

  0x0000017ac3025028: ;   {metadata(method elemento for {method} {0x0000017ada4f7860} 'checkNotClosed' '()V' in 'com/sun/glass/ui/View')}
  0x0000017ac3025028: 0049 b8f0 | 3218 db7a | 0100 00be | e800 0000 | 7405 bed8 | 0000 0049 | 8b3c 3048 | 8d7f 0149 
  0x0000017ac3025048: 893c 300f | 8490 0d00 | 00c5 fb10 | 4310 c4c1 | f97e c048 

  0x0000017ac302505c: ;   {metadata(method elemento for {method} {0x0000017ada4f9778} 'unlock' '()V' in 'com/sun/glass/ui/View')}
  0x0000017ac302505c: 8bf3 48bf | 7860 22db | 7a01 0000 

  0x0000017ac3025068: ;   {metadata('com/sun/glass/ui/win/WinView')}
  0x0000017ac3025068: 49ba c877 | 053e 0000 | 0000 4c89 | 9710 0100 | 0048 8387 | 1801 0000 | 0148 8bd3 

  0x0000017ac3025084: ;   {optimized virtual_call}
  0x0000017ac3025084: 6666 90e8 

  0x0000017ac3025088: ; ImmutableOopMap {[232]=Oop }
                      ;*invokevirtual _end {reexecute=0 rethrow=0 return_oop=0}
                      ; - com.sun.glass.ui.View::unlock@9 (line 742)
                      ; - com.sun.prism.PresentableState::unlock@11 (line 296)
                      ; - com.sun.javafx.tk.quantum.PresentingPainter::run@484 (line 120)
  0x0000017ac3025088: 841f 2607 

  0x0000017ac302508c: ;   {post_call_nop}
  0x0000017ac302508c: 0f1f 8400 | 0463 0030 | 488b 9424 | e800 0000 | 448b 4228 | 49c1 e003 

  0x0000017ac30250a4: ; implicit exception: dispatches to 0x0000017ac30297df
  0x0000017ac30250a4: 493b 0049 

  0x0000017ac30250a8: ;   {metadata(method elemento for {method} {0x0000017ada99e008} 'run' '()V' in 'com/sun/javafx/tk/quantum/PresentingPainter')}
  0x0000017ac30250a8: 8bf0 48bf | c024 22db | 7a01 0000 

  0x0000017ac30250b4: ;   {metadata('com/sun/javafx/tk/quantum/SceneState')}
  0x0000017ac30250b4: 49ba 6869 | 143e 0000 | 0000 4c89 | 9780 0c00 | 0048 8387 | 880c 0000 | 0145 8b40 | 6c49 c1e0 
  0x0000017ac30250d4: 034d 85c0 

  0x0000017ac30250d8: ;   {metadata(method elemento for {method} {0x0000017ada99e008} 'run' '()V' in 'com/sun/javafx/tk/quantum/PresentingPainter')}
  0x0000017ac30250d8: 48bf c024 | 22db 7a01 | 0000 750c | 808f a10c | 0000 01e9 | a800 0000 | 418b 5808 | 41ba 0000 
  0x0000017ac30250f8: 003d 4903 | da48 3b9f | b00c 0000 | 750d 4883 | 87b8 0c00 | 0001 e960 | 0000 0048 | 3b9f c00c 
  0x0000017ac3025118: 0000 750d | 4883 87c8 | 0c00 0001 | e94a 0000 | 0048 83bf | b00c 0000 | 0075 1748 | 899f b00c 
  0x0000017ac3025138: 0000 48c7 | 87b8 0c00 | 0001 0000 | 00e9 2900 | 0000 4883 | bfc0 0c00 | 0000 7517 | 4889 9fc0 
  0x0000017ac3025158: 0c00 0048 | c787 c80c | 0000 0100 | 0000 e908 | 0000 0048 | 8387 a80c 

  0x0000017ac3025170: ;   {metadata('com/sun/javafx/tk/quantum/ViewScene')}
  0x0000017ac3025170: 0000 0148 | bbf0 1814 | 3e00 0000 | 0041 8b70 | 0841 ba00 | 0000 3d49 | 03f2 483b | de0f 8551 
  0x0000017ac3025190: 4600 00e9 | 0000 0000 

  0x0000017ac3025198: ; implicit exception: dispatches to 0x0000017ac30297ed
  0x0000017ac3025198: 493b 0049 

  0x0000017ac302519c: ;   {metadata(method elemento for {method} {0x0000017ada99e008} 'run' '()V' in 'com/sun/javafx/tk/quantum/PresentingPainter')}
  0x0000017ac302519c: 8bf0 48bf | c024 22db | 7a01 0000 | 8b76 0841 | ba00 0000 | 3d49 03f2 | 483b b7e0 | 0c00 0075 
  0x0000017ac30251bc: 0d48 8387 | e80c 0000 | 01e9 6000 | 0000 483b | b7f0 0c00 | 0075 0d48 | 8387 f80c | 0000 01e9 
  0x0000017ac30251dc: 4a00 0000 | 4883 bfe0 | 0c00 0000 | 7517 4889 | b7e0 0c00 | 0048 c787 | e80c 0000 | 0100 0000 
  0x0000017ac30251fc: e929 0000 | 0048 83bf | f00c 0000 | 0075 1748 | 89b7 f00c | 0000 48c7 | 87f8 0c00 | 0001 0000 
  0x0000017ac302521c: 00e9 0800 | 0000 4883 | 87d8 0c00 

  0x0000017ac3025228: ;   {metadata(method elemento for {method} {0x0000017ada4eba90} 'setPainting' '(Z)Z' in 'com/sun/javafx/tk/quantum/GlassScene')}
  0x0000017ac3025228: 0001 48be | e072 1ddb | 7a01 0000 | 8bbe 9000 | 0000 83c7 | 0289 be90 | 0000 0081 | e7fe ff1f 
  0x0000017ac3025248: 0085 ff0f | 84a1 4500 | 0041 8b58 | 3848 c1e3 | 0348 3b03 

  0x0000017ac302525c: ;   {metadata(method elemento for {method} {0x0000017ada4eba90} 'setPainting' '(Z)Z' in 'com/sun/javafx/tk/quantum/GlassScene')}
  0x0000017ac302525c: 4c8b c348 | bee0 721d | db7a 0100 | 0045 8b40 | 0841 ba00 | 0000 3d4d | 03c2 4c3b | 86e0 0000 
  0x0000017ac302527c: 0075 0d48 | 8386 e800 | 0000 01e9 | 6000 0000 | 4c3b 86f0 | 0000 0075 | 0d48 8386 | f800 0000 
  0x0000017ac302529c: 01e9 4a00 | 0000 4883 | bee0 0000 | 0000 7517 | 4c89 86e0 | 0000 0048 | c786 e800 | 0000 0100 
  0x0000017ac30252bc: 0000 e929 | 0000 0048 | 83be f000 | 0000 0075 | 174c 8986 | f000 0000 | 48c7 86f8 | 0000 0001 
  0x0000017ac30252dc: 0000 00e9 | 0800 0000 | 4883 86d8 | 0000 0001 

  0x0000017ac30252ec: ;   {metadata(method elemento for {method} {0x0000017ada0e7318} 'getAndSet' '(Z)Z' in 'java/util/concurrent/atomic/AtomicBoolean')}
  0x0000017ac30252ec: 49b8 e8a6 | d1da 7a01 | 0000 418b | b090 0000 | 0083 c602 | 4189 b090 | 0000 0081 | e6fe ff1f 
  0x0000017ac302530c: 0085 f60f | 8403 4500 

  0x0000017ac3025314: ;   {metadata(method elemento for {method} {0x0000017ada0e7318} 'getAndSet' '(Z)Z' in 'java/util/concurrent/atomic/AtomicBoolean')}
  0x0000017ac3025314: 0049 b8e8 | a6d1 da7a | 0100 0041 | ff80 d800 

  0x0000017ac3025324: ;   {metadata(method elemento for {method} {0x0000017ada0e7318} 'getAndSet' '(Z)Z' in 'java/util/concurrent/atomic/AtomicBoolean')}
  0x0000017ac3025324: 0000 49b8 | e8a6 d1da | 7a01 0000 | 4983 8010 | 0100 0001 

  0x0000017ac3025338: ;   {metadata(method elemento for {method} {0x000000003d28f1b0} 'guard_LI_I' '(Ljava/lang/invoke/VarHandle;Ljava/lang/Object;ILjava/lang/invoke/VarHandle$AccessDescriptor;)I' in 'java/lang/invoke/VarHandleGuards')}
  0x0000017ac3025338: 49b8 2092 | 07da 7a01 | 0000 418b | b090 0000 | 0083 c602 | 4189 b090 | 0000 0081 | e6fe ff1f 
  0x0000017ac3025358: 0085 f60f | 84d8 4400 

  0x0000017ac3025360: ;   {oop(a 'java/lang/invoke/VarHandleInts$FieldInstanceReadWrite'{0x0000000705e51988})}
  0x0000017ac3025360: 0049 b888 | 19e5 0507 

  0x0000017ac3025368: ;   {metadata(method elemento for {method} {0x000000003d28f1b0} 'guard_LI_I' '(Ljava/lang/invoke/VarHandle;Ljava/lang/Object;ILjava/lang/invoke/VarHandle$AccessDescriptor;)I' in 'java/lang/invoke/VarHandleGuards')}
  0x0000017ac3025368: 0000 0048 | be20 9207 | da7a 0100 | 0045 8b40 | 0841 ba00 | 0000 3d4d | 03c2 4c3b | 86e0 0000 
  0x0000017ac3025388: 0075 0d48 | 8386 e800 | 0000 01e9 | 6000 0000 | 4c3b 86f0 | 0000 0075 | 0d48 8386 | f800 0000 
  0x0000017ac30253a8: 01e9 4a00 | 0000 4883 | bee0 0000 | 0000 7517 | 4c89 86e0 | 0000 0048 | c786 e800 | 0000 0100 
  0x0000017ac30253c8: 0000 e929 | 0000 0048 | 83be f000 | 0000 0075 | 174c 8986 | f000 0000 | 48c7 86f8 | 0000 0001 
  0x0000017ac30253e8: 0000 00e9 | 0800 0000 | 4883 86d8 | 0000 0001 

  0x0000017ac30253f8: ;   {metadata(method elemento for {method} {0x000000003d207d48} 'checkAccessModeThenIsDirect' '(Ljava/lang/invoke/VarHandle$AccessDescriptor;)Z' in 'java/lang/invoke/VarHandle')}
  0x0000017ac30253f8: 49b8 a895 | 07da 7a01 | 0000 418b | b090 0000 | 0083 c602 | 4189 b090 | 0000 0081 | e6fe ff1f 
  0x0000017ac3025418: 0085 f60f | 8439 4400 

  0x0000017ac3025420: ;   {metadata(method elemento for {method} {0x000000003d207d48} 'checkAccessModeThenIsDirect' '(Ljava/lang/invoke/VarHandle$AccessDescriptor;)Z' in 'java/lang/invoke/VarHandle')}
  0x0000017ac3025420: 0049 b8a8 | 9507 da7a | 0100 0041 | ff80 d800 

  0x0000017ac3025430: ;   {metadata(method elemento for {method} {0x000000003d28f1b0} 'guard_LI_I' '(Ljava/lang/invoke/VarHandle;Ljava/lang/Object;ILjava/lang/invoke/VarHandle$AccessDescriptor;)I' in 'java/lang/invoke/VarHandleGuards')}
  0x0000017ac3025430: 0000 49b8 | 2092 07da | 7a01 0000 | 41ff 8030 

  0x0000017ac3025440: ;   {metadata(method elemento for {method} {0x000000003d28f1b0} 'guard_LI_I' '(Ljava/lang/invoke/VarHandle;Ljava/lang/Object;ILjava/lang/invoke/VarHandle$AccessDescriptor;)I' in 'java/lang/invoke/VarHandleGuards')}
  0x0000017ac3025440: 0100 0049 | b820 9207 | da7a 0100 | 0041 ff80 | 5001 0000 

  0x0000017ac3025454: ;   {oop(a 'java/lang/invoke/VarForm'{0x0000000705e38120})}
  0x0000017ac3025454: 49b8 2081 | e305 0700 

  0x0000017ac302545c: ;   {metadata(method elemento for {method} {0x000000003d28f1b0} 'guard_LI_I' '(Ljava/lang/invoke/VarHandle;Ljava/lang/Object;ILjava/lang/invoke/VarHandle$AccessDescriptor;)I' in 'java/lang/invoke/VarHandleGuards')}
  0x0000017ac302545c: 0000 48be | 2092 07da | 7a01 0000 | 458b 4008 | 41ba 0000 | 003d 4d03 | c24c 3b86 | 6801 0000 
  0x0000017ac302547c: 750d 4883 | 8670 0100 | 0001 e960 | 0000 004c | 3b86 7801 | 0000 750d | 4883 8680 | 0100 0001 
  0x0000017ac302549c: e94a 0000 | 0048 83be | 6801 0000 | 0075 174c | 8986 6801 | 0000 48c7 | 8670 0100 | 0001 0000 
  0x0000017ac30254bc: 00e9 2900 | 0000 4883 | be78 0100 | 0000 7517 | 4c89 8678 | 0100 0048 | c786 8001 | 0000 0100 
  0x0000017ac30254dc: 0000 e908 | 0000 0048 | 8386 6001 

  0x0000017ac30254e8: ;   {metadata(method elemento for {method} {0x000000003d28e928} 'getMemberName' '(I)Ljava/lang/invoke/MemberName;' in 'java/lang/invoke/VarForm')}
  0x0000017ac30254e8: 0000 0149 | b8f8 9b07 | da7a 0100 | 0041 8bb0 | 9000 0000 | 83c6 0241 | 89b0 9000 | 0000 81e6 
  0x0000017ac3025508: feff 1f00 | 85f6 0f84 | 6743 0000 

  0x0000017ac3025514: ;   {metadata(method elemento for {method} {0x000000003d28e928} 'getMemberName' '(I)Ljava/lang/invoke/MemberName;' in 'java/lang/invoke/VarForm')}
  0x0000017ac3025514: 49b8 f89b | 07da 7a01 | 0000 41ff | 80d8 0000 

  0x0000017ac3025524: ;   {metadata(method elemento for {method} {0x000000003d28f1b0} 'guard_LI_I' '(Ljava/lang/invoke/VarHandle;Ljava/lang/Object;ILjava/lang/invoke/VarHandle$AccessDescriptor;)I' in 'java/lang/invoke/VarHandleGuards')}
  0x0000017ac3025524: 0049 b820 | 9207 da7a | 0100 0049 | 8380 a001 

  0x0000017ac3025534: ;   {metadata(method elemento for {method} {0x0000017ada0ea050} 'getAndSet' '(Ljava/lang/invoke/VarHandle;Ljava/lang/Object;I)I' in 'java/lang/invoke/VarHandleInts$FieldInstanceReadWrite')}
  0x0000017ac3025534: 0000 0149 | b8c0 a8d1 | da7a 0100 | 0041 8bb0 | 9000 0000 | 83c6 0241 | 89b0 9000 | 0000 81e6 
  0x0000017ac3025554: feff 1f00 | 85f6 0f84 | 3c43 0000 

  0x0000017ac3025560: ;   {oop(a 'java/lang/Class'{0x0000000705e51900} = 'java/util/concurrent/atomic/AtomicBoolean')}
  0x0000017ac3025560: 49b8 0019 | e505 0700 

  0x0000017ac3025568: ;   {metadata(method elemento for {method} {0x0000017ada0ea050} 'getAndSet' '(Ljava/lang/invoke/VarHandle;Ljava/lang/Object;I)I' in 'java/lang/invoke/VarHandleInts$FieldInstanceReadWrite')}
  0x0000017ac3025568: 0000 48be | c0a8 d1da | 7a01 0000 | 458b 4008 | 41ba 0000 | 003d 4d03 | c24c 3b86 | 1001 0000 
  0x0000017ac3025588: 750d 4883 | 8618 0100 | 0001 e960 | 0000 004c | 3b86 2001 | 0000 750d | 4883 8628 | 0100 0001 
  0x0000017ac30255a8: e94a 0000 | 0048 83be | 1001 0000 | 0075 174c | 8986 1001 | 0000 48c7 | 8618 0100 | 0001 0000 
  0x0000017ac30255c8: 00e9 2900 | 0000 4883 | be20 0100 | 0000 7517 | 4c89 8620 | 0100 0048 | c786 2801 | 0000 0100 
  0x0000017ac30255e8: 0000 e908 | 0000 0048 | 8386 0801 

  0x0000017ac30255f4: ;   {metadata(method elemento for {method} {0x000000003d197b50} 'cast' '(Ljava/lang/Object;)Ljava/lang/Object;' in 'java/lang/Class')}
  0x0000017ac30255f4: 0000 0149 | b8c8 9109 | da7a 0100 | 0041 8bb0 | 9000 0000 | 83c6 0241 | 89b0 9000 | 0000 81e6 
  0x0000017ac3025614: feff 1f00 | 85f6 0f84 | 9d42 0000 

  0x0000017ac3025620: ;   {metadata(method elemento for {method} {0x000000003d197b50} 'cast' '(Ljava/lang/Object;)Ljava/lang/Object;' in 'java/lang/Class')}
  0x0000017ac3025620: 4885 db49 | b8c8 9109 | da7a 0100 | 00be d800 | 0000 7405 | bee8 0000 | 0049 8b3c | 3048 8d7f 
  0x0000017ac3025640: 0149 893c | 300f 84fb 

  0x0000017ac3025648: ;   {oop(a 'java/lang/Class'{0x0000000705e51900} = 'java/util/concurrent/atomic/AtomicBoolean')}
  0x0000017ac3025648: 0000 0049 | b800 19e5 | 0507 0000 

  0x0000017ac3025654: ;   {metadata(method elemento for {method} {0x000000003d197b50} 'cast' '(Ljava/lang/Object;)Ljava/lang/Object;' in 'java/lang/Class')}
  0x0000017ac3025654: 0048 bec8 | 9109 da7a | 0100 0045 | 8b40 0841 | ba00 0000 | 3d4d 03c2 | 4c3b 8600 | 0100 0075 
  0x0000017ac3025674: 0d48 8386 | 0801 0000 | 01e9 6000 | 0000 4c3b | 8610 0100 | 0075 0d48 | 8386 1801 | 0000 01e9 
  0x0000017ac3025694: 4a00 0000 | 4883 be00 | 0100 0000 | 7517 4c89 | 8600 0100 | 0048 c786 | 0801 0000 | 0100 0000 
  0x0000017ac30256b4: e929 0000 | 0048 83be | 1001 0000 | 0075 174c | 8986 1001 | 0000 48c7 | 8618 0100 | 0001 0000 
  0x0000017ac30256d4: 00e9 0800 | 0000 4883 | 86f8 0000 | 0001 4885 | db0f 8425 

  0x0000017ac30256e8: ;   {metadata('java/util/concurrent/atomic/AtomicBoolean')}
  0x0000017ac30256e8: 0000 0048 | b8a0 c300 | 3e00 0000 | 008b 7b08 | 41ba 0000 | 003d 4903 | fa48 3b47 | 380f 8505 
  0x0000017ac3025708: 0000 00e9 | 0500 0000 | 4d33 c0eb | 0641 b801 | 0000 0045 

  0x0000017ac302571c: ;   {metadata(method elemento for {method} {0x000000003d197b50} 'cast' '(Ljava/lang/Object;)Ljava/lang/Object;' in 'java/lang/Class')}
  0x0000017ac302571c: 85c0 49b8 | c891 09da | 7a01 0000 | be38 0100 | 0074 05be | 2801 0000 | 498b 3c30 | 488d 7f01 
  0x0000017ac302573c: 4989 3c30 | 0f84 c305 

  0x0000017ac3025744: ;   {metadata(method elemento for {method} {0x0000017ada0ea050} 'getAndSet' '(Ljava/lang/invoke/VarHandle;Ljava/lang/Object;I)I' in 'java/lang/invoke/VarHandleInts$FieldInstanceReadWrite')}
  0x0000017ac3025744: 0000 49b8 | c0a8 d1da | 7a01 0000 | 4983 8038 | 0100 0001 

  0x0000017ac3025758: ;   {metadata(method elemento for {method} {0x000000003d45aa48} 'requireNonNull' '(Ljava/lang/Object;)Ljava/lang/Object;' in 'java/util/Objects')}
  0x0000017ac3025758: 49b8 b846 | 01da 7a01 | 0000 418b | b090 0000 | 0083 c602 | 4189 b090 | 0000 0081 | e6fe ff1f 
  0x0000017ac3025778: 0085 f60f | 845d 4100 | 0048 85db 

  0x0000017ac3025784: ;   {metadata(method elemento for {method} {0x000000003d45aa48} 'requireNonNull' '(Ljava/lang/Object;)Ljava/lang/Object;' in 'java/util/Objects')}
  0x0000017ac3025784: 49b8 b846 | 01da 7a01 | 0000 bee8 | 0000 0074 | 05be d800 | 0000 498b | 3c30 488d | 7f01 4989 
  0x0000017ac30257a4: 3c30 0f84 | c304 0000 | 4c8d 430c | be00 0000 | 0041 8730 

  0x0000017ac30257b8: ;   {metadata(method elemento for {method} {0x0000017ada0e7318} 'getAndSet' '(Z)Z' in 'java/util/concurrent/atomic/AtomicBoolean')}
  0x0000017ac30257b8: 85f6 49b8 | e8a6 d1da | 7a01 0000 | be58 0100 | 0074 05be | 6801 0000 | 498b 3c30 | 488d 7f01 
  0x0000017ac30257d8: 4989 3c30 | 0f84 1c00 

  0x0000017ac30257e0: ;   {metadata(method elemento for {method} {0x0000017ada0e7318} 'getAndSet' '(Z)Z' in 'java/util/concurrent/atomic/AtomicBoolean')}
  0x0000017ac30257e0: 0000 49b8 | e8a6 d1da | 7a01 0000 | 41ff 8078 | 0100 0041 | b801 0000 | 00e9 0600 | 0000 41b8 
  0x0000017ac3025800: 0000 0000 | 4183 e001 | 4183 e001 | 448b 4230 | 49c1 e003 

  0x0000017ac3025814: ;   {metadata(method elemento for {method} {0x0000017ada99e008} 'run' '()V' in 'com/sun/javafx/tk/quantum/PresentingPainter')}
  0x0000017ac3025814: 4d85 c048 | bac0 2422 | db7a 0100 | 00be 080d | 0000 7405 | be18 0d00 | 0048 8b3c | 3248 8d7f 
  0x0000017ac3025834: 0148 893c | 320f 8435 | 0100 004d | 85c0 0f84 | 2600 0000 

  0x0000017ac3025848: ;   {metadata('com/sun/prism/d3d/D3DResourceFactory')}
  0x0000017ac3025848: 48bb d047 | 053e 0000 | 0000 418b | 7808 41ba | 0000 003d | 4903 fa48 | 3b5f 480f | 8596 4000 
  0x0000017ac3025868: 00e9 0000 | 0000 498b | d049 3b00 

  0x0000017ac3025874: ;   {metadata(method elemento for {method} {0x0000017ada99e008} 'run' '()V' in 'com/sun/javafx/tk/quantum/PresentingPainter')}
  0x0000017ac3025874: 48ba c024 | 22db 7a01 

  0x0000017ac302587c: ;   {metadata('com/sun/prism/d3d/D3DResourceFactory')}
  0x0000017ac302587c: 0000 49ba | d047 053e | 0000 0000 | 4c89 9230 | 0d00 0048 | 8382 380d 

  0x0000017ac3025894: ;   {metadata(method elemento for {method} {0x0000017ada4daca8} 'getTextureResourcePool' '()Lcom/sun/prism/impl/TextureResourcePool;' in 'com/sun/prism/d3d/D3DResourceFactory')}
  0x0000017ac3025894: 0000 0149 | b850 550e | db7a 0100 | 0041 8b90 | 9000 0000 | 83c2 0241 | 8990 9000 | 0000 81e2 
  0x0000017ac30258b4: feff 1f00 | 85d2 0f84 | 4940 0000 

  0x0000017ac30258c0: ;   {oop(a 'com/sun/prism/d3d/D3DVramPool'{0x0000000705a65610})}
  0x0000017ac30258c0: 48ba 1056 | a605 0700 | 0000 4c8b 

  0x0000017ac30258cc: ;   {metadata(method elemento for {method} {0x0000017ada99e008} 'run' '()V' in 'com/sun/javafx/tk/quantum/PresentingPainter')}
  0x0000017ac30258cc: c248 bec0 | 2422 db7a | 0100 0045 | 8b40 0841 | ba00 0000 | 3d4d 03c2 | 4c3b 8660 | 0d00 0075 
  0x0000017ac30258ec: 0d48 8386 | 680d 0000 | 01e9 6000 | 0000 4c3b | 8670 0d00 | 0075 0d48 | 8386 780d | 0000 01e9 
  0x0000017ac302590c: 4a00 0000 | 4883 be60 | 0d00 0000 | 7517 4c89 | 8660 0d00 | 0048 c786 | 680d 0000 | 0100 0000 
  0x0000017ac302592c: e929 0000 | 0048 83be | 700d 0000 | 0075 174c | 8986 700d | 0000 48c7 | 8678 0d00 | 0001 0000 
  0x0000017ac302594c: 00e9 0800 | 0000 4883 | 8658 0d00 | 0001 41b8 | 0000 0000 | 0f1f 8000 

  0x0000017ac3025964: ;   {optimized virtual_call}
  0x0000017ac3025964: 0000 00e8 

  0x0000017ac3025968: ; ImmutableOopMap {}
                      ;*invokeinterface freeDisposalRequestedAndCheckResources {reexecute=0 rethrow=0 return_oop=0}
                      ; - com.sun.javafx.tk.quantum.PresentingPainter::run@523 (line 127)
  0x0000017ac3025968: a460 2d07 

  0x0000017ac302596c: ;   {post_call_nop}
  0x0000017ac302596c: 0f1f 8400 | e46b 0031 

  0x0000017ac3025974: ;   {oop(a 'java/util/concurrent/locks/ReentrantLock'{0x0000000705ba4130})}
  0x0000017ac3025974: 49b8 3041 | ba05 0700 | 0000 498b 

  0x0000017ac3025980: ;   {metadata(method elemento for {method} {0x0000017ada99e008} 'run' '()V' in 'com/sun/javafx/tk/quantum/PresentingPainter')}
  0x0000017ac3025980: d048 bec0 | 2422 db7a | 0100 008b | 5208 41ba | 0000 003d | 4903 d248 | 3b96 900d | 0000 750d 
  0x0000017ac30259a0: 4883 8698 | 0d00 0001 | e960 0000 | 0048 3b96 | a00d 0000 | 750d 4883 | 86a8 0d00 | 0001 e94a 
  0x0000017ac30259c0: 0000 0048 | 83be 900d | 0000 0075 | 1748 8996 | 900d 0000 | 48c7 8698 | 0d00 0001 | 0000 00e9 
  0x0000017ac30259e0: 2900 0000 | 4883 bea0 | 0d00 0000 | 7517 4889 | 96a0 0d00 | 0048 c786 | a80d 0000 | 0100 0000 
  0x0000017ac3025a00: e908 0000 | 0048 8386 | 880d 0000 

  0x0000017ac3025a0c: ;   {metadata(method elemento for {method} {0x000000003d1d9bd0} 'unlock' '()V' in 'java/util/concurrent/locks/ReentrantLock')}
  0x0000017ac3025a0c: 0148 ba58 | ecd2 da7a | 0100 008b | b290 0000 | 0083 c602 | 89b2 9000 | 0000 81e6 | feff 1f00 
  0x0000017ac3025a2c: 85f6 0f84 | f63e 0000 | 418b 700c | 48c1 e603 

  0x0000017ac3025a3c: ; implicit exception: dispatches to 0x0000017ac302994b
  0x0000017ac3025a3c: 483b 064c 

  0x0000017ac3025a40: ;   {metadata(method elemento for {method} {0x000000003d1d9bd0} 'unlock' '()V' in 'java/util/concurrent/locks/ReentrantLock')}
  0x0000017ac3025a40: 8bc6 48ba | 58ec d2da | 7a01 0000 | 458b 4008 | 41ba 0000 | 003d 4d03 | c24c 3b82 | e000 0000 
  0x0000017ac3025a60: 750d 4883 | 82e8 0000 | 0001 e960 | 0000 004c | 3b82 f000 | 0000 750d | 4883 82f8 | 0000 0001 
  0x0000017ac3025a80: e94a 0000 | 0048 83ba | e000 0000 | 0075 174c | 8982 e000 | 0000 48c7 | 82e8 0000 | 0001 0000 
  0x0000017ac3025aa0: 00e9 2900 | 0000 4883 | baf0 0000 | 0000 7517 | 4c89 82f0 | 0000 0048 | c782 f800 | 0000 0100 
  0x0000017ac3025ac0: 0000 e908 | 0000 0048 | 8382 d800 

  0x0000017ac3025acc: ;   {metadata(method elemento for {method} {0x000000003d2d1e60} 'release' '(I)Z' in 'java/util/concurrent/locks/AbstractQueuedSynchronizer')}
  0x0000017ac3025acc: 0000 0149 | b8c8 7bd2 | da7a 0100 | 0041 8b90 | 9000 0000 | 83c2 0241 | 8990 9000 | 0000 81e2 
  0x0000017ac3025aec: feff 1f00 | 85d2 0f84 | 583e 0000 

  0x0000017ac3025af8: ;   {metadata(method elemento for {method} {0x000000003d2d1e60} 'release' '(I)Z' in 'java/util/concurrent/locks/AbstractQueuedSynchronizer')}
  0x0000017ac3025af8: 4c8b c648 | bac8 7bd2 | da7a 0100 | 0045 8b40 | 0841 ba00 | 0000 3d4d | 03c2 4c3b | 82e0 0000 
  0x0000017ac3025b18: 0075 0d48 | 8382 e800 | 0000 01e9 | 6000 0000 | 4c3b 82f0 | 0000 0075 | 0d48 8382 | f800 0000 
  0x0000017ac3025b38: 01e9 4a00 | 0000 4883 | bae0 0000 | 0000 7517 | 4c89 82e0 | 0000 0048 | c782 e800 | 0000 0100 
  0x0000017ac3025b58: 0000 e929 | 0000 0048 | 83ba f000 | 0000 0075 | 174c 8982 | f000 0000 | 48c7 82f8 | 0000 0001 
  0x0000017ac3025b78: 0000 00e9 | 0800 0000 | 4883 82d8 | 0000 0001 | 41b8 0100 | 0000 488b | d648 89b4 | 2450 0100 
  0x0000017ac3025b98: 0066 0f1f 

  0x0000017ac3025b9c: ;   {optimized virtual_call}
  0x0000017ac3025b9c: 4400 00e8 

  0x0000017ac3025ba0: ; ImmutableOopMap {[336]=Oop }
                      ;*invokevirtual tryRelease {reexecute=0 rethrow=0 return_oop=0}
                      ; - java.util.concurrent.locks.AbstractQueuedSynchronizer::release@2 (line 1099)
                      ; - java.util.concurrent.locks.ReentrantLock::unlock@5 (line 495)
                      ; - com.sun.javafx.tk.quantum.PresentingPainter::run@531 (line 130)
  0x0000017ac3025ba0: 6c44 3007 

  0x0000017ac3025ba4: ;   {post_call_nop}
  0x0000017ac3025ba4: 0f1f 8400 | 1c6e 0032 

  0x0000017ac3025bac: ;   {metadata(method elemento for {method} {0x000000003d2d1e60} 'release' '(I)Z' in 'java/util/concurrent/locks/AbstractQueuedSynchronizer')}
  0x0000017ac3025bac: 85c0 48ba | c87b d2da | 7a01 0000 | be08 0100 | 0074 05be | 1801 0000 | 488b 3c32 | 488d 7f01 
  0x0000017ac3025bcc: 4889 3c32 | 0f84 3800 | 0000 488b | b424 5001 | 0000 8b56 | 1048 c1e2 

  0x0000017ac3025be4: ;   {metadata(method elemento for {method} {0x000000003d2d1e60} 'release' '(I)Z' in 'java/util/concurrent/locks/AbstractQueuedSynchronizer')}
  0x0000017ac3025be4: 0348 bec8 | 7bd2 da7a | 0100 0048 | 8386 2801 

  0x0000017ac3025bf4: ;   {static_call}
  0x0000017ac3025bf4: 0000 01e8 

  0x0000017ac3025bf8: ; ImmutableOopMap {}
                      ;*invokestatic signalNext {reexecute=0 rethrow=0 return_oop=0}
                      ; - java.util.concurrent.locks.AbstractQueuedSynchronizer::release@12 (line 1100)
                      ; - java.util.concurrent.locks.ReentrantLock::unlock@5 (line 495)
                      ; - com.sun.javafx.tk.quantum.PresentingPainter::run@531 (line 130)
  0x0000017ac3025bf8: 04ce 2d07 

  0x0000017ac3025bfc: ;   {post_call_nop}
  0x0000017ac3025bfc: 0f1f 8400 | 746e 0033 | ba01 0000 | 00e9 0500 | 0000 ba00 

  0x0000017ac3025c10: ;   {metadata(method elemento for {method} {0x0000017ada99e008} 'run' '()V' in 'com/sun/javafx/tk/quantum/PresentingPainter')}
  0x0000017ac3025c10: 0000 0048 | bac0 2422 | db7a 0100 | 00ff 82b8 | 0d00 0048 | 81c4 7002 

  0x0000017ac3025c28: ;   {poll_return}
  0x0000017ac3025c28: 0000 5d49 | 3b67 280f | 873c 3d00 | 00c3 4881 | c470 0200 

  0x0000017ac3025c3c: ;   {poll_return}
  0x0000017ac3025c3c: 005d 493b | 6728 0f87 | 3f3d 0000 | c348 81c4 | 7002 0000 

  0x0000017ac3025c50: ;   {poll_return}
  0x0000017ac3025c50: 5d49 3b67 | 280f 8742 | 3d00 00c3 | 4881 c470 | 0200 005d 

  0x0000017ac3025c64: ;   {poll_return}
  0x0000017ac3025c64: 493b 6728 | 0f87 453d | 0000 c390 

  0x0000017ac3025c70: ;   {other}
  0x0000017ac3025c70: e963 3d00 | 0000 0000 | 0000 498b | 87c8 0100 | 0048 8d78 | 3049 3bbf | d801 0000 | 0f87 503d 
  0x0000017ac3025c90: 0000 4989 | bfc8 0100 | 0048 c700 | 0100 0000 | 488b ca41 | ba00 0000 | 3d49 2bca | 8948 0848 
  0x0000017ac3025cb0: 33c9 8948 | 0c48 33c9 | 4889 4810 | 4889 4818 | 4889 4820 | 4889 4828 

  0x0000017ac3025cc8: ;   {metadata(method elemento for {method} {0x000000003d45aa48} 'requireNonNull' '(Ljava/lang/Object;)Ljava/lang/Object;' in 'java/util/Objects')}
  0x0000017ac3025cc8: 488b d048 | beb8 4601 | da7a 0100 | 0048 8386 | f800 0000 | 0148 8bd0 | 4889 8424 | 5801 0000 
  0x0000017ac3025ce8: 0f1f 8000 

  0x0000017ac3025cec: ;   {optimized virtual_call}
  0x0000017ac3025cec: 0000 00e8 

  0x0000017ac3025cf0: ; ImmutableOopMap {[232]=Oop [344]=Oop }
                      ;*invokespecial <init> {reexecute=0 rethrow=0 return_oop=0}
                      ; - java.util.Objects::requireNonNull@8 (line 220)
                      ; - java.lang.invoke.VarHandleInts$FieldInstanceReadWrite::getAndSet@16 (line 250)
                      ; - java.lang.invoke.VarHandleGuards::guard_LI_I@45 (line 185)
                      ; - java.util.concurrent.atomic.AtomicBoolean::getAndSet@13 (line 171)
                      ; - com.sun.javafx.tk.quantum.GlassScene::setPainting@5 (line 293)
                      ; - com.sun.javafx.tk.quantum.PresentingPainter::run@502 (line 124)
  0x0000017ac3025cf0: ec90 9f06 

  0x0000017ac3025cf4: ;   {post_call_nop}
  0x0000017ac3025cf4: 0f1f 8400 | 6c6f 0034 | 488b 8424 | 5801 0000 | e95b 5300 | 000f 1f80 | 0000 0000 

  0x0000017ac3025d10: ;   {other}
  0x0000017ac3025d10: e9e9 3c00 | 0000 0000 | 0000 498b | 87c8 0100 | 0048 8d78 | 2849 3bbf | d801 0000 | 0f87 d63c 
  0x0000017ac3025d30: 0000 4989 | bfc8 0100 | 0048 c700 | 0100 0000 | 488b ca41 | ba00 0000 | 3d49 2bca | 8948 0848 
  0x0000017ac3025d50: 33c9 8948 | 0c48 33c9 | 4889 4810 | 4889 4818 | 4889 4820 

  0x0000017ac3025d64: ;   {oop(a 'java/lang/Class'{0x0000000705e51900} = 'java/util/concurrent/atomic/AtomicBoolean')}
  0x0000017ac3025d64: 48ba 0019 | e505 0700 | 0000 4c8b 

  0x0000017ac3025d70: ;   {metadata(method elemento for {method} {0x000000003d197b50} 'cast' '(Ljava/lang/Object;)Ljava/lang/Object;' in 'java/lang/Class')}
  0x0000017ac3025d70: c248 bec8 | 9109 da7a | 0100 0048 | 8386 4801 | 0000 014c | 8bc3 4889 | 8424 6001 

  0x0000017ac3025d8c: ;   {optimized virtual_call}
  0x0000017ac3025d8c: 0000 90e8 

  0x0000017ac3025d90: ; ImmutableOopMap {[232]=Oop [352]=Oop }
                      ;*invokevirtual cannotCastMsg {reexecute=0 rethrow=0 return_oop=0}
                      ; - java.lang.Class::cast@18 (line 3492)
                      ; - java.lang.invoke.VarHandleInts$FieldInstanceReadWrite::getAndSet@13 (line 250)
                      ; - java.lang.invoke.VarHandleGuards::guard_LI_I@45 (line 185)
                      ; - java.util.concurrent.atomic.AtomicBoolean::getAndSet@13 (line 171)
                      ; - com.sun.javafx.tk.quantum.GlassScene::setPainting@5 (line 293)
                      ; - com.sun.javafx.tk.quantum.PresentingPainter::run@502 (line 124)
  0x0000017ac3025d90: 4c90 9f06 

  0x0000017ac3025d94: ;   {post_call_nop}
  0x0000017ac3025d94: 0f1f 8400 | 0c70 0035 | 4c8b 8424 | 6001 0000 

  0x0000017ac3025da4: ;   {metadata(method elemento for {method} {0x000000003d197b50} 'cast' '(Ljava/lang/Object;)Ljava/lang/Object;' in 'java/lang/Class')}
  0x0000017ac3025da4: 48ba c891 | 09da 7a01 | 0000 4883 | 8278 0100 | 0001 4c8b | c048 8b94 | 2460 0100 | 0066 0f1f 
  0x0000017ac3025dc4: ;   {optimized virtual_call}
  0x0000017ac3025dc4: 4400 00e8 

  0x0000017ac3025dc8: ; ImmutableOopMap {[232]=Oop [352]=Oop }
                      ;*invokespecial <init> {reexecute=0 rethrow=0 return_oop=0}
                      ; - java.lang.Class::cast@21 (line 3492)
                      ; - java.lang.invoke.VarHandleInts$FieldInstanceReadWrite::getAndSet@13 (line 250)
                      ; - java.lang.invoke.VarHandleGuards::guard_LI_I@45 (line 185)
                      ; - java.util.concurrent.atomic.AtomicBoolean::getAndSet@13 (line 171)
                      ; - com.sun.javafx.tk.quantum.GlassScene::setPainting@5 (line 293)
                      ; - com.sun.javafx.tk.quantum.PresentingPainter::run@502 (line 124)
  0x0000017ac3025dc8: 1490 9f06 

  0x0000017ac3025dcc: ;   {post_call_nop}
  0x0000017ac3025dcc: 0f1f 8400 | 4470 0036 | 488b 8424 | 6001 0000 | e983 5200 | 0048 899c | 2470 0100 | 000f 1f80 
  0x0000017ac3025dec: 0000 0000 

  0x0000017ac3025df0: ;   {other}
  0x0000017ac3025df0: e92f 3c00 | 0000 0000 | 0000 80ba | 3001 0000 | 040f 852c | 3c00 0049 | 8b87 c801 | 0000 488d 
  0x0000017ac3025e10: 7828 493b | bfd8 0100 | 000f 8714 | 3c00 0049 | 89bf c801 | 0000 48c7 | 0001 0000 | 0048 8bca 
  0x0000017ac3025e30: 41ba 0000 | 003d 492b | ca89 4808 | 4833 c989 | 480c 4833 | c948 8948 | 1048 8948 | 1848 8948 
  0x0000017ac3025e50: 204c 8bc0 

  0x0000017ac3025e54: ;   {metadata(method elemento for {method} {0x0000017ada4f7860} 'checkNotClosed' '()V' in 'com/sun/glass/ui/View')}
  0x0000017ac3025e54: 48ba f032 | 18db 7a01 | 0000 4883 | 82f8 0000 

  0x0000017ac3025e64: ;   {oop("The view has already been closed"{0x00000007072d69f8})}
  0x0000017ac3025e64: 0001 49b8 | f869 2d07 | 0700 0000 | 488b d048 | 8984 2468 | 0100 000f 

  0x0000017ac3025e7c: ;   {optimized virtual_call}
  0x0000017ac3025e7c: 1f40 00e8 

  0x0000017ac3025e80: ; ImmutableOopMap {[232]=Oop [360]=Oop [368]=Oop }
                      ;*invokespecial <init> {reexecute=0 rethrow=0 return_oop=0}
                      ; - com.sun.glass.ui.View::checkNotClosed@15 (line 435)
                      ; - com.sun.glass.ui.View::unlock@1 (line 741)
                      ; - com.sun.prism.PresentableState::unlock@11 (line 296)
                      ; - com.sun.javafx.tk.quantum.PresentingPainter::run@484 (line 120)
  0x0000017ac3025e80: 5c8f 9f06 

  0x0000017ac3025e84: ;   {post_call_nop}
  0x0000017ac3025e84: 0f1f 8400 | fc70 0037 | 488b 8424 | 6801 0000 | e9cb 5100 | 000f 1f80 | 0000 0000 

  0x0000017ac3025ea0: ;   {other}
  0x0000017ac3025ea0: e9aa 3b00 | 0000 0000 | 0000 498b | 87c8 0100 | 0048 8d78 | 3049 3bbf | d801 0000 | 0f87 973b 
  0x0000017ac3025ec0: 0000 4989 | bfc8 0100 | 0048 c700 | 0100 0000 | 488b ca41 | ba00 0000 | 3d49 2bca | 8948 0848 
  0x0000017ac3025ee0: 33c9 8948 | 0c48 33c9 | 4889 4810 | 4889 4818 | 4889 4820 | 4889 4828 

  0x0000017ac3025ef8: ;   {metadata(method elemento for {method} {0x000000003d45aa48} 'requireNonNull' '(Ljava/lang/Object;)Ljava/lang/Object;' in 'java/util/Objects')}
  0x0000017ac3025ef8: 488b d048 | beb8 4601 | da7a 0100 | 0048 8386 | f800 0000 | 0148 8bd0 | 4889 8424 | 7801 0000 
  0x0000017ac3025f18: 0f1f 8000 

  0x0000017ac3025f1c: ;   {optimized virtual_call}
  0x0000017ac3025f1c: 0000 00e8 

  0x0000017ac3025f20: ; ImmutableOopMap {[232]=Oop [376]=Oop }
                      ;*invokespecial <init> {reexecute=0 rethrow=0 return_oop=0}
                      ; - java.util.Objects::requireNonNull@8 (line 220)
                      ; - java.lang.invoke.VarHandleInts$FieldInstanceReadWrite::getAndSet@16 (line 250)
                      ; - java.lang.invoke.VarHandleGuards::guard_LI_I@45 (line 185)
                      ; - java.util.concurrent.atomic.AtomicBoolean::getAndSet@13 (line 171)
                      ; - com.sun.javafx.tk.quantum.GlassScene::setPainting@5 (line 293)
                      ; - com.sun.javafx.tk.quantum.PresentingPainter::run@406 (line 124)
  0x0000017ac3025f20: bc8e 9f06 

  0x0000017ac3025f24: ;   {post_call_nop}
  0x0000017ac3025f24: 0f1f 8400 | 9c71 0038 | 488b 8424 | 7801 0000 | e92b 5100 | 000f 1f80 | 0000 0000 

  0x0000017ac3025f40: ;   {other}
  0x0000017ac3025f40: e930 3b00 | 0000 0000 | 0000 498b | 87c8 0100 | 0048 8d78 | 2849 3bbf | d801 0000 | 0f87 1d3b 
  0x0000017ac3025f60: 0000 4989 | bfc8 0100 | 0048 c700 | 0100 0000 | 488b ca41 | ba00 0000 | 3d49 2bca | 8948 0848 
  0x0000017ac3025f80: 33c9 8948 | 0c48 33c9 | 4889 4810 | 4889 4818 | 4889 4820 

  0x0000017ac3025f94: ;   {oop(a 'java/lang/Class'{0x0000000705e51900} = 'java/util/concurrent/atomic/AtomicBoolean')}
  0x0000017ac3025f94: 48ba 0019 | e505 0700 | 0000 4c8b 

  0x0000017ac3025fa0: ;   {metadata(method elemento for {method} {0x000000003d197b50} 'cast' '(Ljava/lang/Object;)Ljava/lang/Object;' in 'java/lang/Class')}
  0x0000017ac3025fa0: c248 bec8 | 9109 da7a | 0100 0048 | 8386 4801 | 0000 014c | 8bc3 4889 | 8424 8001 

  0x0000017ac3025fbc: ;   {optimized virtual_call}
  0x0000017ac3025fbc: 0000 90e8 

  0x0000017ac3025fc0: ; ImmutableOopMap {[232]=Oop [384]=Oop }
                      ;*invokevirtual cannotCastMsg {reexecute=0 rethrow=0 return_oop=0}
                      ; - java.lang.Class::cast@18 (line 3492)
                      ; - java.lang.invoke.VarHandleInts$FieldInstanceReadWrite::getAndSet@13 (line 250)
                      ; - java.lang.invoke.VarHandleGuards::guard_LI_I@45 (line 185)
                      ; - java.util.concurrent.atomic.AtomicBoolean::getAndSet@13 (line 171)
                      ; - com.sun.javafx.tk.quantum.GlassScene::setPainting@5 (line 293)
                      ; - com.sun.javafx.tk.quantum.PresentingPainter::run@406 (line 124)
  0x0000017ac3025fc0: 1c8e 9f06 

  0x0000017ac3025fc4: ;   {post_call_nop}
  0x0000017ac3025fc4: 0f1f 8400 | 3c72 0039 | 4c8b 8424 | 8001 0000 

  0x0000017ac3025fd4: ;   {metadata(method elemento for {method} {0x000000003d197b50} 'cast' '(Ljava/lang/Object;)Ljava/lang/Object;' in 'java/lang/Class')}
  0x0000017ac3025fd4: 48ba c891 | 09da 7a01 | 0000 4883 | 8278 0100 | 0001 4c8b | c048 8b94 | 2480 0100 | 0066 0f1f 
  0x0000017ac3025ff4: ;   {optimized virtual_call}
  0x0000017ac3025ff4: 4400 00e8 

  0x0000017ac3025ff8: ; ImmutableOopMap {[232]=Oop [384]=Oop }
                      ;*invokespecial <init> {reexecute=0 rethrow=0 return_oop=0}
                      ; - java.lang.Class::cast@21 (line 3492)
                      ; - java.lang.invoke.VarHandleInts$FieldInstanceReadWrite::getAndSet@13 (line 250)
                      ; - java.lang.invoke.VarHandleGuards::guard_LI_I@45 (line 185)
                      ; - java.util.concurrent.atomic.AtomicBoolean::getAndSet@13 (line 171)
                      ; - com.sun.javafx.tk.quantum.GlassScene::setPainting@5 (line 293)
                      ; - com.sun.javafx.tk.quantum.PresentingPainter::run@406 (line 124)
  0x0000017ac3025ff8: e48d 9f06 

  0x0000017ac3025ffc: ;   {post_call_nop}
  0x0000017ac3025ffc: 0f1f 8400 | 7472 003a | 488b 8424 | 8001 0000 | e953 5000 | 0048 899c | 2490 0100 | 000f 1f80 
  0x0000017ac302601c: 0000 0000 

  0x0000017ac3026020: ;   {other}
  0x0000017ac3026020: e976 3a00 | 0000 0000 | 0000 80ba | 3001 0000 | 040f 8573 | 3a00 0049 | 8b87 c801 | 0000 488d 
  0x0000017ac3026040: 7828 493b | bfd8 0100 | 000f 875b | 3a00 0049 | 89bf c801 | 0000 48c7 | 0001 0000 | 0048 8bca 
  0x0000017ac3026060: 41ba 0000 | 003d 492b | ca89 4808 | 4833 c989 | 480c 4833 | c948 8948 | 1048 8948 | 1848 8948 
  0x0000017ac3026080: 204c 8bc0 

  0x0000017ac3026084: ;   {metadata(method elemento for {method} {0x0000017ada4f7860} 'checkNotClosed' '()V' in 'com/sun/glass/ui/View')}
  0x0000017ac3026084: 48ba f032 | 18db 7a01 | 0000 4883 | 82f8 0000 

  0x0000017ac3026094: ;   {oop("The view has already been closed"{0x00000007072d69f8})}
  0x0000017ac3026094: 0001 49b8 | f869 2d07 | 0700 0000 | 488b d048 | 8984 2488 | 0100 000f 

  0x0000017ac30260ac: ;   {optimized virtual_call}
  0x0000017ac30260ac: 1f40 00e8 

  0x0000017ac30260b0: ; ImmutableOopMap {[232]=Oop [392]=Oop [400]=Oop }
                      ;*invokespecial <init> {reexecute=0 rethrow=0 return_oop=0}
                      ; - com.sun.glass.ui.View::checkNotClosed@15 (line 435)
                      ; - com.sun.glass.ui.View::unlock@1 (line 741)
                      ; - com.sun.prism.PresentableState::unlock@11 (line 296)
                      ; - com.sun.javafx.tk.quantum.PresentingPainter::run@388 (line 120)
  0x0000017ac30260b0: 2c8d 9f06 

  0x0000017ac30260b4: ;   {post_call_nop}
  0x0000017ac30260b4: 0f1f 8400 | 2c73 003b | 488b 8424 | 8801 0000 | e99b 4f00 | 000f 1f80 | 0000 0000 

  0x0000017ac30260d0: ;   {other}
  0x0000017ac30260d0: e9f1 3900 | 0000 0000 | 0000 498b | 87c8 0100 | 0048 8d78 | 3049 3bbf | d801 0000 | 0f87 de39 
  0x0000017ac30260f0: 0000 4989 | bfc8 0100 | 0048 c700 | 0100 0000 | 488b ca41 | ba00 0000 | 3d49 2bca | 8948 0848 
  0x0000017ac3026110: 33c9 8948 | 0c48 33c9 | 4889 4810 | 4889 4818 | 4889 4820 | 4889 4828 

  0x0000017ac3026128: ;   {metadata(method elemento for {method} {0x000000003d45aa48} 'requireNonNull' '(Ljava/lang/Object;)Ljava/lang/Object;' in 'java/util/Objects')}
  0x0000017ac3026128: 488b d048 | beb8 4601 | da7a 0100 | 0048 8386 | f800 0000 | 0148 8bd0 | 4889 8424 | 9801 0000 
  0x0000017ac3026148: 0f1f 8000 

  0x0000017ac302614c: ;   {optimized virtual_call}
  0x0000017ac302614c: 0000 00e8 

  0x0000017ac3026150: ; ImmutableOopMap {[232]=Oop [408]=Oop }
                      ;*invokespecial <init> {reexecute=0 rethrow=0 return_oop=0}
                      ; - java.util.Objects::requireNonNull@8 (line 220)
                      ; - java.lang.invoke.VarHandleInts$FieldInstanceReadWrite::getAndSet@16 (line 250)
                      ; - java.lang.invoke.VarHandleGuards::guard_LI_I@45 (line 185)
                      ; - java.util.concurrent.atomic.AtomicBoolean::getAndSet@13 (line 171)
                      ; - com.sun.javafx.tk.quantum.GlassScene::setPainting@5 (line 293)
                      ; - com.sun.javafx.tk.quantum.PresentingPainter::run@188 (line 124)
  0x0000017ac3026150: 8c8c 9f06 

  0x0000017ac3026154: ;   {post_call_nop}
  0x0000017ac3026154: 0f1f 8400 | cc73 003c | 488b 8424 | 9801 0000 | e9fb 4e00 | 000f 1f80 | 0000 0000 

  0x0000017ac3026170: ;   {other}
  0x0000017ac3026170: e977 3900 | 0000 0000 | 0000 498b | 87c8 0100 | 0048 8d78 | 2849 3bbf | d801 0000 | 0f87 6439 
  0x0000017ac3026190: 0000 4989 | bfc8 0100 | 0048 c700 | 0100 0000 | 488b ca41 | ba00 0000 | 3d49 2bca | 8948 0848 
  0x0000017ac30261b0: 33c9 8948 | 0c48 33c9 | 4889 4810 | 4889 4818 | 4889 4820 

  0x0000017ac30261c4: ;   {oop(a 'java/lang/Class'{0x0000000705e51900} = 'java/util/concurrent/atomic/AtomicBoolean')}
  0x0000017ac30261c4: 48ba 0019 | e505 0700 | 0000 4c8b 

  0x0000017ac30261d0: ;   {metadata(method elemento for {method} {0x000000003d197b50} 'cast' '(Ljava/lang/Object;)Ljava/lang/Object;' in 'java/lang/Class')}
  0x0000017ac30261d0: c248 bec8 | 9109 da7a | 0100 0048 | 8386 4801 | 0000 014c | 8bc3 4889 | 8424 a001 

  0x0000017ac30261ec: ;   {optimized virtual_call}
  0x0000017ac30261ec: 0000 90e8 

  0x0000017ac30261f0: ; ImmutableOopMap {[232]=Oop [416]=Oop }
                      ;*invokevirtual cannotCastMsg {reexecute=0 rethrow=0 return_oop=0}
                      ; - java.lang.Class::cast@18 (line 3492)
                      ; - java.lang.invoke.VarHandleInts$FieldInstanceReadWrite::getAndSet@13 (line 250)
                      ; - java.lang.invoke.VarHandleGuards::guard_LI_I@45 (line 185)
                      ; - java.util.concurrent.atomic.AtomicBoolean::getAndSet@13 (line 171)
                      ; - com.sun.javafx.tk.quantum.GlassScene::setPainting@5 (line 293)
                      ; - com.sun.javafx.tk.quantum.PresentingPainter::run@188 (line 124)
  0x0000017ac30261f0: ec8b 9f06 

  0x0000017ac30261f4: ;   {post_call_nop}
  0x0000017ac30261f4: 0f1f 8400 | 6c74 003d | 4c8b 8424 | a001 0000 

  0x0000017ac3026204: ;   {metadata(method elemento for {method} {0x000000003d197b50} 'cast' '(Ljava/lang/Object;)Ljava/lang/Object;' in 'java/lang/Class')}
  0x0000017ac3026204: 48ba c891 | 09da 7a01 | 0000 4883 | 8278 0100 | 0001 4c8b | c048 8b94 | 24a0 0100 | 0066 0f1f 
  0x0000017ac3026224: ;   {optimized virtual_call}
  0x0000017ac3026224: 4400 00e8 

  0x0000017ac3026228: ; ImmutableOopMap {[232]=Oop [416]=Oop }
                      ;*invokespecial <init> {reexecute=0 rethrow=0 return_oop=0}
                      ; - java.lang.Class::cast@21 (line 3492)
                      ; - java.lang.invoke.VarHandleInts$FieldInstanceReadWrite::getAndSet@13 (line 250)
                      ; - java.lang.invoke.VarHandleGuards::guard_LI_I@45 (line 185)
                      ; - java.util.concurrent.atomic.AtomicBoolean::getAndSet@13 (line 171)
                      ; - com.sun.javafx.tk.quantum.GlassScene::setPainting@5 (line 293)
                      ; - com.sun.javafx.tk.quantum.PresentingPainter::run@188 (line 124)
  0x0000017ac3026228: b48b 9f06 

  0x0000017ac302622c: ;   {post_call_nop}
  0x0000017ac302622c: 0f1f 8400 | a474 003e | 488b 8424 | a001 0000 | e923 4e00 | 0048 899c | 24b0 0100 | 000f 1f80 
  0x0000017ac302624c: 0000 0000 

  0x0000017ac3026250: ;   {other}
  0x0000017ac3026250: e9bd 3800 | 0000 0000 | 0000 80ba | 3001 0000 | 040f 85ba | 3800 0049 | 8b87 c801 | 0000 488d 
  0x0000017ac3026270: 7828 493b | bfd8 0100 | 000f 87a2 | 3800 0049 | 89bf c801 | 0000 48c7 | 0001 0000 | 0048 8bca 
  0x0000017ac3026290: 41ba 0000 | 003d 492b | ca89 4808 | 4833 c989 | 480c 4833 | c948 8948 | 1048 8948 | 1848 8948 
  0x0000017ac30262b0: 204c 8bc0 

  0x0000017ac30262b4: ;   {metadata(method elemento for {method} {0x0000017ada4f7860} 'checkNotClosed' '()V' in 'com/sun/glass/ui/View')}
  0x0000017ac30262b4: 48ba f032 | 18db 7a01 | 0000 4883 | 82f8 0000 

  0x0000017ac30262c4: ;   {oop("The view has already been closed"{0x00000007072d69f8})}
  0x0000017ac30262c4: 0001 49b8 | f869 2d07 | 0700 0000 | 488b d048 | 8984 24a8 | 0100 000f 

  0x0000017ac30262dc: ;   {optimized virtual_call}
  0x0000017ac30262dc: 1f40 00e8 

  0x0000017ac30262e0: ; ImmutableOopMap {[232]=Oop [424]=Oop [432]=Oop }
                      ;*invokespecial <init> {reexecute=0 rethrow=0 return_oop=0}
                      ; - com.sun.glass.ui.View::checkNotClosed@15 (line 435)
                      ; - com.sun.glass.ui.View::unlock@1 (line 741)
                      ; - com.sun.prism.PresentableState::unlock@11 (line 296)
                      ; - com.sun.javafx.tk.quantum.PresentingPainter::run@170 (line 120)
  0x0000017ac30262e0: fc8a 9f06 

  0x0000017ac30262e4: ;   {post_call_nop}
  0x0000017ac30262e4: 0f1f 8400 | 5c75 003f | 488b 8424 | a801 0000 | e96b 4d00 | 000f 1f80 | 0000 0000 

  0x0000017ac3026300: ;   {other}
  0x0000017ac3026300: e938 3800 | 0000 0000 | 0000 498b | 87c8 0100 | 0048 8d78 | 2849 3bbf | d801 0000 | 0f87 2538 
  0x0000017ac3026320: 0000 4989 | bfc8 0100 | 0048 c700 | 0100 0000 | 488b ca41 | ba00 0000 | 3d49 2bca | 8948 0848 
  0x0000017ac3026340: 33c9 8948 | 0c48 33c9 | 4889 4810 | 4889 4818 | 4889 4820 

  0x0000017ac3026354: ;   {metadata(method elemento for {method} {0x0000017ada4e2618} 'getScreens' '()Ljava/util/List;' in 'com/sun/glass/ui/Screen')}
  0x0000017ac3026354: 4c8b c048 | ba48 f021 | db7a 0100 | 0048 8382 | f800 0000 

  0x0000017ac3026368: ;   {oop("Internal graphics not initialized yet"{0x000000070677c2e8})}
  0x0000017ac3026368: 0149 b8e8 | c277 0607 | 0000 0048 | 8bd0 4889 | 8424 b801 

  0x0000017ac302637c: ;   {optimized virtual_call}
  0x0000017ac302637c: 0000 90e8 

  0x0000017ac3026380: ; ImmutableOopMap {[232]=Oop [440]=Oop }
                      ;*invokespecial <init> {reexecute=0 rethrow=0 return_oop=0}
                      ; - com.sun.glass.ui.Screen::getScreens@12 (line 68)
                      ; - com.sun.prism.GraphicsPipeline::getDefaultResourceFactory@0 (line 150)
                      ; - com.sun.javafx.tk.quantum.PresentingPainter::run@119 (line 69)
  0x0000017ac3026380: 5c8a 9f06 

  0x0000017ac3026384: ;   {post_call_nop}
  0x0000017ac3026384: 0f1f 8400 | fc75 0040 | 488b 8424 

  0x0000017ac3026390: ; ImmutableOopMap {rax=Oop [232]=Oop }
                      ;*athrow {reexecute=1 rethrow=0 return_oop=0}
                      ; - (reexecute) com.sun.glass.ui.Screen::getScreens@15 (line 68)
                      ; - com.sun.prism.GraphicsPipeline::getDefaultResourceFactory@0 (line 150)
                      ; - com.sun.javafx.tk.quantum.PresentingPainter::run@119 (line 69)
  0x0000017ac3026390: b801 0000 

  0x0000017ac3026394: ;   {section_word}
  0x0000017ac3026394: 48ba 9463 | 02c3 7a01 

  0x0000017ac302639c: ;   {runtime_call C1 Runtime handle_exception_blob}
  0x0000017ac302639c: 0000 e83d | 21ac 0690 | 4889 9c24 | c801 0000 | 0f1f 4000 

  0x0000017ac30263b0: ;   {other}
  0x0000017ac30263b0: e9ae 3700 | 0000 0000 | 0000 80ba | 3001 0000 | 040f 85ab | 3700 0049 | 8b87 c801 | 0000 488d 
  0x0000017ac30263d0: 7828 493b | bfd8 0100 | 000f 8793 | 3700 0049 | 89bf c801 | 0000 48c7 | 0001 0000 | 0048 8bca 
  0x0000017ac30263f0: 41ba 0000 | 003d 492b | ca89 4808 | 4833 c989 | 480c 4833 | c948 8948 | 1048 8948 | 1848 8948 
  0x0000017ac3026410: 204c 8bc0 

  0x0000017ac3026414: ;   {metadata(method elemento for {method} {0x0000017ada4f7860} 'checkNotClosed' '()V' in 'com/sun/glass/ui/View')}
  0x0000017ac3026414: 48ba f032 | 18db 7a01 | 0000 4883 | 82f8 0000 

  0x0000017ac3026424: ;   {oop("The view has already been closed"{0x00000007072d69f8})}
  0x0000017ac3026424: 0001 49b8 | f869 2d07 | 0700 0000 | 488b d048 | 8984 24c0 | 0100 000f 

  0x0000017ac302643c: ;   {optimized virtual_call}
  0x0000017ac302643c: 1f40 00e8 

  0x0000017ac3026440: ; ImmutableOopMap {[232]=Oop [248]=Oop [448]=Oop [456]=Oop }
                      ;*invokespecial <init> {reexecute=0 rethrow=0 return_oop=0}
                      ; - com.sun.glass.ui.View::checkNotClosed@15 (line 435)
                      ; - com.sun.glass.ui.View::lock@1 (line 730)
                      ; - com.sun.prism.PresentableState::lock@11 (line 285)
                      ; - com.sun.javafx.tk.quantum.PresentingPainter::run@106 (line 65)
  0x0000017ac3026440: 9c89 9f06 

  0x0000017ac3026444: ;   {post_call_nop}
  0x0000017ac3026444: 0f1f 8400 | bc76 0042 | 488b 8424 

  0x0000017ac3026450: ; ImmutableOopMap {rax=Oop [232]=Oop [248]=Oop [456]=Oop }
                      ;*athrow {reexecute=1 rethrow=0 return_oop=0}
                      ; - (reexecute) com.sun.glass.ui.View::checkNotClosed@18 (line 435)
                      ; - com.sun.glass.ui.View::lock@1 (line 730)
                      ; - com.sun.prism.PresentableState::lock@11 (line 285)
                      ; - com.sun.javafx.tk.quantum.PresentingPainter::run@106 (line 65)
  0x0000017ac3026450: c001 0000 

  0x0000017ac3026454: ;   {section_word}
  0x0000017ac3026454: 48ba 5464 | 02c3 7a01 

  0x0000017ac302645c: ;   {runtime_call C1 Runtime handle_exception_blob}
  0x0000017ac302645c: 0000 e87d | 20ac 0690 | 0f1f 4000 

  0x0000017ac3026468: ;   {other}
  0x0000017ac3026468: e921 3700 | 0000 0000 | 0000 498b | 87c8 0100 | 0048 8d78 | 3049 3bbf | d801 0000 | 0f87 0e37 
  0x0000017ac3026488: 0000 4989 | bfc8 0100 | 0048 c700 | 0100 0000 | 488b ca41 | ba00 0000 | 3d49 2bca | 8948 0848 
  0x0000017ac30264a8: 33c9 8948 | 0c48 33c9 | 4889 4810 | 4889 4818 | 4889 4820 | 4889 4828 

  0x0000017ac30264c0: ;   {metadata(method elemento for {method} {0x000000003d45aa48} 'requireNonNull' '(Ljava/lang/Object;)Ljava/lang/Object;' in 'java/util/Objects')}
  0x0000017ac30264c0: 488b d048 | beb8 4601 | da7a 0100 | 0048 8386 | f800 0000 | 0148 8bd0 | 4889 8424 | d001 0000 
  0x0000017ac30264e0: 0f1f 8000 

  0x0000017ac30264e4: ;   {optimized virtual_call}
  0x0000017ac30264e4: 0000 00e8 

  0x0000017ac30264e8: ; ImmutableOopMap {[232]=Oop [464]=Oop }
                      ;*invokespecial <init> {reexecute=0 rethrow=0 return_oop=0}
                      ; - java.util.Objects::requireNonNull@8 (line 220)
                      ; - java.lang.invoke.VarHandleInts$FieldInstanceReadWrite::getAndSet@16 (line 250)
                      ; - java.lang.invoke.VarHandleGuards::guard_LI_I@45 (line 185)
                      ; - java.util.concurrent.atomic.AtomicBoolean::getAndSet@13 (line 171)
                      ; - com.sun.javafx.tk.quantum.GlassScene::setPainting@5 (line 293)
                      ; - com.sun.javafx.tk.quantum.PresentingPainter::run@69 (line 124)
  0x0000017ac30264e8: f488 9f06 

  0x0000017ac30264ec: ;   {post_call_nop}
  0x0000017ac30264ec: 0f1f 8400 | 6477 0044 | 488b 8424 | d001 0000 | e963 4b00 | 000f 1f80 | 0000 0000 

  0x0000017ac3026508: ;   {other}
  0x0000017ac3026508: e9a7 3600 | 0000 0000 | 0000 498b | 87c8 0100 | 0048 8d78 | 2849 3bbf | d801 0000 | 0f87 9436 
  0x0000017ac3026528: 0000 4989 | bfc8 0100 | 0048 c700 | 0100 0000 | 488b ca41 | ba00 0000 | 3d49 2bca | 8948 0848 
  0x0000017ac3026548: 33c9 8948 | 0c48 33c9 | 4889 4810 | 4889 4818 | 4889 4820 

  0x0000017ac302655c: ;   {oop(a 'java/lang/Class'{0x0000000705e51900} = 'java/util/concurrent/atomic/AtomicBoolean')}
  0x0000017ac302655c: 48ba 0019 | e505 0700 | 0000 4c8b 

  0x0000017ac3026568: ;   {metadata(method elemento for {method} {0x000000003d197b50} 'cast' '(Ljava/lang/Object;)Ljava/lang/Object;' in 'java/lang/Class')}
  0x0000017ac3026568: c248 bec8 | 9109 da7a | 0100 0048 | 8386 4801 | 0000 014c | 8bc3 4889 | 8424 d801 

  0x0000017ac3026584: ;   {optimized virtual_call}
  0x0000017ac3026584: 0000 90e8 

  0x0000017ac3026588: ; ImmutableOopMap {[232]=Oop [472]=Oop }
                      ;*invokevirtual cannotCastMsg {reexecute=0 rethrow=0 return_oop=0}
                      ; - java.lang.Class::cast@18 (line 3492)
                      ; - java.lang.invoke.VarHandleInts$FieldInstanceReadWrite::getAndSet@13 (line 250)
                      ; - java.lang.invoke.VarHandleGuards::guard_LI_I@45 (line 185)
                      ; - java.util.concurrent.atomic.AtomicBoolean::getAndSet@13 (line 171)
                      ; - com.sun.javafx.tk.quantum.GlassScene::setPainting@5 (line 293)
                      ; - com.sun.javafx.tk.quantum.PresentingPainter::run@69 (line 124)
  0x0000017ac3026588: 5488 9f06 

  0x0000017ac302658c: ;   {post_call_nop}
  0x0000017ac302658c: 0f1f 8400 | 0478 0045 | 4c8b 8424 | d801 0000 

  0x0000017ac302659c: ;   {metadata(method elemento for {method} {0x000000003d197b50} 'cast' '(Ljava/lang/Object;)Ljava/lang/Object;' in 'java/lang/Class')}
  0x0000017ac302659c: 48ba c891 | 09da 7a01 | 0000 4883 | 8278 0100 | 0001 4c8b | c048 8b94 | 24d8 0100 | 0066 0f1f 
  0x0000017ac30265bc: ;   {optimized virtual_call}
  0x0000017ac30265bc: 4400 00e8 

  0x0000017ac30265c0: ; ImmutableOopMap {[232]=Oop [472]=Oop }
                      ;*invokespecial <init> {reexecute=0 rethrow=0 return_oop=0}
                      ; - java.lang.Class::cast@21 (line 3492)
                      ; - java.lang.invoke.VarHandleInts$FieldInstanceReadWrite::getAndSet@13 (line 250)
                      ; - java.lang.invoke.VarHandleGuards::guard_LI_I@45 (line 185)
                      ; - java.util.concurrent.atomic.AtomicBoolean::getAndSet@13 (line 171)
                      ; - com.sun.javafx.tk.quantum.GlassScene::setPainting@5 (line 293)
                      ; - com.sun.javafx.tk.quantum.PresentingPainter::run@69 (line 124)
  0x0000017ac30265c0: 1c88 9f06 

  0x0000017ac30265c4: ;   {post_call_nop}
  0x0000017ac30265c4: 0f1f 8400 | 3c78 0046 | 488b 8424 | d801 0000 | e98b 4a00 | 0049 8b87 | 8805 0000 | 4d33 d24d 
  0x0000017ac30265e4: 8997 8805 | 0000 4d33 | d24d 8997 | 9005 0000 | 488b d048 | 8d84 2458 | 0200 0048 | 8b70 0845 
  0x0000017ac3026604: 8b87 d806 | 0000 4b3b | 7407 f80f | 85b6 3500 | 0041 83af | d806 0000 | 084b 3b74 | 07f0 0f84 
  0x0000017ac3026624: 2a00 0000 | 488b 06a8 | 020f 8512 | 0000 004c | 8bc0 4983 | c801 f04c | 0fb1 060f | 840d 0000 
  0x0000017ac3026644: 0041 8387 | d806 0000 | 08e9 7935 | 0000 488b 

  0x0000017ac3026654: ; ImmutableOopMap {rax=Oop [232]=Oop }
                      ;*invokevirtual getDoPresent {reexecute=0 rethrow=0 return_oop=0}
                      ; - com.sun.javafx.tk.quantum.PresentingPainter::run@441 (line 106)
                      ;   {section_word}
  0x0000017ac3026654: c248 ba55 | 6602 c37a 

  0x0000017ac302665c: ;   {runtime_call C1 Runtime handle_exception_blob}
  0x0000017ac302665c: 0100 00e8 | 7c1e ac06 | 9049 8b87 | 8805 0000 | 4d33 d24d | 8997 8805 | 0000 4d33 | d24d 8997 
  0x0000017ac302667c: 9005 0000 

  0x0000017ac3026680: ;   {oop(a 'java/lang/Class'{0x00000007ffe7e828} = 'java/lang/System')}
  0x0000017ac3026680: 48ba 28e8 | e7ff 0700 | 0000 448b | 8280 0000 | 0049 c1e0 | 0348 8bd0 

  0x0000017ac3026698: ;   {metadata(method elemento for {method} {0x0000017ada99e008} 'run' '()V' in 'com/sun/javafx/tk/quantum/PresentingPainter')}
  0x0000017ac3026698: 48bf c024 | 22db 7a01 | 0000 8b52 | 0841 ba00 | 0000 3d49 | 03d2 483b | 97d8 0d00 | 0075 0d48 
  0x0000017ac30266b8: 8387 e00d | 0000 01e9 | 6000 0000 | 483b 97e8 | 0d00 0075 | 0d48 8387 | f00d 0000 | 01e9 4a00 
  0x0000017ac30266d8: 0000 4883 | bfd8 0d00 | 0000 7517 | 4889 97d8 | 0d00 0048 | c787 e00d | 0000 0100 | 0000 e929 
  0x0000017ac30266f8: 0000 0048 | 83bf e80d | 0000 0075 | 1748 8997 | e80d 0000 | 48c7 87f0 | 0d00 0001 | 0000 00e9 
  0x0000017ac3026718: 0800 0000 | 4883 87d0 | 0d00 0001 

  0x0000017ac3026724: ;   {metadata(method elemento for {method} {0x000000003d1a6b38} 'printStackTrace' '(Ljava/io/PrintStream;)V' in 'java/lang/Throwable')}
  0x0000017ac3026724: 48ba b0b2 | 3fda 7a01 | 0000 8bba | 9000 0000 | 83c7 0289 | ba90 0000 | 0081 e7fe | ff1f 0085 
  0x0000017ac3026744: ff0f 8496 | 3400 000f | 1f44 0000 

  0x0000017ac3026750: ;   {metadata('java/lang/Throwable$WrappedPrintStream')}
  0x0000017ac3026750: 48ba 587b | 013e 0000 | 0000 4889 | 8424 e001 | 0000 e9b4 | 3400 0048 

  0x0000017ac3026768: ;   {metadata(method elemento for {method} {0x000000003d1a6b38} 'printStackTrace' '(Ljava/io/PrintStream;)V' in 'java/lang/Throwable')}
  0x0000017ac3026768: 8bd0 48bb | b0b2 3fda | 7a01 0000 | 4883 83d8 | 0000 0001 | 488b d048 | 8984 24e8 

  0x0000017ac3026784: ;   {optimized virtual_call}
  0x0000017ac3026784: 0100 00e8 

  0x0000017ac3026788: ; ImmutableOopMap {[232]=Oop [480]=Oop [488]=Oop }
                      ;*invokespecial <init> {reexecute=0 rethrow=0 return_oop=0}
                      ; - java.lang.Throwable::printStackTrace@6 (line 686)
                      ; - com.sun.javafx.tk.quantum.PresentingPainter::run@546 (line 115)
  0x0000017ac3026788: f14a 0000 

  0x0000017ac302678c: ;   {post_call_nop}
  0x0000017ac302678c: 0f1f 8400 | 047a 0048 | 488b 8424 | e001 0000 

  0x0000017ac302679c: ;   {metadata(method elemento for {method} {0x000000003d1a6b38} 'printStackTrace' '(Ljava/io/PrintStream;)V' in 'java/lang/Throwable')}
  0x0000017ac302679c: 49b8 b0b2 | 3fda 7a01 | 0000 4983 | 80e8 0000 | 0001 4c8b | 8424 e801 | 0000 488b | 9424 e001 
  0x0000017ac30267bc: ;   {optimized virtual_call}
  0x0000017ac30267bc: 0000 90e8 

  0x0000017ac30267c0: ; ImmutableOopMap {[232]=Oop }
                      ;*invokevirtual printStackTrace {reexecute=0 rethrow=0 return_oop=0}
                      ; - java.lang.Throwable::printStackTrace@9 (line 686)
                      ; - com.sun.javafx.tk.quantum.PresentingPainter::run@546 (line 115)
  0x0000017ac30267c0: a24b 0000 

  0x0000017ac30267c4: ;   {post_call_nop}
  0x0000017ac30267c4: 0f1f 8400 | 3c7a 0049 

  0x0000017ac30267cc: ;   {metadata(method elemento for {method} {0x0000017ada99e008} 'run' '()V' in 'com/sun/javafx/tk/quantum/PresentingPainter')}
  0x0000017ac30267cc: 48bf c024 | 22db 7a01 | 0000 4883 | 8700 0e00 

  0x0000017ac30267dc: ;   {static_call}
  0x0000017ac30267dc: 0001 90e8 

  0x0000017ac30267e0: ; ImmutableOopMap {[232]=Oop }
                      ;*invokestatic cleanUp {reexecute=0 rethrow=0 return_oop=0}
                      ; - com.sun.javafx.tk.quantum.PresentingPainter::run@549 (line 117)
  0x0000017ac30267e0: 9c96 0100 

  0x0000017ac30267e4: ;   {post_call_nop}
  0x0000017ac30267e4: 0f1f 8400 | 5c7a 004a | 448b 8424 | f001 0000 

  0x0000017ac30267f4: ;   {metadata(method elemento for {method} {0x0000017ada99e008} 'run' '()V' in 'com/sun/javafx/tk/quantum/PresentingPainter')}
  0x0000017ac30267f4: 4585 c049 | b8c0 2422 | db7a 0100 | 00ba 100e | 0000 7405 | ba20 0e00 | 0049 8b34 | 1048 8d76 
  0x0000017ac3026814: 0149 8934 | 100f 846d | 0200 0048 | 8b94 24e8 | 0000 0044 | 8b42 2849 | c1e0 0349 | 3b00 498b 
  0x0000017ac3026834: ;   {metadata(method elemento for {method} {0x0000017ada99e008} 'run' '()V' in 'com/sun/javafx/tk/quantum/PresentingPainter')}
  0x0000017ac3026834: f048 bfc0 | 2422 db7a | 0100 008b | 7608 41ba | 0000 003d | 4903 f248 | 3bb7 380e | 0000 750d 
  0x0000017ac3026854: 4883 8740 | 0e00 0001 | e960 0000 | 0048 3bb7 | 480e 0000 | 750d 4883 | 8750 0e00 | 0001 e94a 
  0x0000017ac3026874: 0000 0048 | 83bf 380e | 0000 0075 | 1748 89b7 | 380e 0000 | 48c7 8740 | 0e00 0001 | 0000 00e9 
  0x0000017ac3026894: 2900 0000 | 4883 bf48 | 0e00 0000 | 7517 4889 | b748 0e00 | 0048 c787 | 500e 0000 | 0100 0000 
  0x0000017ac30268b4: e908 0000 | 0048 8387 | 300e 0000 

  0x0000017ac30268c0: ;   {metadata(method elemento for {method} {0x0000017ada9a3998} 'unlock' '()V' in 'com/sun/prism/PresentableState')}
  0x0000017ac30268c0: 0148 be10 | 5f22 db7a | 0100 008b | be90 0000 | 0083 c702 | 89be 9000 | 0000 81e7 | feff 1f00 
  0x0000017ac30268e0: 85ff 0f84 | 4533 0000 | 418b 5868 | 48c1 e303 

  0x0000017ac30268f0: ;   {metadata(method elemento for {method} {0x0000017ada9a3998} 'unlock' '()V' in 'com/sun/prism/PresentableState')}
  0x0000017ac30268f0: 4885 db49 | b810 5f22 | db7a 0100 | 00be d800 | 0000 7405 | bee8 0000 | 0049 8b3c | 3048 8d7f 
  0x0000017ac3026910: 0149 893c | 300f 8471 | 0100 0048 | 3b03 4c8b 

  0x0000017ac3026920: ;   {metadata(method elemento for {method} {0x0000017ada9a3998} 'unlock' '()V' in 'com/sun/prism/PresentableState')}
  0x0000017ac3026920: c348 be10 | 5f22 db7a | 0100 0045 | 8b40 0841 | ba00 0000 | 3d4d 03c2 | 4c3b 8600 | 0100 0075 
  0x0000017ac3026940: 0d48 8386 | 0801 0000 | 01e9 6000 | 0000 4c3b | 8610 0100 | 0075 0d48 | 8386 1801 | 0000 01e9 
  0x0000017ac3026960: 4a00 0000 | 4883 be00 | 0100 0000 | 7517 4c89 | 8600 0100 | 0048 c786 | 0801 0000 | 0100 0000 
  0x0000017ac3026980: e929 0000 | 0048 83be | 1001 0000 | 0075 174c | 8986 1001 | 0000 48c7 | 8618 0100 | 0001 0000 
  0x0000017ac30269a0: 00e9 0800 | 0000 4883 | 86f8 0000 

  0x0000017ac30269ac: ;   {metadata(method elemento for {method} {0x0000017ada4f9778} 'unlock' '()V' in 'com/sun/glass/ui/View')}
  0x0000017ac30269ac: 0001 49b8 | 7860 22db | 7a01 0000 | 418b b090 | 0000 0083 | c602 4189 | b090 0000 | 0081 e6fe 
  0x0000017ac30269cc: ff1f 0085 | f60f 847c | 3200 004c 

  0x0000017ac30269d8: ;   {metadata(method elemento for {method} {0x0000017ada4f9778} 'unlock' '()V' in 'com/sun/glass/ui/View')}
  0x0000017ac30269d8: 8bc3 48be | 7860 22db | 7a01 0000 | 4883 86d8 | 0000 0001 

  0x0000017ac30269ec: ;   {metadata(method elemento for {method} {0x0000017ada4f7860} 'checkNotClosed' '()V' in 'com/sun/glass/ui/View')}
  0x0000017ac30269ec: 49b8 f032 | 18db 7a01 | 0000 418b | b090 0000 | 0083 c602 | 4189 b090 | 0000 0081 | e6fe ff1f 
  0x0000017ac3026a0c: 0085 f60f | 845f 3200 | 00c5 fb10 | 4310 c4c1 | f97e c049 

  0x0000017ac3026a20: ;   {metadata(method elemento for {method} {0x0000017ada4f7860} 'checkNotClosed' '()V' in 'com/sun/glass/ui/View')}
  0x0000017ac3026a20: 83f8 0049 | b8f0 3218 | db7a 0100 | 00be e800 | 0000 7405 | bed8 0000 | 0049 8b3c | 3048 8d7f 
  0x0000017ac3026a40: 0149 893c | 300f 8406 | 1e00 00c5 | fb10 4310 | c4c1 f97e | c048 8bf3 

  0x0000017ac3026a58: ;   {metadata(method elemento for {method} {0x0000017ada4f9778} 'unlock' '()V' in 'com/sun/glass/ui/View')}
  0x0000017ac3026a58: 48bf 7860 | 22db 7a01 

  0x0000017ac3026a60: ;   {metadata('com/sun/glass/ui/win/WinView')}
  0x0000017ac3026a60: 0000 49ba | c877 053e | 0000 0000 | 4c89 9710 | 0100 0048 | 8387 1801 | 0000 0148 

  0x0000017ac3026a7c: ;   {optimized virtual_call}
  0x0000017ac3026a7c: 8bd3 90e8 

  0x0000017ac3026a80: ; ImmutableOopMap {[232]=Oop }
                      ;*invokevirtual _end {reexecute=0 rethrow=0 return_oop=0}
                      ; - com.sun.glass.ui.View::unlock@9 (line 742)
                      ; - com.sun.prism.PresentableState::unlock@11 (line 296)
                      ; - com.sun.javafx.tk.quantum.PresentingPainter::run@560 (line 120)
  0x0000017ac3026a80: 8c05 2607 

  0x0000017ac3026a84: ;   {post_call_nop}
  0x0000017ac3026a84: 0f1f 8400 | fc7c 004b | 488b 9424 | e800 0000 | 448b 4228 | 49c1 e003 

  0x0000017ac3026a9c: ; implicit exception: dispatches to 0x0000017ac3029c95
  0x0000017ac3026a9c: 493b 0049 

  0x0000017ac3026aa0: ;   {metadata(method elemento for {method} {0x0000017ada99e008} 'run' '()V' in 'com/sun/javafx/tk/quantum/PresentingPainter')}
  0x0000017ac3026aa0: 8bf0 48bf | c024 22db | 7a01 0000 

  0x0000017ac3026aac: ;   {metadata('com/sun/javafx/tk/quantum/SceneState')}
  0x0000017ac3026aac: 49ba 6869 | 143e 0000 | 0000 4c89 | 9768 0e00 | 0048 8387 | 700e 0000 | 0145 8b40 | 6c49 c1e0 
  0x0000017ac3026acc: 034d 85c0 

  0x0000017ac3026ad0: ;   {metadata(method elemento for {method} {0x0000017ada99e008} 'run' '()V' in 'com/sun/javafx/tk/quantum/PresentingPainter')}
  0x0000017ac3026ad0: 48bf c024 | 22db 7a01 | 0000 750c | 808f 890e | 0000 01e9 | a800 0000 | 418b 5808 | 41ba 0000 
  0x0000017ac3026af0: 003d 4903 | da48 3b9f | 980e 0000 | 750d 4883 | 87a0 0e00 | 0001 e960 | 0000 0048 | 3b9f a80e 
  0x0000017ac3026b10: 0000 750d | 4883 87b0 | 0e00 0001 | e94a 0000 | 0048 83bf | 980e 0000 | 0075 1748 | 899f 980e 
  0x0000017ac3026b30: 0000 48c7 | 87a0 0e00 | 0001 0000 | 00e9 2900 | 0000 4883 | bfa8 0e00 | 0000 7517 | 4889 9fa8 
  0x0000017ac3026b50: 0e00 0048 | c787 b00e | 0000 0100 | 0000 e908 | 0000 0048 | 8387 900e 

  0x0000017ac3026b68: ;   {metadata('com/sun/javafx/tk/quantum/ViewScene')}
  0x0000017ac3026b68: 0000 0148 | bbf0 1814 | 3e00 0000 | 0041 8b70 | 0841 ba00 | 0000 3d49 | 03f2 483b | de0f 850f 
  0x0000017ac3026b88: 3100 00e9 | 0000 0000 

  0x0000017ac3026b90: ; implicit exception: dispatches to 0x0000017ac3029ca3
  0x0000017ac3026b90: 493b 0049 

  0x0000017ac3026b94: ;   {metadata(method elemento for {method} {0x0000017ada99e008} 'run' '()V' in 'com/sun/javafx/tk/quantum/PresentingPainter')}
  0x0000017ac3026b94: 8bf0 48bf | c024 22db | 7a01 0000 | 8b76 0841 | ba00 0000 | 3d49 03f2 | 483b b7c8 | 0e00 0075 
  0x0000017ac3026bb4: 0d48 8387 | d00e 0000 | 01e9 6000 | 0000 483b | b7d8 0e00 | 0075 0d48 | 8387 e00e | 0000 01e9 
  0x0000017ac3026bd4: 4a00 0000 | 4883 bfc8 | 0e00 0000 | 7517 4889 | b7c8 0e00 | 0048 c787 | d00e 0000 | 0100 0000 
  0x0000017ac3026bf4: e929 0000 | 0048 83bf | d80e 0000 | 0075 1748 | 89b7 d80e | 0000 48c7 | 87e0 0e00 | 0001 0000 
  0x0000017ac3026c14: 00e9 0800 | 0000 4883 | 87c0 0e00 

  0x0000017ac3026c20: ;   {metadata(method elemento for {method} {0x0000017ada4eba90} 'setPainting' '(Z)Z' in 'com/sun/javafx/tk/quantum/GlassScene')}
  0x0000017ac3026c20: 0001 48be | e072 1ddb | 7a01 0000 | 8bbe 9000 | 0000 83c7 | 0289 be90 | 0000 0081 | e7fe ff1f 
  0x0000017ac3026c40: 0085 ff0f | 845f 3000 | 0041 8b58 | 3848 c1e3 | 0348 3b03 

  0x0000017ac3026c54: ;   {metadata(method elemento for {method} {0x0000017ada4eba90} 'setPainting' '(Z)Z' in 'com/sun/javafx/tk/quantum/GlassScene')}
  0x0000017ac3026c54: 4c8b c348 | bee0 721d | db7a 0100 | 0045 8b40 | 0841 ba00 | 0000 3d4d | 03c2 4c3b | 86e0 0000 
  0x0000017ac3026c74: 0075 0d48 | 8386 e800 | 0000 01e9 | 6000 0000 | 4c3b 86f0 | 0000 0075 | 0d48 8386 | f800 0000 
  0x0000017ac3026c94: 01e9 4a00 | 0000 4883 | bee0 0000 | 0000 7517 | 4c89 86e0 | 0000 0048 | c786 e800 | 0000 0100 
  0x0000017ac3026cb4: 0000 e929 | 0000 0048 | 83be f000 | 0000 0075 | 174c 8986 | f000 0000 | 48c7 86f8 | 0000 0001 
  0x0000017ac3026cd4: 0000 00e9 | 0800 0000 | 4883 86d8 | 0000 0001 

  0x0000017ac3026ce4: ;   {metadata(method elemento for {method} {0x0000017ada0e7318} 'getAndSet' '(Z)Z' in 'java/util/concurrent/atomic/AtomicBoolean')}
  0x0000017ac3026ce4: 49b8 e8a6 | d1da 7a01 | 0000 418b | b090 0000 | 0083 c602 | 4189 b090 | 0000 0081 | e6fe ff1f 
  0x0000017ac3026d04: 0085 f60f | 84c1 2f00 

  0x0000017ac3026d0c: ;   {metadata(method elemento for {method} {0x0000017ada0e7318} 'getAndSet' '(Z)Z' in 'java/util/concurrent/atomic/AtomicBoolean')}
  0x0000017ac3026d0c: 0049 b8e8 | a6d1 da7a | 0100 0041 | ff80 d800 

  0x0000017ac3026d1c: ;   {metadata(method elemento for {method} {0x0000017ada0e7318} 'getAndSet' '(Z)Z' in 'java/util/concurrent/atomic/AtomicBoolean')}
  0x0000017ac3026d1c: 0000 49b8 | e8a6 d1da | 7a01 0000 | 4983 8010 | 0100 0001 

  0x0000017ac3026d30: ;   {metadata(method elemento for {method} {0x000000003d28f1b0} 'guard_LI_I' '(Ljava/lang/invoke/VarHandle;Ljava/lang/Object;ILjava/lang/invoke/VarHandle$AccessDescriptor;)I' in 'java/lang/invoke/VarHandleGuards')}
  0x0000017ac3026d30: 49b8 2092 | 07da 7a01 | 0000 418b | b090 0000 | 0083 c602 | 4189 b090 | 0000 0081 | e6fe ff1f 
  0x0000017ac3026d50: 0085 f60f | 8496 2f00 

  0x0000017ac3026d58: ;   {oop(a 'java/lang/invoke/VarHandleInts$FieldInstanceReadWrite'{0x0000000705e51988})}
  0x0000017ac3026d58: 0049 b888 | 19e5 0507 

  0x0000017ac3026d60: ;   {metadata(method elemento for {method} {0x000000003d28f1b0} 'guard_LI_I' '(Ljava/lang/invoke/VarHandle;Ljava/lang/Object;ILjava/lang/invoke/VarHandle$AccessDescriptor;)I' in 'java/lang/invoke/VarHandleGuards')}
  0x0000017ac3026d60: 0000 0048 | be20 9207 | da7a 0100 | 0045 8b40 | 0841 ba00 | 0000 3d4d | 03c2 4c3b | 86e0 0000 
  0x0000017ac3026d80: 0075 0d48 | 8386 e800 | 0000 01e9 | 6000 0000 | 4c3b 86f0 | 0000 0075 | 0d48 8386 | f800 0000 
  0x0000017ac3026da0: 01e9 4a00 | 0000 4883 | bee0 0000 | 0000 7517 | 4c89 86e0 | 0000 0048 | c786 e800 | 0000 0100 
  0x0000017ac3026dc0: 0000 e929 | 0000 0048 | 83be f000 | 0000 0075 | 174c 8986 | f000 0000 | 48c7 86f8 | 0000 0001 
  0x0000017ac3026de0: 0000 00e9 | 0800 0000 | 4883 86d8 | 0000 0001 

  0x0000017ac3026df0: ;   {metadata(method elemento for {method} {0x000000003d207d48} 'checkAccessModeThenIsDirect' '(Ljava/lang/invoke/VarHandle$AccessDescriptor;)Z' in 'java/lang/invoke/VarHandle')}
  0x0000017ac3026df0: 49b8 a895 | 07da 7a01 | 0000 418b | b090 0000 | 0083 c602 | 4189 b090 | 0000 0081 | e6fe ff1f 
  0x0000017ac3026e10: 0085 f60f | 84f7 2e00 

  0x0000017ac3026e18: ;   {metadata(method elemento for {method} {0x000000003d207d48} 'checkAccessModeThenIsDirect' '(Ljava/lang/invoke/VarHandle$AccessDescriptor;)Z' in 'java/lang/invoke/VarHandle')}
  0x0000017ac3026e18: 0049 b8a8 | 9507 da7a | 0100 0041 | ff80 d800 

  0x0000017ac3026e28: ;   {metadata(method elemento for {method} {0x000000003d28f1b0} 'guard_LI_I' '(Ljava/lang/invoke/VarHandle;Ljava/lang/Object;ILjava/lang/invoke/VarHandle$AccessDescriptor;)I' in 'java/lang/invoke/VarHandleGuards')}
  0x0000017ac3026e28: 0000 49b8 | 2092 07da | 7a01 0000 | 41ff 8030 

  0x0000017ac3026e38: ;   {metadata(method elemento for {method} {0x000000003d28f1b0} 'guard_LI_I' '(Ljava/lang/invoke/VarHandle;Ljava/lang/Object;ILjava/lang/invoke/VarHandle$AccessDescriptor;)I' in 'java/lang/invoke/VarHandleGuards')}
  0x0000017ac3026e38: 0100 0049 | b820 9207 | da7a 0100 | 0041 ff80 | 5001 0000 

  0x0000017ac3026e4c: ;   {oop(a 'java/lang/invoke/VarForm'{0x0000000705e38120})}
  0x0000017ac3026e4c: 49b8 2081 | e305 0700 

  0x0000017ac3026e54: ;   {metadata(method elemento for {method} {0x000000003d28f1b0} 'guard_LI_I' '(Ljava/lang/invoke/VarHandle;Ljava/lang/Object;ILjava/lang/invoke/VarHandle$AccessDescriptor;)I' in 'java/lang/invoke/VarHandleGuards')}
  0x0000017ac3026e54: 0000 48be | 2092 07da | 7a01 0000 | 458b 4008 | 41ba 0000 | 003d 4d03 | c24c 3b86 | 6801 0000 
  0x0000017ac3026e74: 750d 4883 | 8670 0100 | 0001 e960 | 0000 004c | 3b86 7801 | 0000 750d | 4883 8680 | 0100 0001 
  0x0000017ac3026e94: e94a 0000 | 0048 83be | 6801 0000 | 0075 174c | 8986 6801 | 0000 48c7 | 8670 0100 | 0001 0000 
  0x0000017ac3026eb4: 00e9 2900 | 0000 4883 | be78 0100 | 0000 7517 | 4c89 8678 | 0100 0048 | c786 8001 | 0000 0100 
  0x0000017ac3026ed4: 0000 e908 | 0000 0048 | 8386 6001 

  0x0000017ac3026ee0: ;   {metadata(method elemento for {method} {0x000000003d28e928} 'getMemberName' '(I)Ljava/lang/invoke/MemberName;' in 'java/lang/invoke/VarForm')}
  0x0000017ac3026ee0: 0000 0149 | b8f8 9b07 | da7a 0100 | 0041 8bb0 | 9000 0000 | 83c6 0241 | 89b0 9000 | 0000 81e6 
  0x0000017ac3026f00: feff 1f00 | 85f6 0f84 | 252e 0000 

  0x0000017ac3026f0c: ;   {metadata(method elemento for {method} {0x000000003d28e928} 'getMemberName' '(I)Ljava/lang/invoke/MemberName;' in 'java/lang/invoke/VarForm')}
  0x0000017ac3026f0c: 49b8 f89b | 07da 7a01 | 0000 41ff | 80d8 0000 

  0x0000017ac3026f1c: ;   {metadata(method elemento for {method} {0x000000003d28f1b0} 'guard_LI_I' '(Ljava/lang/invoke/VarHandle;Ljava/lang/Object;ILjava/lang/invoke/VarHandle$AccessDescriptor;)I' in 'java/lang/invoke/VarHandleGuards')}
  0x0000017ac3026f1c: 0049 b820 | 9207 da7a | 0100 0049 | 8380 a001 

  0x0000017ac3026f2c: ;   {metadata(method elemento for {method} {0x0000017ada0ea050} 'getAndSet' '(Ljava/lang/invoke/VarHandle;Ljava/lang/Object;I)I' in 'java/lang/invoke/VarHandleInts$FieldInstanceReadWrite')}
  0x0000017ac3026f2c: 0000 0149 | b8c0 a8d1 | da7a 0100 | 0041 8bb0 | 9000 0000 | 83c6 0241 | 89b0 9000 | 0000 81e6 
  0x0000017ac3026f4c: feff 1f00 | 85f6 0f84 | fa2d 0000 

  0x0000017ac3026f58: ;   {oop(a 'java/lang/Class'{0x0000000705e51900} = 'java/util/concurrent/atomic/AtomicBoolean')}
  0x0000017ac3026f58: 49b8 0019 | e505 0700 

  0x0000017ac3026f60: ;   {metadata(method elemento for {method} {0x0000017ada0ea050} 'getAndSet' '(Ljava/lang/invoke/VarHandle;Ljava/lang/Object;I)I' in 'java/lang/invoke/VarHandleInts$FieldInstanceReadWrite')}
  0x0000017ac3026f60: 0000 48be | c0a8 d1da | 7a01 0000 | 458b 4008 | 41ba 0000 | 003d 4d03 | c24c 3b86 | 1001 0000 
  0x0000017ac3026f80: 750d 4883 | 8618 0100 | 0001 e960 | 0000 004c | 3b86 2001 | 0000 750d | 4883 8628 | 0100 0001 
  0x0000017ac3026fa0: e94a 0000 | 0048 83be | 1001 0000 | 0075 174c | 8986 1001 | 0000 48c7 | 8618 0100 | 0001 0000 
  0x0000017ac3026fc0: 00e9 2900 | 0000 4883 | be20 0100 | 0000 7517 | 4c89 8620 | 0100 0048 | c786 2801 | 0000 0100 
  0x0000017ac3026fe0: 0000 e908 | 0000 0048 | 8386 0801 

  0x0000017ac3026fec: ;   {metadata(method elemento for {method} {0x000000003d197b50} 'cast' '(Ljava/lang/Object;)Ljava/lang/Object;' in 'java/lang/Class')}
  0x0000017ac3026fec: 0000 0149 | b8c8 9109 | da7a 0100 | 0041 8bb0 | 9000 0000 | 83c6 0241 | 89b0 9000 | 0000 81e6 
  0x0000017ac302700c: feff 1f00 | 85f6 0f84 | 5b2d 0000 

  0x0000017ac3027018: ;   {metadata(method elemento for {method} {0x000000003d197b50} 'cast' '(Ljava/lang/Object;)Ljava/lang/Object;' in 'java/lang/Class')}
  0x0000017ac3027018: 4885 db49 | b8c8 9109 | da7a 0100 | 00be d800 | 0000 7405 | bee8 0000 | 0049 8b3c | 3048 8d7f 
  0x0000017ac3027038: 0149 893c | 300f 84fb 

  0x0000017ac3027040: ;   {oop(a 'java/lang/Class'{0x0000000705e51900} = 'java/util/concurrent/atomic/AtomicBoolean')}
  0x0000017ac3027040: 0000 0049 | b800 19e5 | 0507 0000 

  0x0000017ac302704c: ;   {metadata(method elemento for {method} {0x000000003d197b50} 'cast' '(Ljava/lang/Object;)Ljava/lang/Object;' in 'java/lang/Class')}
  0x0000017ac302704c: 0048 bec8 | 9109 da7a | 0100 0045 | 8b40 0841 | ba00 0000 | 3d4d 03c2 | 4c3b 8600 | 0100 0075 
  0x0000017ac302706c: 0d48 8386 | 0801 0000 | 01e9 6000 | 0000 4c3b | 8610 0100 | 0075 0d48 | 8386 1801 | 0000 01e9 
  0x0000017ac302708c: 4a00 0000 | 4883 be00 | 0100 0000 | 7517 4c89 | 8600 0100 | 0048 c786 | 0801 0000 | 0100 0000 
  0x0000017ac30270ac: e929 0000 | 0048 83be | 1001 0000 | 0075 174c | 8986 1001 | 0000 48c7 | 8618 0100 | 0001 0000 
  0x0000017ac30270cc: 00e9 0800 | 0000 4883 | 86f8 0000 | 0001 4885 | db0f 8425 

  0x0000017ac30270e0: ;   {metadata('java/util/concurrent/atomic/AtomicBoolean')}
  0x0000017ac30270e0: 0000 0048 | b8a0 c300 | 3e00 0000 | 008b 7b08 | 41ba 0000 | 003d 4903 | fa48 3b47 | 380f 8505 
  0x0000017ac3027100: 0000 00e9 | 0500 0000 | 4d33 c0eb | 0641 b801 | 0000 0045 

  0x0000017ac3027114: ;   {metadata(method elemento for {method} {0x000000003d197b50} 'cast' '(Ljava/lang/Object;)Ljava/lang/Object;' in 'java/lang/Class')}
  0x0000017ac3027114: 85c0 49b8 | c891 09da | 7a01 0000 | be38 0100 | 0074 05be | 2801 0000 | 498b 3c30 | 488d 7f01 
  0x0000017ac3027134: 4989 3c30 | 0f84 3b16 

  0x0000017ac302713c: ;   {metadata(method elemento for {method} {0x0000017ada0ea050} 'getAndSet' '(Ljava/lang/invoke/VarHandle;Ljava/lang/Object;I)I' in 'java/lang/invoke/VarHandleInts$FieldInstanceReadWrite')}
  0x0000017ac302713c: 0000 49b8 | c0a8 d1da | 7a01 0000 | 4983 8038 | 0100 0001 

  0x0000017ac3027150: ;   {metadata(method elemento for {method} {0x000000003d45aa48} 'requireNonNull' '(Ljava/lang/Object;)Ljava/lang/Object;' in 'java/util/Objects')}
  0x0000017ac3027150: 49b8 b846 | 01da 7a01 | 0000 418b | b090 0000 | 0083 c602 | 4189 b090 | 0000 0081 | e6fe ff1f 
  0x0000017ac3027170: 0085 f60f | 841b 2c00 | 0048 85db 

  0x0000017ac302717c: ;   {metadata(method elemento for {method} {0x000000003d45aa48} 'requireNonNull' '(Ljava/lang/Object;)Ljava/lang/Object;' in 'java/util/Objects')}
  0x0000017ac302717c: 49b8 b846 | 01da 7a01 | 0000 bee8 | 0000 0074 | 05be d800 | 0000 498b | 3c30 488d | 7f01 4989 
  0x0000017ac302719c: 3c30 0f84 | 3515 0000 | 4c8d 430c | be00 0000 | 0041 8730 

  0x0000017ac30271b0: ;   {metadata(method elemento for {method} {0x0000017ada0e7318} 'getAndSet' '(Z)Z' in 'java/util/concurrent/atomic/AtomicBoolean')}
  0x0000017ac30271b0: 85f6 49b8 | e8a6 d1da | 7a01 0000 | be58 0100 | 0074 05be | 6801 0000 | 498b 3c30 | 488d 7f01 
  0x0000017ac30271d0: 4989 3c30 | 0f84 1c00 

  0x0000017ac30271d8: ;   {metadata(method elemento for {method} {0x0000017ada0e7318} 'getAndSet' '(Z)Z' in 'java/util/concurrent/atomic/AtomicBoolean')}
  0x0000017ac30271d8: 0000 49b8 | e8a6 d1da | 7a01 0000 | 41ff 8078 | 0100 0041 | b801 0000 | 00e9 0600 | 0000 41b8 
  0x0000017ac30271f8: 0000 0000 | 4183 e001 | 4183 e001 | 448b 4230 | 49c1 e003 

  0x0000017ac302720c: ;   {metadata(method elemento for {method} {0x0000017ada99e008} 'run' '()V' in 'com/sun/javafx/tk/quantum/PresentingPainter')}
  0x0000017ac302720c: 4d85 c048 | bac0 2422 | db7a 0100 | 00be f00e | 0000 7405 | be00 0f00 | 0048 8b3c | 3248 8d7f 
  0x0000017ac302722c: 0148 893c | 320f 8435 | 0100 004d | 85c0 0f84 | 2600 0000 

  0x0000017ac3027240: ;   {metadata('com/sun/prism/d3d/D3DResourceFactory')}
  0x0000017ac3027240: 48bb d047 | 053e 0000 | 0000 418b | 7808 41ba | 0000 003d | 4903 fa48 | 3b5f 480f | 8554 2b00 
  0x0000017ac3027260: 00e9 0000 | 0000 498b | d049 3b00 

  0x0000017ac302726c: ;   {metadata(method elemento for {method} {0x0000017ada99e008} 'run' '()V' in 'com/sun/javafx/tk/quantum/PresentingPainter')}
  0x0000017ac302726c: 48ba c024 | 22db 7a01 

  0x0000017ac3027274: ;   {metadata('com/sun/prism/d3d/D3DResourceFactory')}
  0x0000017ac3027274: 0000 49ba | d047 053e | 0000 0000 | 4c89 9218 | 0f00 0048 | 8382 200f 

  0x0000017ac302728c: ;   {metadata(method elemento for {method} {0x0000017ada4daca8} 'getTextureResourcePool' '()Lcom/sun/prism/impl/TextureResourcePool;' in 'com/sun/prism/d3d/D3DResourceFactory')}
  0x0000017ac302728c: 0000 0149 | b850 550e | db7a 0100 | 0041 8b90 | 9000 0000 | 83c2 0241 | 8990 9000 | 0000 81e2 
  0x0000017ac30272ac: feff 1f00 | 85d2 0f84 | 072b 0000 

  0x0000017ac30272b8: ;   {oop(a 'com/sun/prism/d3d/D3DVramPool'{0x0000000705a65610})}
  0x0000017ac30272b8: 48ba 1056 | a605 0700 | 0000 4c8b 

  0x0000017ac30272c4: ;   {metadata(method elemento for {method} {0x0000017ada99e008} 'run' '()V' in 'com/sun/javafx/tk/quantum/PresentingPainter')}
  0x0000017ac30272c4: c248 bec0 | 2422 db7a | 0100 0045 | 8b40 0841 | ba00 0000 | 3d4d 03c2 | 4c3b 8648 | 0f00 0075 
  0x0000017ac30272e4: 0d48 8386 | 500f 0000 | 01e9 6000 | 0000 4c3b | 8658 0f00 | 0075 0d48 | 8386 600f | 0000 01e9 
  0x0000017ac3027304: 4a00 0000 | 4883 be48 | 0f00 0000 | 7517 4c89 | 8648 0f00 | 0048 c786 | 500f 0000 | 0100 0000 
  0x0000017ac3027324: e929 0000 | 0048 83be | 580f 0000 | 0075 174c | 8986 580f | 0000 48c7 | 8660 0f00 | 0001 0000 
  0x0000017ac3027344: 00e9 0800 | 0000 4883 | 8640 0f00 | 0001 41b8 | 0100 0000 | 0f1f 8000 

  0x0000017ac302735c: ;   {optimized virtual_call}
  0x0000017ac302735c: 0000 00e8 

  0x0000017ac3027360: ; ImmutableOopMap {}
                      ;*invokeinterface freeDisposalRequestedAndCheckResources {reexecute=0 rethrow=0 return_oop=0}
                      ; - com.sun.javafx.tk.quantum.PresentingPainter::run@599 (line 127)
  0x0000017ac3027360: ac46 2d07 

  0x0000017ac3027364: ;   {post_call_nop}
  0x0000017ac3027364: 0f1f 8400 | dc85 004c 

  0x0000017ac302736c: ;   {oop(a 'java/util/concurrent/locks/ReentrantLock'{0x0000000705ba4130})}
  0x0000017ac302736c: 49b8 3041 | ba05 0700 | 0000 498b 

  0x0000017ac3027378: ;   {metadata(method elemento for {method} {0x0000017ada99e008} 'run' '()V' in 'com/sun/javafx/tk/quantum/PresentingPainter')}
  0x0000017ac3027378: d048 bec0 | 2422 db7a | 0100 008b | 5208 41ba | 0000 003d | 4903 d248 | 3b96 780f | 0000 750d 
  0x0000017ac3027398: 4883 8680 | 0f00 0001 | e960 0000 | 0048 3b96 | 880f 0000 | 750d 4883 | 8690 0f00 | 0001 e94a 
  0x0000017ac30273b8: 0000 0048 | 83be 780f | 0000 0075 | 1748 8996 | 780f 0000 | 48c7 8680 | 0f00 0001 | 0000 00e9 
  0x0000017ac30273d8: 2900 0000 | 4883 be88 | 0f00 0000 | 7517 4889 | 9688 0f00 | 0048 c786 | 900f 0000 | 0100 0000 
  0x0000017ac30273f8: e908 0000 | 0048 8386 | 700f 0000 

  0x0000017ac3027404: ;   {metadata(method elemento for {method} {0x000000003d1d9bd0} 'unlock' '()V' in 'java/util/concurrent/locks/ReentrantLock')}
  0x0000017ac3027404: 0148 ba58 | ecd2 da7a | 0100 008b | b290 0000 | 0083 c602 | 89b2 9000 | 0000 81e6 | feff 1f00 
  0x0000017ac3027424: 85f6 0f84 | b429 0000 | 418b 700c | 48c1 e603 

  0x0000017ac3027434: ; implicit exception: dispatches to 0x0000017ac3029e01
  0x0000017ac3027434: 483b 064c 

  0x0000017ac3027438: ;   {metadata(method elemento for {method} {0x000000003d1d9bd0} 'unlock' '()V' in 'java/util/concurrent/locks/ReentrantLock')}
  0x0000017ac3027438: 8bc6 48ba | 58ec d2da | 7a01 0000 | 458b 4008 | 41ba 0000 | 003d 4d03 | c24c 3b82 | e000 0000 
  0x0000017ac3027458: 750d 4883 | 82e8 0000 | 0001 e960 | 0000 004c | 3b82 f000 | 0000 750d | 4883 82f8 | 0000 0001 
  0x0000017ac3027478: e94a 0000 | 0048 83ba | e000 0000 | 0075 174c | 8982 e000 | 0000 48c7 | 82e8 0000 | 0001 0000 
  0x0000017ac3027498: 00e9 2900 | 0000 4883 | baf0 0000 | 0000 7517 | 4c89 82f0 | 0000 0048 | c782 f800 | 0000 0100 
  0x0000017ac30274b8: 0000 e908 | 0000 0048 | 8382 d800 

  0x0000017ac30274c4: ;   {metadata(method elemento for {method} {0x000000003d2d1e60} 'release' '(I)Z' in 'java/util/concurrent/locks/AbstractQueuedSynchronizer')}
  0x0000017ac30274c4: 0000 0149 | b8c8 7bd2 | da7a 0100 | 0041 8b90 | 9000 0000 | 83c2 0241 | 8990 9000 | 0000 81e2 
  0x0000017ac30274e4: feff 1f00 | 85d2 0f84 | 1629 0000 

  0x0000017ac30274f0: ;   {metadata(method elemento for {method} {0x000000003d2d1e60} 'release' '(I)Z' in 'java/util/concurrent/locks/AbstractQueuedSynchronizer')}
  0x0000017ac30274f0: 4c8b c648 | bac8 7bd2 | da7a 0100 | 0045 8b40 | 0841 ba00 | 0000 3d4d | 03c2 4c3b | 82e0 0000 
  0x0000017ac3027510: 0075 0d48 | 8382 e800 | 0000 01e9 | 6000 0000 | 4c3b 82f0 | 0000 0075 | 0d48 8382 | f800 0000 
  0x0000017ac3027530: 01e9 4a00 | 0000 4883 | bae0 0000 | 0000 7517 | 4c89 82e0 | 0000 0048 | c782 e800 | 0000 0100 
  0x0000017ac3027550: 0000 e929 | 0000 0048 | 83ba f000 | 0000 0075 | 174c 8982 | f000 0000 | 48c7 82f8 | 0000 0001 
  0x0000017ac3027570: 0000 00e9 | 0800 0000 | 4883 82d8 | 0000 0001 | 41b8 0100 | 0000 488b | d648 89b4 | 24f8 0100 
  0x0000017ac3027590: 0066 0f1f 

  0x0000017ac3027594: ;   {optimized virtual_call}
  0x0000017ac3027594: 4400 00e8 

  0x0000017ac3027598: ; ImmutableOopMap {[504]=Oop }
                      ;*invokevirtual tryRelease {reexecute=0 rethrow=0 return_oop=0}
                      ; - java.util.concurrent.locks.AbstractQueuedSynchronizer::release@2 (line 1099)
                      ; - java.util.concurrent.locks.ReentrantLock::unlock@5 (line 495)
                      ; - com.sun.javafx.tk.quantum.PresentingPainter::run@607 (line 130)
  0x0000017ac3027598: 742a 3007 

  0x0000017ac302759c: ;   {post_call_nop}
  0x0000017ac302759c: 0f1f 8400 | 1488 004d 

  0x0000017ac30275a4: ;   {metadata(method elemento for {method} {0x000000003d2d1e60} 'release' '(I)Z' in 'java/util/concurrent/locks/AbstractQueuedSynchronizer')}
  0x0000017ac30275a4: 85c0 48ba | c87b d2da | 7a01 0000 | be08 0100 | 0074 05be | 1801 0000 | 488b 3c32 | 488d 7f01 
  0x0000017ac30275c4: 4889 3c32 | 0f84 3800 | 0000 488b | b424 f801 | 0000 8b56 | 1048 c1e2 

  0x0000017ac30275dc: ;   {metadata(method elemento for {method} {0x000000003d2d1e60} 'release' '(I)Z' in 'java/util/concurrent/locks/AbstractQueuedSynchronizer')}
  0x0000017ac30275dc: 0348 bec8 | 7bd2 da7a | 0100 0048 | 8386 2801 

  0x0000017ac30275ec: ;   {static_call}
  0x0000017ac30275ec: 0000 01e8 

  0x0000017ac30275f0: ; ImmutableOopMap {}
                      ;*invokestatic signalNext {reexecute=0 rethrow=0 return_oop=0}
                      ; - java.util.concurrent.locks.AbstractQueuedSynchronizer::release@12 (line 1100)
                      ; - java.util.concurrent.locks.ReentrantLock::unlock@5 (line 495)
                      ; - com.sun.javafx.tk.quantum.PresentingPainter::run@607 (line 130)
  0x0000017ac30275f0: 0cb4 2d07 

  0x0000017ac30275f4: ;   {post_call_nop}
  0x0000017ac30275f4: 0f1f 8400 | 6c88 004e | b801 0000 | 00e9 7a0e | 0000 b800 | 0000 00e9 | 700e 0000 | 488b 9424 
  0x0000017ac3027614: e800 0000 | 498b 8788 | 0500 004d | 33d2 4d89 | 9788 0500 | 004d 33d2 | 4d89 9790 | 0500 0048 
  0x0000017ac3027634: 8984 2408 

  0x0000017ac3027638: ;   {metadata(method elemento for {method} {0x0000017ada99e008} 'run' '()V' in 'com/sun/javafx/tk/quantum/PresentingPainter')}
  0x0000017ac3027638: 0200 0048 | bbc0 2422 | db7a 0100 | 0048 8383 | b80f 0000 

  0x0000017ac302764c: ;   {static_call}
  0x0000017ac302764c: 0166 90e8 

  0x0000017ac3027650: ; ImmutableOopMap {[232]=Oop [520]=Oop }
                      ;*invokestatic cleanUp {reexecute=0 rethrow=0 return_oop=0}
                      ; - com.sun.javafx.tk.quantum.PresentingPainter::run@615 (line 117)
  0x0000017ac3027650: 8c7d 9f06 

  0x0000017ac3027654: ;   {post_call_nop}
  0x0000017ac3027654: 0f1f 8400 | cc88 004f | 448b 8424 | f401 0000 

  0x0000017ac3027664: ;   {metadata(method elemento for {method} {0x0000017ada99e008} 'run' '()V' in 'com/sun/javafx/tk/quantum/PresentingPainter')}
  0x0000017ac3027664: 4585 c049 | b8c0 2422 | db7a 0100 | 00ba c80f | 0000 7405 | bad8 0f00 | 0049 8b34 | 1048 8d76 
  0x0000017ac3027684: 0149 8934 | 100f 846d | 0200 0048 | 8b94 24e8 | 0000 0044 | 8b42 2849 | c1e0 0349 | 3b00 498b 
  0x0000017ac30276a4: ;   {metadata(method elemento for {method} {0x0000017ada99e008} 'run' '()V' in 'com/sun/javafx/tk/quantum/PresentingPainter')}
  0x0000017ac30276a4: f048 bfc0 | 2422 db7a | 0100 008b | 7608 41ba | 0000 003d | 4903 f248 | 3bb7 f00f | 0000 750d 
  0x0000017ac30276c4: 4883 87f8 | 0f00 0001 | e960 0000 | 0048 3bb7 | 0010 0000 | 750d 4883 | 8708 1000 | 0001 e94a 
  0x0000017ac30276e4: 0000 0048 | 83bf f00f | 0000 0075 | 1748 89b7 | f00f 0000 | 48c7 87f8 | 0f00 0001 | 0000 00e9 
  0x0000017ac3027704: 2900 0000 | 4883 bf00 | 1000 0000 | 7517 4889 | b700 1000 | 0048 c787 | 0810 0000 | 0100 0000 
  0x0000017ac3027724: e908 0000 | 0048 8387 | e80f 0000 

  0x0000017ac3027730: ;   {metadata(method elemento for {method} {0x0000017ada9a3998} 'unlock' '()V' in 'com/sun/prism/PresentableState')}
  0x0000017ac3027730: 0148 be10 | 5f22 db7a | 0100 008b | be90 0000 | 0083 c702 | 89be 9000 | 0000 81e7 | feff 1f00 
  0x0000017ac3027750: 85ff 0f84 | d426 0000 | 418b 5868 | 48c1 e303 

  0x0000017ac3027760: ;   {metadata(method elemento for {method} {0x0000017ada9a3998} 'unlock' '()V' in 'com/sun/prism/PresentableState')}
  0x0000017ac3027760: 4885 db49 | b810 5f22 | db7a 0100 | 00be d800 | 0000 7405 | bee8 0000 | 0049 8b3c | 3048 8d7f 
  0x0000017ac3027780: 0149 893c | 300f 8471 | 0100 0048 | 3b03 4c8b 

  0x0000017ac3027790: ;   {metadata(method elemento for {method} {0x0000017ada9a3998} 'unlock' '()V' in 'com/sun/prism/PresentableState')}
  0x0000017ac3027790: c348 be10 | 5f22 db7a | 0100 0045 | 8b40 0841 | ba00 0000 | 3d4d 03c2 | 4c3b 8600 | 0100 0075 
  0x0000017ac30277b0: 0d48 8386 | 0801 0000 | 01e9 6000 | 0000 4c3b | 8610 0100 | 0075 0d48 | 8386 1801 | 0000 01e9 
  0x0000017ac30277d0: 4a00 0000 | 4883 be00 | 0100 0000 | 7517 4c89 | 8600 0100 | 0048 c786 | 0801 0000 | 0100 0000 
  0x0000017ac30277f0: e929 0000 | 0048 83be | 1001 0000 | 0075 174c | 8986 1001 | 0000 48c7 | 8618 0100 | 0001 0000 
  0x0000017ac3027810: 00e9 0800 | 0000 4883 | 86f8 0000 

  0x0000017ac302781c: ;   {metadata(method elemento for {method} {0x0000017ada4f9778} 'unlock' '()V' in 'com/sun/glass/ui/View')}
  0x0000017ac302781c: 0001 49b8 | 7860 22db | 7a01 0000 | 418b b090 | 0000 0083 | c602 4189 | b090 0000 | 0081 e6fe 
  0x0000017ac302783c: ff1f 0085 | f60f 840b | 2600 004c 

  0x0000017ac3027848: ;   {metadata(method elemento for {method} {0x0000017ada4f9778} 'unlock' '()V' in 'com/sun/glass/ui/View')}
  0x0000017ac3027848: 8bc3 48be | 7860 22db | 7a01 0000 | 4883 86d8 | 0000 0001 

  0x0000017ac302785c: ;   {metadata(method elemento for {method} {0x0000017ada4f7860} 'checkNotClosed' '()V' in 'com/sun/glass/ui/View')}
  0x0000017ac302785c: 49b8 f032 | 18db 7a01 | 0000 418b | b090 0000 | 0083 c602 | 4189 b090 | 0000 0081 | e6fe ff1f 
  0x0000017ac302787c: 0085 f60f | 84ee 2500 | 00c5 fb10 | 4310 c4c1 | f97e c049 

  0x0000017ac3027890: ;   {metadata(method elemento for {method} {0x0000017ada4f7860} 'checkNotClosed' '()V' in 'com/sun/glass/ui/View')}
  0x0000017ac3027890: 83f8 0049 | b8f0 3218 | db7a 0100 | 00be e800 | 0000 7405 | bed8 0000 | 0049 8b3c | 3048 8d7f 
  0x0000017ac30278b0: 0149 893c | 300f 8466 | 0d00 00c5 | fb10 4310 | c4c1 f97e | c048 8bf3 

  0x0000017ac30278c8: ;   {metadata(method elemento for {method} {0x0000017ada4f9778} 'unlock' '()V' in 'com/sun/glass/ui/View')}
  0x0000017ac30278c8: 48bf 7860 | 22db 7a01 

  0x0000017ac30278d0: ;   {metadata('com/sun/glass/ui/win/WinView')}
  0x0000017ac30278d0: 0000 49ba | c877 053e | 0000 0000 | 4c89 9710 | 0100 0048 | 8387 1801 | 0000 0148 

  0x0000017ac30278ec: ;   {optimized virtual_call}
  0x0000017ac30278ec: 8bd3 90e8 

  0x0000017ac30278f0: ; ImmutableOopMap {[232]=Oop [520]=Oop }
                      ;*invokevirtual _end {reexecute=0 rethrow=0 return_oop=0}
                      ; - com.sun.glass.ui.View::unlock@9 (line 742)
                      ; - com.sun.prism.PresentableState::unlock@11 (line 296)
                      ; - com.sun.javafx.tk.quantum.PresentingPainter::run@626 (line 120)
  0x0000017ac30278f0: ec74 9f06 

  0x0000017ac30278f4: ;   {post_call_nop}
  0x0000017ac30278f4: 0f1f 8400 | 6c8b 0050 | 488b 9424 | e800 0000 | 448b 4228 | 49c1 e003 

  0x0000017ac302790c: ; implicit exception: dispatches to 0x0000017ac3029e94
  0x0000017ac302790c: 493b 0049 

  0x0000017ac3027910: ;   {metadata(method elemento for {method} {0x0000017ada99e008} 'run' '()V' in 'com/sun/javafx/tk/quantum/PresentingPainter')}
  0x0000017ac3027910: 8bf0 48bf | c024 22db | 7a01 0000 

  0x0000017ac302791c: ;   {metadata('com/sun/javafx/tk/quantum/SceneState')}
  0x0000017ac302791c: 49ba 6869 | 143e 0000 | 0000 4c89 | 9720 1000 | 0048 8387 | 2810 0000 | 0145 8b40 | 6c49 c1e0 
  0x0000017ac302793c: 034d 85c0 

  0x0000017ac3027940: ;   {metadata(method elemento for {method} {0x0000017ada99e008} 'run' '()V' in 'com/sun/javafx/tk/quantum/PresentingPainter')}
  0x0000017ac3027940: 48bf c024 | 22db 7a01 | 0000 750c | 808f 4110 | 0000 01e9 | a800 0000 | 418b 5808 | 41ba 0000 
  0x0000017ac3027960: 003d 4903 | da48 3b9f | 5010 0000 | 750d 4883 | 8758 1000 | 0001 e960 | 0000 0048 | 3b9f 6010 
  0x0000017ac3027980: 0000 750d | 4883 8768 | 1000 0001 | e94a 0000 | 0048 83bf | 5010 0000 | 0075 1748 | 899f 5010 
  0x0000017ac30279a0: 0000 48c7 | 8758 1000 | 0001 0000 | 00e9 2900 | 0000 4883 | bf60 1000 | 0000 7517 | 4889 9f60 
  0x0000017ac30279c0: 1000 0048 | c787 6810 | 0000 0100 | 0000 e908 | 0000 0048 | 8387 4810 

  0x0000017ac30279d8: ;   {metadata('com/sun/javafx/tk/quantum/ViewScene')}
  0x0000017ac30279d8: 0000 0148 | bbf0 1814 | 3e00 0000 | 0041 8b70 | 0841 ba00 | 0000 3d49 | 03f2 483b | de0f 859e 
  0x0000017ac30279f8: 2400 00e9 | 0000 0000 

  0x0000017ac3027a00: ; implicit exception: dispatches to 0x0000017ac3029ea2
  0x0000017ac3027a00: 493b 0049 

  0x0000017ac3027a04: ;   {metadata(method elemento for {method} {0x0000017ada99e008} 'run' '()V' in 'com/sun/javafx/tk/quantum/PresentingPainter')}
  0x0000017ac3027a04: 8bf0 48bf | c024 22db | 7a01 0000 | 8b76 0841 | ba00 0000 | 3d49 03f2 | 483b b780 | 1000 0075 
  0x0000017ac3027a24: 0d48 8387 | 8810 0000 | 01e9 6000 | 0000 483b | b790 1000 | 0075 0d48 | 8387 9810 | 0000 01e9 
  0x0000017ac3027a44: 4a00 0000 | 4883 bf80 | 1000 0000 | 7517 4889 | b780 1000 | 0048 c787 | 8810 0000 | 0100 0000 
  0x0000017ac3027a64: e929 0000 | 0048 83bf | 9010 0000 | 0075 1748 | 89b7 9010 | 0000 48c7 | 8798 1000 | 0001 0000 
  0x0000017ac3027a84: 00e9 0800 | 0000 4883 | 8778 1000 

  0x0000017ac3027a90: ;   {metadata(method elemento for {method} {0x0000017ada4eba90} 'setPainting' '(Z)Z' in 'com/sun/javafx/tk/quantum/GlassScene')}
  0x0000017ac3027a90: 0001 48be | e072 1ddb | 7a01 0000 | 8bbe 9000 | 0000 83c7 | 0289 be90 | 0000 0081 | e7fe ff1f 
  0x0000017ac3027ab0: 0085 ff0f | 84ee 2300 | 0041 8b58 | 3848 c1e3 | 0348 3b03 

  0x0000017ac3027ac4: ;   {metadata(method elemento for {method} {0x0000017ada4eba90} 'setPainting' '(Z)Z' in 'com/sun/javafx/tk/quantum/GlassScene')}
  0x0000017ac3027ac4: 4c8b c348 | bee0 721d | db7a 0100 | 0045 8b40 | 0841 ba00 | 0000 3d4d | 03c2 4c3b | 86e0 0000 
  0x0000017ac3027ae4: 0075 0d48 | 8386 e800 | 0000 01e9 | 6000 0000 | 4c3b 86f0 | 0000 0075 | 0d48 8386 | f800 0000 
  0x0000017ac3027b04: 01e9 4a00 | 0000 4883 | bee0 0000 | 0000 7517 | 4c89 86e0 | 0000 0048 | c786 e800 | 0000 0100 
  0x0000017ac3027b24: 0000 e929 | 0000 0048 | 83be f000 | 0000 0075 | 174c 8986 | f000 0000 | 48c7 86f8 | 0000 0001 
  0x0000017ac3027b44: 0000 00e9 | 0800 0000 | 4883 86d8 | 0000 0001 

  0x0000017ac3027b54: ;   {metadata(method elemento for {method} {0x0000017ada0e7318} 'getAndSet' '(Z)Z' in 'java/util/concurrent/atomic/AtomicBoolean')}
  0x0000017ac3027b54: 49b8 e8a6 | d1da 7a01 | 0000 418b | b090 0000 | 0083 c602 | 4189 b090 | 0000 0081 | e6fe ff1f 
  0x0000017ac3027b74: 0085 f60f | 8450 2300 

  0x0000017ac3027b7c: ;   {metadata(method elemento for {method} {0x0000017ada0e7318} 'getAndSet' '(Z)Z' in 'java/util/concurrent/atomic/AtomicBoolean')}
  0x0000017ac3027b7c: 0049 b8e8 | a6d1 da7a | 0100 0041 | ff80 d800 

  0x0000017ac3027b8c: ;   {metadata(method elemento for {method} {0x0000017ada0e7318} 'getAndSet' '(Z)Z' in 'java/util/concurrent/atomic/AtomicBoolean')}
  0x0000017ac3027b8c: 0000 49b8 | e8a6 d1da | 7a01 0000 | 4983 8010 | 0100 0001 

  0x0000017ac3027ba0: ;   {metadata(method elemento for {method} {0x000000003d28f1b0} 'guard_LI_I' '(Ljava/lang/invoke/VarHandle;Ljava/lang/Object;ILjava/lang/invoke/VarHandle$AccessDescriptor;)I' in 'java/lang/invoke/VarHandleGuards')}
  0x0000017ac3027ba0: 49b8 2092 | 07da 7a01 | 0000 418b | b090 0000 | 0083 c602 | 4189 b090 | 0000 0081 | e6fe ff1f 
  0x0000017ac3027bc0: 0085 f60f | 8425 2300 

  0x0000017ac3027bc8: ;   {oop(a 'java/lang/invoke/VarHandleInts$FieldInstanceReadWrite'{0x0000000705e51988})}
  0x0000017ac3027bc8: 0049 b888 | 19e5 0507 

  0x0000017ac3027bd0: ;   {metadata(method elemento for {method} {0x000000003d28f1b0} 'guard_LI_I' '(Ljava/lang/invoke/VarHandle;Ljava/lang/Object;ILjava/lang/invoke/VarHandle$AccessDescriptor;)I' in 'java/lang/invoke/VarHandleGuards')}
  0x0000017ac3027bd0: 0000 0048 | be20 9207 | da7a 0100 | 0045 8b40 | 0841 ba00 | 0000 3d4d | 03c2 4c3b | 86e0 0000 
  0x0000017ac3027bf0: 0075 0d48 | 8386 e800 | 0000 01e9 | 6000 0000 | 4c3b 86f0 | 0000 0075 | 0d48 8386 | f800 0000 
  0x0000017ac3027c10: 01e9 4a00 | 0000 4883 | bee0 0000 | 0000 7517 | 4c89 86e0 | 0000 0048 | c786 e800 | 0000 0100 
  0x0000017ac3027c30: 0000 e929 | 0000 0048 | 83be f000 | 0000 0075 | 174c 8986 | f000 0000 | 48c7 86f8 | 0000 0001 
  0x0000017ac3027c50: 0000 00e9 | 0800 0000 | 4883 86d8 | 0000 0001 

  0x0000017ac3027c60: ;   {metadata(method elemento for {method} {0x000000003d207d48} 'checkAccessModeThenIsDirect' '(Ljava/lang/invoke/VarHandle$AccessDescriptor;)Z' in 'java/lang/invoke/VarHandle')}
  0x0000017ac3027c60: 49b8 a895 | 07da 7a01 | 0000 418b | b090 0000 | 0083 c602 | 4189 b090 | 0000 0081 | e6fe ff1f 
  0x0000017ac3027c80: 0085 f60f | 8486 2200 

  0x0000017ac3027c88: ;   {metadata(method elemento for {method} {0x000000003d207d48} 'checkAccessModeThenIsDirect' '(Ljava/lang/invoke/VarHandle$AccessDescriptor;)Z' in 'java/lang/invoke/VarHandle')}
  0x0000017ac3027c88: 0049 b8a8 | 9507 da7a | 0100 0041 | ff80 d800 

  0x0000017ac3027c98: ;   {metadata(method elemento for {method} {0x000000003d28f1b0} 'guard_LI_I' '(Ljava/lang/invoke/VarHandle;Ljava/lang/Object;ILjava/lang/invoke/VarHandle$AccessDescriptor;)I' in 'java/lang/invoke/VarHandleGuards')}
  0x0000017ac3027c98: 0000 49b8 | 2092 07da | 7a01 0000 | 41ff 8030 

  0x0000017ac3027ca8: ;   {metadata(method elemento for {method} {0x000000003d28f1b0} 'guard_LI_I' '(Ljava/lang/invoke/VarHandle;Ljava/lang/Object;ILjava/lang/invoke/VarHandle$AccessDescriptor;)I' in 'java/lang/invoke/VarHandleGuards')}
  0x0000017ac3027ca8: 0100 0049 | b820 9207 | da7a 0100 | 0041 ff80 | 5001 0000 

  0x0000017ac3027cbc: ;   {oop(a 'java/lang/invoke/VarForm'{0x0000000705e38120})}
  0x0000017ac3027cbc: 49b8 2081 | e305 0700 

  0x0000017ac3027cc4: ;   {metadata(method elemento for {method} {0x000000003d28f1b0} 'guard_LI_I' '(Ljava/lang/invoke/VarHandle;Ljava/lang/Object;ILjava/lang/invoke/VarHandle$AccessDescriptor;)I' in 'java/lang/invoke/VarHandleGuards')}
  0x0000017ac3027cc4: 0000 48be | 2092 07da | 7a01 0000 | 458b 4008 | 41ba 0000 | 003d 4d03 | c24c 3b86 | 6801 0000 
  0x0000017ac3027ce4: 750d 4883 | 8670 0100 | 0001 e960 | 0000 004c | 3b86 7801 | 0000 750d | 4883 8680 | 0100 0001 
  0x0000017ac3027d04: e94a 0000 | 0048 83be | 6801 0000 | 0075 174c | 8986 6801 | 0000 48c7 | 8670 0100 | 0001 0000 
  0x0000017ac3027d24: 00e9 2900 | 0000 4883 | be78 0100 | 0000 7517 | 4c89 8678 | 0100 0048 | c786 8001 | 0000 0100 
  0x0000017ac3027d44: 0000 e908 | 0000 0048 | 8386 6001 

  0x0000017ac3027d50: ;   {metadata(method elemento for {method} {0x000000003d28e928} 'getMemberName' '(I)Ljava/lang/invoke/MemberName;' in 'java/lang/invoke/VarForm')}
  0x0000017ac3027d50: 0000 0149 | b8f8 9b07 | da7a 0100 | 0041 8bb0 | 9000 0000 | 83c6 0241 | 89b0 9000 | 0000 81e6 
  0x0000017ac3027d70: feff 1f00 | 85f6 0f84 | b421 0000 

  0x0000017ac3027d7c: ;   {metadata(method elemento for {method} {0x000000003d28e928} 'getMemberName' '(I)Ljava/lang/invoke/MemberName;' in 'java/lang/invoke/VarForm')}
  0x0000017ac3027d7c: 49b8 f89b | 07da 7a01 | 0000 41ff | 80d8 0000 

  0x0000017ac3027d8c: ;   {metadata(method elemento for {method} {0x000000003d28f1b0} 'guard_LI_I' '(Ljava/lang/invoke/VarHandle;Ljava/lang/Object;ILjava/lang/invoke/VarHandle$AccessDescriptor;)I' in 'java/lang/invoke/VarHandleGuards')}
  0x0000017ac3027d8c: 0049 b820 | 9207 da7a | 0100 0049 | 8380 a001 

  0x0000017ac3027d9c: ;   {metadata(method elemento for {method} {0x0000017ada0ea050} 'getAndSet' '(Ljava/lang/invoke/VarHandle;Ljava/lang/Object;I)I' in 'java/lang/invoke/VarHandleInts$FieldInstanceReadWrite')}
  0x0000017ac3027d9c: 0000 0149 | b8c0 a8d1 | da7a 0100 | 0041 8bb0 | 9000 0000 | 83c6 0241 | 89b0 9000 | 0000 81e6 
  0x0000017ac3027dbc: feff 1f00 | 85f6 0f84 | 8921 0000 

  0x0000017ac3027dc8: ;   {oop(a 'java/lang/Class'{0x0000000705e51900} = 'java/util/concurrent/atomic/AtomicBoolean')}
  0x0000017ac3027dc8: 49b8 0019 | e505 0700 

  0x0000017ac3027dd0: ;   {metadata(method elemento for {method} {0x0000017ada0ea050} 'getAndSet' '(Ljava/lang/invoke/VarHandle;Ljava/lang/Object;I)I' in 'java/lang/invoke/VarHandleInts$FieldInstanceReadWrite')}
  0x0000017ac3027dd0: 0000 48be | c0a8 d1da | 7a01 0000 | 458b 4008 | 41ba 0000 | 003d 4d03 | c24c 3b86 | 1001 0000 
  0x0000017ac3027df0: 750d 4883 | 8618 0100 | 0001 e960 | 0000 004c | 3b86 2001 | 0000 750d | 4883 8628 | 0100 0001 
  0x0000017ac3027e10: e94a 0000 | 0048 83be | 1001 0000 | 0075 174c | 8986 1001 | 0000 48c7 | 8618 0100 | 0001 0000 
  0x0000017ac3027e30: 00e9 2900 | 0000 4883 | be20 0100 | 0000 7517 | 4c89 8620 | 0100 0048 | c786 2801 | 0000 0100 
  0x0000017ac3027e50: 0000 e908 | 0000 0048 | 8386 0801 

  0x0000017ac3027e5c: ;   {metadata(method elemento for {method} {0x000000003d197b50} 'cast' '(Ljava/lang/Object;)Ljava/lang/Object;' in 'java/lang/Class')}
  0x0000017ac3027e5c: 0000 0149 | b8c8 9109 | da7a 0100 | 0041 8bb0 | 9000 0000 | 83c6 0241 | 89b0 9000 | 0000 81e6 
  0x0000017ac3027e7c: feff 1f00 | 85f6 0f84 | ea20 0000 

  0x0000017ac3027e88: ;   {metadata(method elemento for {method} {0x000000003d197b50} 'cast' '(Ljava/lang/Object;)Ljava/lang/Object;' in 'java/lang/Class')}
  0x0000017ac3027e88: 4885 db49 | b8c8 9109 | da7a 0100 | 00be d800 | 0000 7405 | bee8 0000 | 0049 8b3c | 3048 8d7f 
  0x0000017ac3027ea8: 0149 893c | 300f 84fb 

  0x0000017ac3027eb0: ;   {oop(a 'java/lang/Class'{0x0000000705e51900} = 'java/util/concurrent/atomic/AtomicBoolean')}
  0x0000017ac3027eb0: 0000 0049 | b800 19e5 | 0507 0000 

  0x0000017ac3027ebc: ;   {metadata(method elemento for {method} {0x000000003d197b50} 'cast' '(Ljava/lang/Object;)Ljava/lang/Object;' in 'java/lang/Class')}
  0x0000017ac3027ebc: 0048 bec8 | 9109 da7a | 0100 0045 | 8b40 0841 | ba00 0000 | 3d4d 03c2 | 4c3b 8600 | 0100 0075 
  0x0000017ac3027edc: 0d48 8386 | 0801 0000 | 01e9 6000 | 0000 4c3b | 8610 0100 | 0075 0d48 | 8386 1801 | 0000 01e9 
  0x0000017ac3027efc: 4a00 0000 | 4883 be00 | 0100 0000 | 7517 4c89 | 8600 0100 | 0048 c786 | 0801 0000 | 0100 0000 
  0x0000017ac3027f1c: e929 0000 | 0048 83be | 1001 0000 | 0075 174c | 8986 1001 | 0000 48c7 | 8618 0100 | 0001 0000 
  0x0000017ac3027f3c: 00e9 0800 | 0000 4883 | 86f8 0000 | 0001 4885 | db0f 8425 

  0x0000017ac3027f50: ;   {metadata('java/util/concurrent/atomic/AtomicBoolean')}
  0x0000017ac3027f50: 0000 0048 | b8a0 c300 | 3e00 0000 | 008b 7b08 | 41ba 0000 | 003d 4903 | fa48 3b47 | 380f 8505 
  0x0000017ac3027f70: 0000 00e9 | 0500 0000 | 4d33 c0eb | 0641 b801 | 0000 0045 

  0x0000017ac3027f84: ;   {metadata(method elemento for {method} {0x000000003d197b50} 'cast' '(Ljava/lang/Object;)Ljava/lang/Object;' in 'java/lang/Class')}
  0x0000017ac3027f84: 85c0 49b8 | c891 09da | 7a01 0000 | be38 0100 | 0074 05be | 2801 0000 | 498b 3c30 | 488d 7f01 
  0x0000017ac3027fa4: 4989 3c30 | 0f84 9b05 

  0x0000017ac3027fac: ;   {metadata(method elemento for {method} {0x0000017ada0ea050} 'getAndSet' '(Ljava/lang/invoke/VarHandle;Ljava/lang/Object;I)I' in 'java/lang/invoke/VarHandleInts$FieldInstanceReadWrite')}
  0x0000017ac3027fac: 0000 49b8 | c0a8 d1da | 7a01 0000 | 4983 8038 | 0100 0001 

  0x0000017ac3027fc0: ;   {metadata(method elemento for {method} {0x000000003d45aa48} 'requireNonNull' '(Ljava/lang/Object;)Ljava/lang/Object;' in 'java/util/Objects')}
  0x0000017ac3027fc0: 49b8 b846 | 01da 7a01 | 0000 418b | b090 0000 | 0083 c602 | 4189 b090 | 0000 0081 | e6fe ff1f 
  0x0000017ac3027fe0: 0085 f60f | 84aa 1f00 | 0048 85db 

  0x0000017ac3027fec: ;   {metadata(method elemento for {method} {0x000000003d45aa48} 'requireNonNull' '(Ljava/lang/Object;)Ljava/lang/Object;' in 'java/util/Objects')}
  0x0000017ac3027fec: 49b8 b846 | 01da 7a01 | 0000 bee8 | 0000 0074 | 05be d800 | 0000 498b | 3c30 488d | 7f01 4989 
  0x0000017ac302800c: 3c30 0f84 | 9c04 0000 | 4c8d 430c | be00 0000 | 0041 8730 

  0x0000017ac3028020: ;   {metadata(method elemento for {method} {0x0000017ada0e7318} 'getAndSet' '(Z)Z' in 'java/util/concurrent/atomic/AtomicBoolean')}
  0x0000017ac3028020: 85f6 49b8 | e8a6 d1da | 7a01 0000 | be58 0100 | 0074 05be | 6801 0000 | 498b 3c30 | 488d 7f01 
  0x0000017ac3028040: 4989 3c30 | 0f84 1c00 

  0x0000017ac3028048: ;   {metadata(method elemento for {method} {0x0000017ada0e7318} 'getAndSet' '(Z)Z' in 'java/util/concurrent/atomic/AtomicBoolean')}
  0x0000017ac3028048: 0000 49b8 | e8a6 d1da | 7a01 0000 | 41ff 8078 | 0100 0041 | b801 0000 | 00e9 0600 | 0000 41b8 
  0x0000017ac3028068: 0000 0000 | 4183 e001 | 4183 e001 | 448b 4230 | 49c1 e003 

  0x0000017ac302807c: ;   {metadata(method elemento for {method} {0x0000017ada99e008} 'run' '()V' in 'com/sun/javafx/tk/quantum/PresentingPainter')}
  0x0000017ac302807c: 4d85 c048 | bac0 2422 | db7a 0100 | 00be a810 | 0000 7405 | beb8 1000 | 0048 8b3c | 3248 8d7f 
  0x0000017ac302809c: 0148 893c | 320f 8435 | 0100 004d | 85c0 0f84 | 2600 0000 

  0x0000017ac30280b0: ;   {metadata('com/sun/prism/d3d/D3DResourceFactory')}
  0x0000017ac30280b0: 48bb d047 | 053e 0000 | 0000 418b | 7808 41ba | 0000 003d | 4903 fa48 | 3b5f 480f | 85e3 1e00 
  0x0000017ac30280d0: 00e9 0000 | 0000 498b | d049 3b00 

  0x0000017ac30280dc: ;   {metadata(method elemento for {method} {0x0000017ada99e008} 'run' '()V' in 'com/sun/javafx/tk/quantum/PresentingPainter')}
  0x0000017ac30280dc: 48ba c024 | 22db 7a01 

  0x0000017ac30280e4: ;   {metadata('com/sun/prism/d3d/D3DResourceFactory')}
  0x0000017ac30280e4: 0000 49ba | d047 053e | 0000 0000 | 4c89 92d0 | 1000 0048 | 8382 d810 

  0x0000017ac30280fc: ;   {metadata(method elemento for {method} {0x0000017ada4daca8} 'getTextureResourcePool' '()Lcom/sun/prism/impl/TextureResourcePool;' in 'com/sun/prism/d3d/D3DResourceFactory')}
  0x0000017ac30280fc: 0000 0149 | b850 550e | db7a 0100 | 0041 8b90 | 9000 0000 | 83c2 0241 | 8990 9000 | 0000 81e2 
  0x0000017ac302811c: feff 1f00 | 85d2 0f84 | 961e 0000 

  0x0000017ac3028128: ;   {oop(a 'com/sun/prism/d3d/D3DVramPool'{0x0000000705a65610})}
  0x0000017ac3028128: 48ba 1056 | a605 0700 | 0000 4c8b 

  0x0000017ac3028134: ;   {metadata(method elemento for {method} {0x0000017ada99e008} 'run' '()V' in 'com/sun/javafx/tk/quantum/PresentingPainter')}
  0x0000017ac3028134: c248 bec0 | 2422 db7a | 0100 0045 | 8b40 0841 | ba00 0000 | 3d4d 03c2 | 4c3b 8600 | 1100 0075 
  0x0000017ac3028154: 0d48 8386 | 0811 0000 | 01e9 6000 | 0000 4c3b | 8610 1100 | 0075 0d48 | 8386 1811 | 0000 01e9 
  0x0000017ac3028174: 4a00 0000 | 4883 be00 | 1100 0000 | 7517 4c89 | 8600 1100 | 0048 c786 | 0811 0000 | 0100 0000 
  0x0000017ac3028194: e929 0000 | 0048 83be | 1011 0000 | 0075 174c | 8986 1011 | 0000 48c7 | 8618 1100 | 0001 0000 
  0x0000017ac30281b4: 00e9 0800 | 0000 4883 | 86f8 1000 | 0001 448b | 8424 0002 | 0000 0f1f 

  0x0000017ac30281cc: ;   {optimized virtual_call}
  0x0000017ac30281cc: 4400 00e8 

  0x0000017ac30281d0: ; ImmutableOopMap {[520]=Oop }
                      ;*invokeinterface freeDisposalRequestedAndCheckResources {reexecute=0 rethrow=0 return_oop=0}
                      ; - com.sun.javafx.tk.quantum.PresentingPainter::run@665 (line 127)
  0x0000017ac30281d0: 0c6c 9f06 

  0x0000017ac30281d4: ;   {post_call_nop}
  0x0000017ac30281d4: 0f1f 8400 | 4c94 0051 

  0x0000017ac30281dc: ;   {oop(a 'java/util/concurrent/locks/ReentrantLock'{0x0000000705ba4130})}
  0x0000017ac30281dc: 49b8 3041 | ba05 0700 | 0000 498b 

  0x0000017ac30281e8: ;   {metadata(method elemento for {method} {0x0000017ada99e008} 'run' '()V' in 'com/sun/javafx/tk/quantum/PresentingPainter')}
  0x0000017ac30281e8: d048 bec0 | 2422 db7a | 0100 008b | 5208 41ba | 0000 003d | 4903 d248 | 3b96 3011 | 0000 750d 
  0x0000017ac3028208: 4883 8638 | 1100 0001 | e960 0000 | 0048 3b96 | 4011 0000 | 750d 4883 | 8648 1100 | 0001 e94a 
  0x0000017ac3028228: 0000 0048 | 83be 3011 | 0000 0075 | 1748 8996 | 3011 0000 | 48c7 8638 | 1100 0001 | 0000 00e9 
  0x0000017ac3028248: 2900 0000 | 4883 be40 | 1100 0000 | 7517 4889 | 9640 1100 | 0048 c786 | 4811 0000 | 0100 0000 
  0x0000017ac3028268: e908 0000 | 0048 8386 | 2811 0000 

  0x0000017ac3028274: ;   {metadata(method elemento for {method} {0x000000003d1d9bd0} 'unlock' '()V' in 'java/util/concurrent/locks/ReentrantLock')}
  0x0000017ac3028274: 0148 ba58 | ecd2 da7a | 0100 008b | b290 0000 | 0083 c602 | 89b2 9000 | 0000 81e6 | feff 1f00 
  0x0000017ac3028294: 85f6 0f84 | 431d 0000 | 418b 700c | 48c1 e603 

  0x0000017ac30282a4: ; implicit exception: dispatches to 0x0000017ac302a000
  0x0000017ac30282a4: 483b 064c 

  0x0000017ac30282a8: ;   {metadata(method elemento for {method} {0x000000003d1d9bd0} 'unlock' '()V' in 'java/util/concurrent/locks/ReentrantLock')}
  0x0000017ac30282a8: 8bc6 48ba | 58ec d2da | 7a01 0000 | 458b 4008 | 41ba 0000 | 003d 4d03 | c24c 3b82 | e000 0000 
  0x0000017ac30282c8: 750d 4883 | 82e8 0000 | 0001 e960 | 0000 004c | 3b82 f000 | 0000 750d | 4883 82f8 | 0000 0001 
  0x0000017ac30282e8: e94a 0000 | 0048 83ba | e000 0000 | 0075 174c | 8982 e000 | 0000 48c7 | 82e8 0000 | 0001 0000 
  0x0000017ac3028308: 00e9 2900 | 0000 4883 | baf0 0000 | 0000 7517 | 4c89 82f0 | 0000 0048 | c782 f800 | 0000 0100 
  0x0000017ac3028328: 0000 e908 | 0000 0048 | 8382 d800 

  0x0000017ac3028334: ;   {metadata(method elemento for {method} {0x000000003d2d1e60} 'release' '(I)Z' in 'java/util/concurrent/locks/AbstractQueuedSynchronizer')}
  0x0000017ac3028334: 0000 0149 | b8c8 7bd2 | da7a 0100 | 0041 8b90 | 9000 0000 | 83c2 0241 | 8990 9000 | 0000 81e2 
  0x0000017ac3028354: feff 1f00 | 85d2 0f84 | a51c 0000 

  0x0000017ac3028360: ;   {metadata(method elemento for {method} {0x000000003d2d1e60} 'release' '(I)Z' in 'java/util/concurrent/locks/AbstractQueuedSynchronizer')}
  0x0000017ac3028360: 4c8b c648 | bac8 7bd2 | da7a 0100 | 0045 8b40 | 0841 ba00 | 0000 3d4d | 03c2 4c3b | 82e0 0000 
  0x0000017ac3028380: 0075 0d48 | 8382 e800 | 0000 01e9 | 6000 0000 | 4c3b 82f0 | 0000 0075 | 0d48 8382 | f800 0000 
  0x0000017ac30283a0: 01e9 4a00 | 0000 4883 | bae0 0000 | 0000 7517 | 4c89 82e0 | 0000 0048 | c782 e800 | 0000 0100 
  0x0000017ac30283c0: 0000 e929 | 0000 0048 | 83ba f000 | 0000 0075 | 174c 8982 | f000 0000 | 48c7 82f8 | 0000 0001 
  0x0000017ac30283e0: 0000 00e9 | 0800 0000 | 4883 82d8 | 0000 0001 | 41b8 0100 | 0000 488b | d648 89b4 | 2410 0200 
  0x0000017ac3028400: 0066 0f1f 

  0x0000017ac3028404: ;   {optimized virtual_call}
  0x0000017ac3028404: 4400 00e8 

  0x0000017ac3028408: ; ImmutableOopMap {[520]=Oop [528]=Oop }
                      ;*invokevirtual tryRelease {reexecute=0 rethrow=0 return_oop=0}
                      ; - java.util.concurrent.locks.AbstractQueuedSynchronizer::release@2 (line 1099)
                      ; - java.util.concurrent.locks.ReentrantLock::unlock@5 (line 495)
                      ; - com.sun.javafx.tk.quantum.PresentingPainter::run@673 (line 130)
  0x0000017ac3028408: d469 9f06 

  0x0000017ac302840c: ;   {post_call_nop}
  0x0000017ac302840c: 0f1f 8400 | 8496 0052 

  0x0000017ac3028414: ;   {metadata(method elemento for {method} {0x000000003d2d1e60} 'release' '(I)Z' in 'java/util/concurrent/locks/AbstractQueuedSynchronizer')}
  0x0000017ac3028414: 85c0 48ba | c87b d2da | 7a01 0000 | be08 0100 | 0074 05be | 1801 0000 | 488b 3c32 | 488d 7f01 
  0x0000017ac3028434: 4889 3c32 | 0f84 3800 | 0000 488b | b424 1002 | 0000 8b56 | 1048 c1e2 

  0x0000017ac302844c: ;   {metadata(method elemento for {method} {0x000000003d2d1e60} 'release' '(I)Z' in 'java/util/concurrent/locks/AbstractQueuedSynchronizer')}
  0x0000017ac302844c: 0348 bec8 | 7bd2 da7a | 0100 0048 | 8386 2801 

  0x0000017ac302845c: ;   {static_call}
  0x0000017ac302845c: 0000 01e8 

  0x0000017ac3028460: ; ImmutableOopMap {[520]=Oop }
                      ;*invokestatic signalNext {reexecute=0 rethrow=0 return_oop=0}
                      ; - java.util.concurrent.locks.AbstractQueuedSynchronizer::release@12 (line 1100)
                      ; - java.util.concurrent.locks.ReentrantLock::unlock@5 (line 495)
                      ; - com.sun.javafx.tk.quantum.PresentingPainter::run@673 (line 130)
  0x0000017ac3028460: 7c6f 9f06 

  0x0000017ac3028464: ;   {post_call_nop}
  0x0000017ac3028464: 0f1f 8400 | dc96 0053 | b801 0000 | 00e9 2d00 | 0000 b800 | 0000 00e9 | 2300 0000 

  0x0000017ac3028480: ;   {metadata(method elemento for {method} {0x0000017ada99e008} 'run' '()V' in 'com/sun/javafx/tk/quantum/PresentingPainter')}
  0x0000017ac3028480: 48b8 c024 | 22db 7a01 | 0000 ff80 | a00f 0000 | 4881 c470 | 0200 005d 

  0x0000017ac3028498: ;   {poll_return}
  0x0000017ac3028498: 493b 6728 | 0f87 841b | 0000 c348 | 8b84 2408 | 0200 00e9 | b42b 0000 

  0x0000017ac30284b0: ;   {other}
  0x0000017ac30284b0: e996 1b00 | 0000 0000 | 0000 498b | 87c8 0100 | 0048 8d78 | 3049 3bbf | d801 0000 | 0f87 831b 
  0x0000017ac30284d0: 0000 4989 | bfc8 0100 | 0048 c700 | 0100 0000 | 488b ca41 | ba00 0000 | 3d49 2bca | 8948 0848 
  0x0000017ac30284f0: 33c9 8948 | 0c48 33c9 | 4889 4810 | 4889 4818 | 4889 4820 | 4889 4828 

  0x0000017ac3028508: ;   {metadata(method elemento for {method} {0x000000003d45aa48} 'requireNonNull' '(Ljava/lang/Object;)Ljava/lang/Object;' in 'java/util/Objects')}
  0x0000017ac3028508: 488b d048 | beb8 4601 | da7a 0100 | 0048 8386 | f800 0000 | 0148 8bd0 | 4889 8424 | 1802 0000 
  0x0000017ac3028528: 0f1f 8000 

  0x0000017ac302852c: ;   {optimized virtual_call}
  0x0000017ac302852c: 0000 00e8 

  0x0000017ac3028530: ; ImmutableOopMap {[232]=Oop [520]=Oop [536]=Oop }
                      ;*invokespecial <init> {reexecute=0 rethrow=0 return_oop=0}
                      ; - java.util.Objects::requireNonNull@8 (line 220)
                      ; - java.lang.invoke.VarHandleInts$FieldInstanceReadWrite::getAndSet@16 (line 250)
                      ; - java.lang.invoke.VarHandleGuards::guard_LI_I@45 (line 185)
                      ; - java.util.concurrent.atomic.AtomicBoolean::getAndSet@13 (line 171)
                      ; - com.sun.javafx.tk.quantum.GlassScene::setPainting@5 (line 293)
                      ; - com.sun.javafx.tk.quantum.PresentingPainter::run@644 (line 124)
  0x0000017ac3028530: ac68 9f06 

  0x0000017ac3028534: ;   {post_call_nop}
  0x0000017ac3028534: 0f1f 8400 | ac97 0054 | 488b 8424 | 1802 0000 | e91b 2b00 | 000f 1f80 | 0000 0000 

  0x0000017ac3028550: ;   {other}
  0x0000017ac3028550: e91c 1b00 | 0000 0000 | 0000 498b | 87c8 0100 | 0048 8d78 | 2849 3bbf | d801 0000 | 0f87 091b 
  0x0000017ac3028570: 0000 4989 | bfc8 0100 | 0048 c700 | 0100 0000 | 488b ca41 | ba00 0000 | 3d49 2bca | 8948 0848 
  0x0000017ac3028590: 33c9 8948 | 0c48 33c9 | 4889 4810 | 4889 4818 | 4889 4820 

  0x0000017ac30285a4: ;   {oop(a 'java/lang/Class'{0x0000000705e51900} = 'java/util/concurrent/atomic/AtomicBoolean')}
  0x0000017ac30285a4: 48ba 0019 | e505 0700 | 0000 4c8b 

  0x0000017ac30285b0: ;   {metadata(method elemento for {method} {0x000000003d197b50} 'cast' '(Ljava/lang/Object;)Ljava/lang/Object;' in 'java/lang/Class')}
  0x0000017ac30285b0: c248 bec8 | 9109 da7a | 0100 0048 | 8386 4801 | 0000 014c | 8bc3 4889 | 8424 2002 

  0x0000017ac30285cc: ;   {optimized virtual_call}
  0x0000017ac30285cc: 0000 90e8 

  0x0000017ac30285d0: ; ImmutableOopMap {[232]=Oop [520]=Oop [544]=Oop }
                      ;*invokevirtual cannotCastMsg {reexecute=0 rethrow=0 return_oop=0}
                      ; - java.lang.Class::cast@18 (line 3492)
                      ; - java.lang.invoke.VarHandleInts$FieldInstanceReadWrite::getAndSet@13 (line 250)
                      ; - java.lang.invoke.VarHandleGuards::guard_LI_I@45 (line 185)
                      ; - java.util.concurrent.atomic.AtomicBoolean::getAndSet@13 (line 171)
                      ; - com.sun.javafx.tk.quantum.GlassScene::setPainting@5 (line 293)
                      ; - com.sun.javafx.tk.quantum.PresentingPainter::run@644 (line 124)
  0x0000017ac30285d0: 0c68 9f06 

  0x0000017ac30285d4: ;   {post_call_nop}
  0x0000017ac30285d4: 0f1f 8400 | 4c98 0055 | 4c8b 8424 | 2002 0000 

  0x0000017ac30285e4: ;   {metadata(method elemento for {method} {0x000000003d197b50} 'cast' '(Ljava/lang/Object;)Ljava/lang/Object;' in 'java/lang/Class')}
  0x0000017ac30285e4: 48ba c891 | 09da 7a01 | 0000 4883 | 8278 0100 | 0001 4c8b | c048 8b94 | 2420 0200 | 0066 0f1f 
  0x0000017ac3028604: ;   {optimized virtual_call}
  0x0000017ac3028604: 4400 00e8 

  0x0000017ac3028608: ; ImmutableOopMap {[232]=Oop [520]=Oop [544]=Oop }
                      ;*invokespecial <init> {reexecute=0 rethrow=0 return_oop=0}
                      ; - java.lang.Class::cast@21 (line 3492)
                      ; - java.lang.invoke.VarHandleInts$FieldInstanceReadWrite::getAndSet@13 (line 250)
                      ; - java.lang.invoke.VarHandleGuards::guard_LI_I@45 (line 185)
                      ; - java.util.concurrent.atomic.AtomicBoolean::getAndSet@13 (line 171)
                      ; - com.sun.javafx.tk.quantum.GlassScene::setPainting@5 (line 293)
                      ; - com.sun.javafx.tk.quantum.PresentingPainter::run@644 (line 124)
  0x0000017ac3028608: d467 9f06 

  0x0000017ac302860c: ;   {post_call_nop}
  0x0000017ac302860c: 0f1f 8400 | 8498 0056 | 488b 8424 | 2002 0000 | e943 2a00 | 0048 899c | 2430 0200 | 000f 1f80 
  0x0000017ac302862c: 0000 0000 

  0x0000017ac3028630: ;   {other}
  0x0000017ac3028630: e962 1a00 | 0000 0000 | 0000 80ba | 3001 0000 | 040f 855f | 1a00 0049 | 8b87 c801 | 0000 488d 
  0x0000017ac3028650: 7828 493b | bfd8 0100 | 000f 8747 | 1a00 0049 | 89bf c801 | 0000 48c7 | 0001 0000 | 0048 8bca 
  0x0000017ac3028670: 41ba 0000 | 003d 492b | ca89 4808 | 4833 c989 | 480c 4833 | c948 8948 | 1048 8948 | 1848 8948 
  0x0000017ac3028690: 204c 8bc0 

  0x0000017ac3028694: ;   {metadata(method elemento for {method} {0x0000017ada4f7860} 'checkNotClosed' '()V' in 'com/sun/glass/ui/View')}
  0x0000017ac3028694: 48ba f032 | 18db 7a01 | 0000 4883 | 82f8 0000 

  0x0000017ac30286a4: ;   {oop("The view has already been closed"{0x00000007072d69f8})}
  0x0000017ac30286a4: 0001 49b8 | f869 2d07 | 0700 0000 | 488b d048 | 8984 2428 | 0200 000f 

  0x0000017ac30286bc: ;   {optimized virtual_call}
  0x0000017ac30286bc: 1f40 00e8 

  0x0000017ac30286c0: ; ImmutableOopMap {[232]=Oop [520]=Oop [552]=Oop [560]=Oop }
                      ;*invokespecial <init> {reexecute=0 rethrow=0 return_oop=0}
                      ; - com.sun.glass.ui.View::checkNotClosed@15 (line 435)
                      ; - com.sun.glass.ui.View::unlock@1 (line 741)
                      ; - com.sun.prism.PresentableState::unlock@11 (line 296)
                      ; - com.sun.javafx.tk.quantum.PresentingPainter::run@626 (line 120)
  0x0000017ac30286c0: 1c67 9f06 

  0x0000017ac30286c4: ;   {post_call_nop}
  0x0000017ac30286c4: 0f1f 8400 | 3c99 0057 | 488b 8424 | 2802 0000 | e98b 2900 | 000f 1f80 | 0000 0000 

  0x0000017ac30286e0: ;   {other}
  0x0000017ac30286e0: e9dd 1900 | 0000 0000 | 0000 498b | 87c8 0100 | 0048 8d78 | 3049 3bbf | d801 0000 | 0f87 ca19 
  0x0000017ac3028700: 0000 4989 | bfc8 0100 | 0048 c700 | 0100 0000 | 488b ca41 | ba00 0000 | 3d49 2bca | 8948 0848 
  0x0000017ac3028720: 33c9 8948 | 0c48 33c9 | 4889 4810 | 4889 4818 | 4889 4820 | 4889 4828 

  0x0000017ac3028738: ;   {metadata(method elemento for {method} {0x000000003d45aa48} 'requireNonNull' '(Ljava/lang/Object;)Ljava/lang/Object;' in 'java/util/Objects')}
  0x0000017ac3028738: 488b d048 | beb8 4601 | da7a 0100 | 0048 8386 | f800 0000 | 0148 8bd0 | 4889 8424 | 3802 0000 
  0x0000017ac3028758: 0f1f 8000 

  0x0000017ac302875c: ;   {optimized virtual_call}
  0x0000017ac302875c: 0000 00e8 

  0x0000017ac3028760: ; ImmutableOopMap {[232]=Oop [568]=Oop }
                      ;*invokespecial <init> {reexecute=0 rethrow=0 return_oop=0}
                      ; - java.util.Objects::requireNonNull@8 (line 220)
                      ; - java.lang.invoke.VarHandleInts$FieldInstanceReadWrite::getAndSet@16 (line 250)
                      ; - java.lang.invoke.VarHandleGuards::guard_LI_I@45 (line 185)
                      ; - java.util.concurrent.atomic.AtomicBoolean::getAndSet@13 (line 171)
                      ; - com.sun.javafx.tk.quantum.GlassScene::setPainting@5 (line 293)
                      ; - com.sun.javafx.tk.quantum.PresentingPainter::run@578 (line 124)
  0x0000017ac3028760: 7c66 9f06 

  0x0000017ac3028764: ;   {post_call_nop}
  0x0000017ac3028764: 0f1f 8400 | dc99 0058 | 488b 8424 | 3802 0000 | e9eb 2800 | 000f 1f80 | 0000 0000 

  0x0000017ac3028780: ;   {other}
  0x0000017ac3028780: e963 1900 | 0000 0000 | 0000 498b | 87c8 0100 | 0048 8d78 | 2849 3bbf | d801 0000 | 0f87 5019 
  0x0000017ac30287a0: 0000 4989 | bfc8 0100 | 0048 c700 | 0100 0000 | 488b ca41 | ba00 0000 | 3d49 2bca | 8948 0848 
  0x0000017ac30287c0: 33c9 8948 | 0c48 33c9 | 4889 4810 | 4889 4818 | 4889 4820 

  0x0000017ac30287d4: ;   {oop(a 'java/lang/Class'{0x0000000705e51900} = 'java/util/concurrent/atomic/AtomicBoolean')}
  0x0000017ac30287d4: 48ba 0019 | e505 0700 | 0000 4c8b 

  0x0000017ac30287e0: ;   {metadata(method elemento for {method} {0x000000003d197b50} 'cast' '(Ljava/lang/Object;)Ljava/lang/Object;' in 'java/lang/Class')}
  0x0000017ac30287e0: c248 bec8 | 9109 da7a | 0100 0048 | 8386 4801 | 0000 014c | 8bc3 4889 | 8424 4002 

  0x0000017ac30287fc: ;   {optimized virtual_call}
  0x0000017ac30287fc: 0000 90e8 

  0x0000017ac3028800: ; ImmutableOopMap {[232]=Oop [576]=Oop }
                      ;*invokevirtual cannotCastMsg {reexecute=0 rethrow=0 return_oop=0}
                      ; - java.lang.Class::cast@18 (line 3492)
                      ; - java.lang.invoke.VarHandleInts$FieldInstanceReadWrite::getAndSet@13 (line 250)
                      ; - java.lang.invoke.VarHandleGuards::guard_LI_I@45 (line 185)
                      ; - java.util.concurrent.atomic.AtomicBoolean::getAndSet@13 (line 171)
                      ; - com.sun.javafx.tk.quantum.GlassScene::setPainting@5 (line 293)
                      ; - com.sun.javafx.tk.quantum.PresentingPainter::run@578 (line 124)
  0x0000017ac3028800: dc65 9f06 

  0x0000017ac3028804: ;   {post_call_nop}
  0x0000017ac3028804: 0f1f 8400 | 7c9a 0059 | 4c8b 8424 | 4002 0000 

  0x0000017ac3028814: ;   {metadata(method elemento for {method} {0x000000003d197b50} 'cast' '(Ljava/lang/Object;)Ljava/lang/Object;' in 'java/lang/Class')}
  0x0000017ac3028814: 48ba c891 | 09da 7a01 | 0000 4883 | 8278 0100 | 0001 4c8b | c048 8b94 | 2440 0200 | 0066 0f1f 
  0x0000017ac3028834: ;   {optimized virtual_call}
  0x0000017ac3028834: 4400 00e8 

  0x0000017ac3028838: ; ImmutableOopMap {[232]=Oop [576]=Oop }
                      ;*invokespecial <init> {reexecute=0 rethrow=0 return_oop=0}
                      ; - java.lang.Class::cast@21 (line 3492)
                      ; - java.lang.invoke.VarHandleInts$FieldInstanceReadWrite::getAndSet@13 (line 250)
                      ; - java.lang.invoke.VarHandleGuards::guard_LI_I@45 (line 185)
                      ; - java.util.concurrent.atomic.AtomicBoolean::getAndSet@13 (line 171)
                      ; - com.sun.javafx.tk.quantum.GlassScene::setPainting@5 (line 293)
                      ; - com.sun.javafx.tk.quantum.PresentingPainter::run@578 (line 124)
  0x0000017ac3028838: a465 9f06 

  0x0000017ac302883c: ;   {post_call_nop}
  0x0000017ac302883c: 0f1f 8400 | b49a 005a | 488b 8424 | 4002 0000 | e913 2800 | 0048 899c | 2450 0200 | 000f 1f80 
  0x0000017ac302885c: 0000 0000 

  0x0000017ac3028860: ;   {other}
  0x0000017ac3028860: e9a9 1800 | 0000 0000 | 0000 80ba | 3001 0000 | 040f 85a6 | 1800 0049 | 8b87 c801 | 0000 488d 
  0x0000017ac3028880: 7828 493b | bfd8 0100 | 000f 878e | 1800 0049 | 89bf c801 | 0000 48c7 | 0001 0000 | 0048 8bca 
  0x0000017ac30288a0: 41ba 0000 | 003d 492b | ca89 4808 | 4833 c989 | 480c 4833 | c948 8948 | 1048 8948 | 1848 8948 
  0x0000017ac30288c0: 204c 8bc0 

  0x0000017ac30288c4: ;   {metadata(method elemento for {method} {0x0000017ada4f7860} 'checkNotClosed' '()V' in 'com/sun/glass/ui/View')}
  0x0000017ac30288c4: 48ba f032 | 18db 7a01 | 0000 4883 | 82f8 0000 

  0x0000017ac30288d4: ;   {oop("The view has already been closed"{0x00000007072d69f8})}
  0x0000017ac30288d4: 0001 49b8 | f869 2d07 | 0700 0000 | 488b d048 | 8984 2448 | 0200 000f 

  0x0000017ac30288ec: ;   {optimized virtual_call}
  0x0000017ac30288ec: 1f40 00e8 

  0x0000017ac30288f0: ; ImmutableOopMap {[232]=Oop [584]=Oop [592]=Oop }
                      ;*invokespecial <init> {reexecute=0 rethrow=0 return_oop=0}
                      ; - com.sun.glass.ui.View::checkNotClosed@15 (line 435)
                      ; - com.sun.glass.ui.View::unlock@1 (line 741)
                      ; - com.sun.prism.PresentableState::unlock@11 (line 296)
                      ; - com.sun.javafx.tk.quantum.PresentingPainter::run@560 (line 120)
  0x0000017ac30288f0: ec64 9f06 

  0x0000017ac30288f4: ;   {post_call_nop}
  0x0000017ac30288f4: 0f1f 8400 | 6c9b 005b | 488b 8424 | 4802 0000 | e95b 2700 

  0x0000017ac3028908: ;   {metadata({method} {0x0000017ada99e008} 'run' '()V' in 'com/sun/javafx/tk/quantum/PresentingPainter')}
  0x0000017ac3028908: 0049 ba00 | e099 da7a | 0100 004c | 8954 2408 | 48c7 0424 | ffff ffff 

  0x0000017ac3028920: ;   {runtime_call C1 Runtime counter_overflow_blob}
  0x0000017ac3028920: e83b 3cac 

  0x0000017ac3028924: ; ImmutableOopMap {rdx=Oop [232]=Oop }
                      ;*synchronization entry
                      ; - com.sun.javafx.tk.quantum.PresentingPainter::run@-1 (line 45)
  0x0000017ac3028924: 06e9 c465 

  0x0000017ac3028928: ;   {metadata({method} {0x000000003d1d97b0} 'lock' '()V' in 'java/util/concurrent/locks/ReentrantLock')}
  0x0000017ac3028928: ffff 49ba | a897 1d3d | 0000 0000 | 4c89 5424 | 0848 c704 | 24ff ffff 

  0x0000017ac3028940: ;   {runtime_call C1 Runtime counter_overflow_blob}
  0x0000017ac3028940: ffe8 1a3c 

  0x0000017ac3028944: ; ImmutableOopMap {rsi=Oop [232]=Oop }
                      ;*synchronization entry
                      ; - java.util.concurrent.locks.ReentrantLock::lock@-1 (line 323)
                      ; - com.sun.javafx.tk.quantum.PresentingPainter::run@3 (line 45)
  0x0000017ac3028944: ac06 e963 

  0x0000017ac3028948: ;   {runtime_call C1 Runtime throw_null_pointer_exception_blob}
  0x0000017ac3028948: 66ff ffe8 

  0x0000017ac302894c: ; ImmutableOopMap {rsi=Oop [232]=Oop }
                      ;*invokevirtual lock {reexecute=0 rethrow=0 return_oop=0}
                      ; - java.util.concurrent.locks.ReentrantLock::lock@4 (line 323)
                      ; - com.sun.javafx.tk.quantum.PresentingPainter::run@3 (line 45)
  0x0000017ac302894c: 90e0 ab06 

  0x0000017ac3028950: ;   {metadata({method} {0x000000003d2d2cb8} 'lock' '()V' in 'java/util/concurrent/locks/ReentrantLock$Sync')}
  0x0000017ac3028950: 49ba b02c | 2d3d 0000 | 0000 4c89 | 5424 0848 | c704 24ff 

  0x0000017ac3028964: ;   {runtime_call C1 Runtime counter_overflow_blob}
  0x0000017ac3028964: ffff ffe8 

  0x0000017ac3028968: ; ImmutableOopMap {rsi=Oop [232]=Oop }
                      ;*synchronization entry
                      ; - java.util.concurrent.locks.ReentrantLock$Sync::lock@-1 (line 153)
                      ; - java.util.concurrent.locks.ReentrantLock::lock@4 (line 323)
                      ; - com.sun.javafx.tk.quantum.PresentingPainter::run@3 (line 45)
  0x0000017ac3028968: f43b ac06 | e9fd 66ff 

  0x0000017ac3028970: ;   {runtime_call C1 Runtime throw_null_pointer_exception_blob}
  0x0000017ac3028970: ffe8 6ae0 

  0x0000017ac3028974: ; ImmutableOopMap {rdx=Oop r8=Oop [232]=Oop }
                      ;*invokevirtual getScene {reexecute=0 rethrow=0 return_oop=0}
                      ; - com.sun.javafx.tk.quantum.PresentingPainter::run@58 (line 123)
  0x0000017ac3028974: ab06 4c89 

  0x0000017ac3028978: ;   {runtime_call C1 Runtime throw_class_cast_exception_blob}
  0x0000017ac3028978: 0424 e861 

  0x0000017ac302897c: ; ImmutableOopMap {rdx=Oop [232]=Oop }
                      ;*checkcast {reexecute=0 rethrow=0 return_oop=0}
                      ; - com.sun.javafx.tk.quantum.PresentingPainter::run@61 (line 123)
                      ;   {runtime_call C1 Runtime throw_null_pointer_exception_blob}
  0x0000017ac302897c: 04ac 06e8 

  0x0000017ac3028980: ; ImmutableOopMap {rdx=Oop r8=Oop [232]=Oop }
                      ;*invokevirtual setPainting {reexecute=0 rethrow=0 return_oop=0}
                      ; - com.sun.javafx.tk.quantum.PresentingPainter::run@69 (line 124)
  0x0000017ac3028980: 5ce0 ab06 

  0x0000017ac3028984: ;   {metadata({method} {0x0000017ada4eba90} 'setPainting' '(Z)Z' in 'com/sun/javafx/tk/quantum/GlassScene')}
  0x0000017ac3028984: 49ba 88ba | 4eda 7a01 | 0000 4c89 | 5424 0848 | c704 24ff 

  0x0000017ac3028998: ;   {runtime_call C1 Runtime counter_overflow_blob}
  0x0000017ac3028998: ffff ffe8 

  0x0000017ac302899c: ; ImmutableOopMap {rdx=Oop r8=Oop [232]=Oop }
                      ;*synchronization entry
                      ; - com.sun.javafx.tk.quantum.GlassScene::setPainting@-1 (line 293)
                      ; - com.sun.javafx.tk.quantum.PresentingPainter::run@69 (line 124)
  0x0000017ac302899c: c03b ac06 | e9e5 6bff 

  0x0000017ac30289a4: ;   {runtime_call C1 Runtime throw_null_pointer_exception_blob}
  0x0000017ac30289a4: ffe8 36e0 

  0x0000017ac30289a8: ; ImmutableOopMap {rdx=Oop rbx=Oop [232]=Oop }
                      ;*invokevirtual getAndSet {reexecute=0 rethrow=0 return_oop=0}
                      ; - com.sun.javafx.tk.quantum.GlassScene::setPainting@5 (line 293)
                      ; - com.sun.javafx.tk.quantum.PresentingPainter::run@69 (line 124)
                      ;   {metadata({method} {0x0000017ada0e7318} 'getAndSet' '(Z)Z' in 'java/util/concurrent/atomic/AtomicBoolean')}
  0x0000017ac30289a8: ab06 49ba | 1073 0eda | 7a01 0000 | 4c89 5424 | 0848 c704 | 24ff ffff 

  0x0000017ac30289c0: ;   {runtime_call C1 Runtime counter_overflow_blob}
  0x0000017ac30289c0: ffe8 9a3b 

  0x0000017ac30289c4: ; ImmutableOopMap {rdx=Oop rbx=Oop [232]=Oop }
                      ;*synchronization entry
                      ; - java.util.concurrent.atomic.AtomicBoolean::getAndSet@-1 (line 171)
                      ; - com.sun.javafx.tk.quantum.GlassScene::setPainting@5 (line 293)
                      ; - com.sun.javafx.tk.quantum.PresentingPainter::run@69 (line 124)
  0x0000017ac30289c4: ac06 e983 

  0x0000017ac30289c8: ;   {metadata({method} {0x000000003d28f1b0} 'guard_LI_I' '(Ljava/lang/invoke/VarHandle;Ljava/lang/Object;ILjava/lang/invoke/VarHandle$AccessDescriptor;)I' in 'java/lang/invoke/VarHandleGuards')}
  0x0000017ac30289c8: 6cff ff49 | baa8 f128 | 3d00 0000 | 004c 8954 | 2408 48c7 | 0424 ffff 

  0x0000017ac30289e0: ;   {runtime_call C1 Runtime counter_overflow_blob}
  0x0000017ac30289e0: ffff e879 

  0x0000017ac30289e4: ; ImmutableOopMap {rdx=Oop rbx=Oop [232]=Oop }
                      ;*synchronization entry
                      ; - java.lang.invoke.VarHandleGuards::guard_LI_I@-1 (line 183)
                      ; - java.util.concurrent.atomic.AtomicBoolean::getAndSet@13 (line 171)
                      ; - com.sun.javafx.tk.quantum.GlassScene::setPainting@5 (line 293)
                      ; - com.sun.javafx.tk.quantum.PresentingPainter::run@69 (line 124)
  0x0000017ac30289e4: 3bac 06e9 | ae6c ffff 

  0x0000017ac30289ec: ;   {metadata({method} {0x000000003d207d48} 'checkAccessModeThenIsDirect' '(Ljava/lang/invoke/VarHandle$AccessDescriptor;)Z' in 'java/lang/invoke/VarHandle')}
  0x0000017ac30289ec: 49ba 407d | 203d 0000 | 0000 4c89 | 5424 0848 | c704 24ff 

  0x0000017ac3028a00: ;   {runtime_call C1 Runtime counter_overflow_blob}
  0x0000017ac3028a00: ffff ffe8 

  0x0000017ac3028a04: ; ImmutableOopMap {rdx=Oop rbx=Oop [232]=Oop }
                      ;*synchronization entry
                      ; - java.lang.invoke.VarHandle::checkAccessModeThenIsDirect@-1 (line 2099)
                      ; - java.lang.invoke.VarHandleGuards::guard_LI_I@2 (line 183)
                      ; - java.util.concurrent.atomic.AtomicBoolean::getAndSet@13 (line 171)
                      ; - com.sun.javafx.tk.quantum.GlassScene::setPainting@5 (line 293)
                      ; - com.sun.javafx.tk.quantum.PresentingPainter::run@69 (line 124)
  0x0000017ac3028a04: 583b ac06 | e94d 6dff 

  0x0000017ac3028a0c: ;   {metadata({method} {0x000000003d28e928} 'getMemberName' '(I)Ljava/lang/invoke/MemberName;' in 'java/lang/invoke/VarForm')}
  0x0000017ac3028a0c: ff49 ba20 | e928 3d00 | 0000 004c | 8954 2408 | 48c7 0424 | ffff ffff 

  0x0000017ac3028a24: ;   {runtime_call C1 Runtime counter_overflow_blob}
  0x0000017ac3028a24: e837 3bac 

  0x0000017ac3028a28: ; ImmutableOopMap {rdx=Oop rbx=Oop [232]=Oop }
                      ;*synchronization entry
                      ; - java.lang.invoke.VarForm::getMemberName@-1 (line 136)
                      ; - java.lang.invoke.VarHandleGuards::guard_LI_I@42 (line 185)
                      ; - java.util.concurrent.atomic.AtomicBoolean::getAndSet@13 (line 171)
                      ; - com.sun.javafx.tk.quantum.GlassScene::setPainting@5 (line 293)
                      ; - com.sun.javafx.tk.quantum.PresentingPainter::run@69 (line 124)
  0x0000017ac3028a28: 06e9 1f6e 

  0x0000017ac3028a2c: ;   {metadata({method} {0x0000017ada0ea050} 'getAndSet' '(Ljava/lang/invoke/VarHandle;Ljava/lang/Object;I)I' in 'java/lang/invoke/VarHandleInts$FieldInstanceReadWrite')}
  0x0000017ac3028a2c: ffff 49ba | 48a0 0eda | 7a01 0000 | 4c89 5424 | 0848 c704 | 24ff ffff 

  0x0000017ac3028a44: ;   {runtime_call C1 Runtime counter_overflow_blob}
  0x0000017ac3028a44: ffe8 163b 

  0x0000017ac3028a48: ; ImmutableOopMap {rdx=Oop rbx=Oop [232]=Oop }
                      ;*synchronization entry
                      ; - java.lang.invoke.VarHandleInts$FieldInstanceReadWrite::getAndSet@-1 (line 249)
                      ; - java.lang.invoke.VarHandleGuards::guard_LI_I@45 (line 185)
                      ; - java.util.concurrent.atomic.AtomicBoolean::getAndSet@13 (line 171)
                      ; - com.sun.javafx.tk.quantum.GlassScene::setPainting@5 (line 293)
                      ; - com.sun.javafx.tk.quantum.PresentingPainter::run@69 (line 124)
  0x0000017ac3028a48: ac06 e94a 

  0x0000017ac3028a4c: ;   {metadata({method} {0x000000003d197b50} 'cast' '(Ljava/lang/Object;)Ljava/lang/Object;' in 'java/lang/Class')}
  0x0000017ac3028a4c: 6eff ff49 | ba48 7b19 | 3d00 0000 | 004c 8954 | 2408 48c7 | 0424 ffff 

  0x0000017ac3028a64: ;   {runtime_call C1 Runtime counter_overflow_blob}
  0x0000017ac3028a64: ffff e8f5 

  0x0000017ac3028a68: ; ImmutableOopMap {rdx=Oop rbx=Oop [232]=Oop }
                      ;*synchronization entry
                      ; - java.lang.Class::cast@-1 (line 3491)
                      ; - java.lang.invoke.VarHandleInts$FieldInstanceReadWrite::getAndSet@13 (line 250)
                      ; - java.lang.invoke.VarHandleGuards::guard_LI_I@45 (line 185)
                      ; - java.util.concurrent.atomic.AtomicBoolean::getAndSet@13 (line 171)
                      ; - com.sun.javafx.tk.quantum.GlassScene::setPainting@5 (line 293)
                      ; - com.sun.javafx.tk.quantum.PresentingPainter::run@69 (line 124)
  0x0000017ac3028a68: 3aac 06e9 | e96e ffff 

  0x0000017ac3028a70: ;   {metadata({method} {0x000000003d45aa48} 'requireNonNull' '(Ljava/lang/Object;)Ljava/lang/Object;' in 'java/util/Objects')}
  0x0000017ac3028a70: 49ba 40aa | 453d 0000 | 0000 4c89 | 5424 0848 | c704 24ff 

  0x0000017ac3028a84: ;   {runtime_call C1 Runtime counter_overflow_blob}
  0x0000017ac3028a84: ffff ffe8 

  0x0000017ac3028a88: ; ImmutableOopMap {rdx=Oop rbx=Oop [232]=Oop }
                      ;*synchronization entry
                      ; - java.util.Objects::requireNonNull@-1 (line 219)
                      ; - java.lang.invoke.VarHandleInts$FieldInstanceReadWrite::getAndSet@16 (line 250)
                      ; - java.lang.invoke.VarHandleGuards::guard_LI_I@45 (line 185)
                      ; - java.util.concurrent.atomic.AtomicBoolean::getAndSet@13 (line 171)
                      ; - com.sun.javafx.tk.quantum.GlassScene::setPainting@5 (line 293)
                      ; - com.sun.javafx.tk.quantum.PresentingPainter::run@69 (line 124)
  0x0000017ac3028a88: d43a ac06 | e929 70ff 

  0x0000017ac3028a90: ;   {runtime_call C1 Runtime throw_incompatible_class_change_error_blob}
  0x0000017ac3028a90: ffe8 4a06 

  0x0000017ac3028a94: ; ImmutableOopMap {r8=Oop }
                      ;*invokeinterface getTextureResourcePool {reexecute=0 rethrow=0 return_oop=0}
                      ; - com.sun.javafx.tk.quantum.PresentingPainter::run@84 (line 127)
                      ;   {runtime_call C1 Runtime throw_null_pointer_exception_blob}
  0x0000017ac3028a94: ac06 e845 

  0x0000017ac3028a98: ; ImmutableOopMap {r8=Oop }
                      ;*invokeinterface getTextureResourcePool {reexecute=0 rethrow=0 return_oop=0}
                      ; - com.sun.javafx.tk.quantum.PresentingPainter::run@84 (line 127)
                      ;   {metadata({method} {0x0000017ada4daca8} 'getTextureResourcePool' '()Lcom/sun/prism/impl/TextureResourcePool;' in 'com/sun/prism/d3d/D3DResourceFactory')}
  0x0000017ac3028a98: dfab 0649 | baa0 ac4d | da7a 0100 | 004c 8954 | 2408 48c7 | 0424 ffff 

  0x0000017ac3028ab0: ;   {runtime_call C1 Runtime counter_overflow_blob}
  0x0000017ac3028ab0: ffff e8a9 

  0x0000017ac3028ab4: ; ImmutableOopMap {}
                      ;*synchronization entry
                      ; - com.sun.prism.d3d.D3DResourceFactory::getTextureResourcePool@-1 (line 95)
                      ; - com.sun.javafx.tk.quantum.PresentingPainter::run@84 (line 127)
  0x0000017ac3028ab4: 3aac 06e9 | 3d71 ffff 

  0x0000017ac3028abc: ;   {metadata({method} {0x000000003d1d9bd0} 'unlock' '()V' in 'java/util/concurrent/locks/ReentrantLock')}
  0x0000017ac3028abc: 49ba c89b | 1d3d 0000 | 0000 4c89 | 5424 0848 | c704 24ff 

  0x0000017ac3028ad0: ;   {runtime_call C1 Runtime counter_overflow_blob}
  0x0000017ac3028ad0: ffff ffe8 

  0x0000017ac3028ad4: ; ImmutableOopMap {r8=Oop }
                      ;*synchronization entry
                      ; - java.util.concurrent.locks.ReentrantLock::unlock@-1 (line 495)
                      ; - com.sun.javafx.tk.quantum.PresentingPainter::run@98 (line 130)
  0x0000017ac3028ad4: 883a ac06 | e98f 72ff 

  0x0000017ac3028adc: ;   {runtime_call C1 Runtime throw_null_pointer_exception_blob}
  0x0000017ac3028adc: ffe8 fede 

  0x0000017ac3028ae0: ; ImmutableOopMap {rsi=Oop }
                      ;*invokevirtual release {reexecute=0 rethrow=0 return_oop=0}
                      ; - java.util.concurrent.locks.ReentrantLock::unlock@5 (line 495)
                      ; - com.sun.javafx.tk.quantum.PresentingPainter::run@98 (line 130)
                      ;   {metadata({method} {0x000000003d2d1e60} 'release' '(I)Z' in 'java/util/concurrent/locks/AbstractQueuedSynchronizer')}
  0x0000017ac3028ae0: ab06 49ba | 581e 2d3d | 0000 0000 | 4c89 5424 | 0848 c704 | 24ff ffff 

  0x0000017ac3028af8: ;   {runtime_call C1 Runtime counter_overflow_blob}
  0x0000017ac3028af8: ffe8 623a 

  0x0000017ac3028afc: ; ImmutableOopMap {rsi=Oop }
                      ;*synchronization entry
                      ; - java.util.concurrent.locks.AbstractQueuedSynchronizer::release@-1 (line 1099)
                      ; - java.util.concurrent.locks.ReentrantLock::unlock@5 (line 495)
                      ; - com.sun.javafx.tk.quantum.PresentingPainter::run@98 (line 130)
  0x0000017ac3028afc: ac06 e92d 

  0x0000017ac3028b00: ;   {internal_word}
  0x0000017ac3028b00: 73ff ff49 | ba4a ff01 | c37a 0100 | 004d 8997 | e004 0000 

  0x0000017ac3028b14: ;   {runtime_call SafepointBlob}
  0x0000017ac3028b14: e947 849f 

  0x0000017ac3028b18: ;   {internal_word}
  0x0000017ac3028b18: 0649 ba63 | ff01 c37a | 0100 004d | 8997 e004 

  0x0000017ac3028b28: ;   {runtime_call SafepointBlob}
  0x0000017ac3028b28: 0000 e931 

  0x0000017ac3028b2c: ;   {runtime_call C1 Runtime throw_null_pointer_exception_blob}
  0x0000017ac3028b2c: 849f 06e8 

  0x0000017ac3028b30: ; ImmutableOopMap {rdx=Oop rsi=Oop [232]=Oop [248]=Oop }
                      ;*invokevirtual lock {reexecute=0 rethrow=0 return_oop=0}
                      ; - com.sun.javafx.tk.quantum.PresentingPainter::run@106 (line 65)
  0x0000017ac3028b30: acde ab06 

  0x0000017ac3028b34: ;   {metadata({method} {0x0000017ada9a38e0} 'lock' '()V' in 'com/sun/prism/PresentableState')}
  0x0000017ac3028b34: 49ba d838 | 9ada 7a01 | 0000 4c89 | 5424 0848 | c704 24ff 

  0x0000017ac3028b48: ;   {runtime_call C1 Runtime counter_overflow_blob}
  0x0000017ac3028b48: ffff ffe8 

  0x0000017ac3028b4c: ; ImmutableOopMap {rdx=Oop rsi=Oop [232]=Oop [248]=Oop }
                      ;*synchronization entry
                      ; - com.sun.prism.PresentableState::lock@-1 (line 284)
                      ; - com.sun.javafx.tk.quantum.PresentingPainter::run@106 (line 65)
  0x0000017ac3028b4c: 103a ac06 | e9ec 74ff 

  0x0000017ac3028b54: ;   {runtime_call C1 Runtime throw_null_pointer_exception_blob}
  0x0000017ac3028b54: ffe8 86de 

  0x0000017ac3028b58: ; ImmutableOopMap {rdx=Oop rbx=Oop rsi=Oop [232]=Oop [248]=Oop }
                      ;*invokevirtual lock {reexecute=0 rethrow=0 return_oop=0}
                      ; - com.sun.prism.PresentableState::lock@11 (line 285)
                      ; - com.sun.javafx.tk.quantum.PresentingPainter::run@106 (line 65)
                      ;   {metadata({method} {0x0000017ada4f9640} 'lock' '()V' in 'com/sun/glass/ui/View')}
  0x0000017ac3028b58: ab06 49ba | 3896 4fda | 7a01 0000 | 4c89 5424 | 0848 c704 | 24ff ffff 

  0x0000017ac3028b70: ;   {runtime_call C1 Runtime counter_overflow_blob}
  0x0000017ac3028b70: ffe8 ea39 

  0x0000017ac3028b74: ; ImmutableOopMap {rdx=Oop rbx=Oop rsi=Oop [232]=Oop [248]=Oop }
                      ;*synchronization entry
                      ; - com.sun.glass.ui.View::lock@-1 (line 730)
                      ; - com.sun.prism.PresentableState::lock@11 (line 285)
                      ; - com.sun.javafx.tk.quantum.PresentingPainter::run@106 (line 65)
  0x0000017ac3028b74: ac06 e9b4 

  0x0000017ac3028b78: ;   {metadata({method} {0x0000017ada4f7860} 'checkNotClosed' '()V' in 'com/sun/glass/ui/View')}
  0x0000017ac3028b78: 75ff ff49 | ba58 784f | da7a 0100 | 004c 8954 | 2408 48c7 | 0424 ffff 

  0x0000017ac3028b90: ;   {runtime_call C1 Runtime counter_overflow_blob}
  0x0000017ac3028b90: ffff e8c9 

  0x0000017ac3028b94: ; ImmutableOopMap {rdx=Oop rbx=Oop rsi=Oop [232]=Oop [248]=Oop }
                      ;*synchronization entry
                      ; - com.sun.glass.ui.View::checkNotClosed@-1 (line 434)
                      ; - com.sun.glass.ui.View::lock@1 (line 730)
                      ; - com.sun.prism.PresentableState::lock@11 (line 285)
                      ; - com.sun.javafx.tk.quantum.PresentingPainter::run@106 (line 65)
  0x0000017ac3028b94: 39ac 06e9 | d175 ffff 

  0x0000017ac3028b9c: ;   {runtime_call C1 Runtime throw_null_pointer_exception_blob}
  0x0000017ac3028b9c: e83f deab 

  0x0000017ac3028ba0: ; ImmutableOopMap {rsi=Oop rdx=Oop [232]=Oop [248]=Oop }
                      ;*invokevirtual getNativeFrameBuffer {reexecute=0 rethrow=0 return_oop=0}
                      ; - com.sun.prism.PresentableState::lock@19 (line 286)
                      ; - com.sun.javafx.tk.quantum.PresentingPainter::run@106 (line 65)
                      ;   {metadata({method} {0x0000017ada4f98a8} 'getNativeFrameBuffer' '()I' in 'com/sun/glass/ui/View')}
  0x0000017ac3028ba0: 0649 baa0 | 984f da7a | 0100 004c | 8954 2408 | 48c7 0424 | ffff ffff 

  0x0000017ac3028bb8: ;   {runtime_call C1 Runtime counter_overflow_blob}
  0x0000017ac3028bb8: e8a3 39ac 

  0x0000017ac3028bbc: ; ImmutableOopMap {rsi=Oop rdx=Oop [232]=Oop [248]=Oop }
                      ;*synchronization entry
                      ; - com.sun.glass.ui.View::getNativeFrameBuffer@-1 (line 751)
                      ; - com.sun.prism.PresentableState::lock@19 (line 286)
                      ; - com.sun.javafx.tk.quantum.PresentingPainter::run@106 (line 65)
  0x0000017ac3028bbc: 06e9 ea76 

  0x0000017ac3028bc0: ;   {metadata({method} {0x0000017ada4fc220} '_getNativeFrameBuffer' '(J)I' in 'com/sun/glass/ui/win/WinView')}
  0x0000017ac3028bc0: ffff 49ba | 18c2 4fda | 7a01 0000 | 4c89 5424 | 0848 c704 | 24ff ffff 

  0x0000017ac3028bd8: ;   {runtime_call C1 Runtime counter_overflow_blob}
  0x0000017ac3028bd8: ffe8 8239 

  0x0000017ac3028bdc: ; ImmutableOopMap {rsi=Oop [232]=Oop [248]=Oop }
                      ;*synchronization entry
                      ; - com.sun.glass.ui.win.WinView::_getNativeFrameBuffer@-1 (line 70)
                      ; - com.sun.glass.ui.View::getNativeFrameBuffer@5 (line 751)
                      ; - com.sun.prism.PresentableState::lock@19 (line 286)
                      ; - com.sun.javafx.tk.quantum.PresentingPainter::run@106 (line 65)
  0x0000017ac3028bdc: ac06 e91d 

  0x0000017ac3028be0: ;   {metadata({method} {0x0000017ada4d5468} 'getDefaultResourceFactory' '()Lcom/sun/prism/ResourceFactory;' in 'com/sun/prism/GraphicsPipeline')}
  0x0000017ac3028be0: 77ff ff49 | ba60 544d | da7a 0100 | 004c 8954 | 2408 48c7 | 0424 ffff 

  0x0000017ac3028bf8: ;   {runtime_call C1 Runtime counter_overflow_blob}
  0x0000017ac3028bf8: ffff e861 

  0x0000017ac3028bfc: ; ImmutableOopMap {rdx=Oop [232]=Oop }
                      ;*synchronization entry
                      ; - com.sun.prism.GraphicsPipeline::getDefaultResourceFactory@-1 (line 150)
                      ; - com.sun.javafx.tk.quantum.PresentingPainter::run@119 (line 69)
  0x0000017ac3028bfc: 39ac 06e9 | 7e77 ffff 

  0x0000017ac3028c04: ;   {metadata({method} {0x0000017ada4e2618} 'getScreens' '()Ljava/util/List;' in 'com/sun/glass/ui/Screen')}
  0x0000017ac3028c04: 49ba 1026 | 4eda 7a01 | 0000 4c89 | 5424 0848 | c704 24ff 

  0x0000017ac3028c18: ;   {runtime_call C1 Runtime counter_overflow_blob}
  0x0000017ac3028c18: ffff ffe8 

  0x0000017ac3028c1c: ; ImmutableOopMap {rdx=Oop [232]=Oop }
                      ;*synchronization entry
                      ; - com.sun.glass.ui.Screen::getScreens@-1 (line 67)
                      ; - com.sun.prism.GraphicsPipeline::getDefaultResourceFactory@0 (line 150)
                      ; - com.sun.javafx.tk.quantum.PresentingPainter::run@119 (line 69)
  0x0000017ac3028c1c: 4039 ac06 | e996 77ff 

  0x0000017ac3028c24: ;   {metadata({method} {0x0000017ada4d5a00} 'getPipeline' '()Lcom/sun/prism/GraphicsPipeline;' in 'com/sun/prism/GraphicsPipeline')}
  0x0000017ac3028c24: ff49 baf8 | 594d da7a | 0100 004c | 8954 2408 | 48c7 0424 | ffff ffff 

  0x0000017ac3028c3c: ;   {runtime_call C1 Runtime counter_overflow_blob}
  0x0000017ac3028c3c: e81f 39ac 

  0x0000017ac3028c40: ; ImmutableOopMap {rdx=Oop rsi=Oop [232]=Oop }
                      ;*synchronization entry
                      ; - com.sun.prism.GraphicsPipeline::getPipeline@-1 (line 269)
                      ; - com.sun.prism.GraphicsPipeline::getDefaultResourceFactory@4 (line 151)
                      ; - com.sun.javafx.tk.quantum.PresentingPainter::run@119 (line 69)
  0x0000017ac3028c40: 06e9 fb77 

  0x0000017ac3028c44: ;   {runtime_call C1 Runtime throw_null_pointer_exception_blob}
  0x0000017ac3028c44: ffff e895 

  0x0000017ac3028c48: ; ImmutableOopMap {rdx=Oop rsi=Oop rdi=Oop [232]=Oop }
                      ;*invokevirtual getDefaultResourceFactory {reexecute=0 rethrow=0 return_oop=0}
                      ; - com.sun.prism.GraphicsPipeline::getDefaultResourceFactory@8 (line 151)
                      ; - com.sun.javafx.tk.quantum.PresentingPainter::run@119 (line 69)
                      ;   {metadata({method} {0x0000017ada4d2db0} 'getDefaultResourceFactory' '(Ljava/util/List;)Lcom/sun/prism/ResourceFactory;' in 'com/sun/prism/d3d/D3DPipeline')}
  0x0000017ac3028c48: ddab 0649 | baa8 2d4d | da7a 0100 | 004c 8954 | 2408 48c7 | 0424 ffff 

  0x0000017ac3028c60: ;   {runtime_call C1 Runtime counter_overflow_blob}
  0x0000017ac3028c60: ffff e8f9 

  0x0000017ac3028c64: ; ImmutableOopMap {rdx=Oop rsi=Oop rdi=Oop [232]=Oop }
                      ;*synchronization entry
                      ; - com.sun.prism.d3d.D3DPipeline::getDefaultResourceFactory@-1 (line 276)
                      ; - com.sun.prism.GraphicsPipeline::getDefaultResourceFactory@8 (line 151)
                      ; - com.sun.javafx.tk.quantum.PresentingPainter::run@119 (line 69)
  0x0000017ac3028c64: 38ac 06e9 | 3578 ffff | 8b57 1848 | c1e2 0348 | 83fa 000f | 849c 78ff | ff48 8914 

  0x0000017ac3028c80: ;   {runtime_call g1_pre_barrier_slow}
  0x0000017ac3028c80: 24e8 da3e | ac06 e98e | 78ff ff48 | 83f8 000f | 84a3 78ff | ff48 893c 

  0x0000017ac3028c98: ;   {runtime_call g1_post_barrier_slow}
  0x0000017ac3028c98: 24e8 c241 | ac06 e995 | 78ff ff8b | 7e30 48c1 | e703 4883 | ff00 0f84 | a078 ffff | 4889 3c24 
  0x0000017ac3028cb8: ;   {runtime_call g1_pre_barrier_slow}
  0x0000017ac3028cb8: e8a3 3eac | 06e9 9278 | ffff 4883 | fa00 0f84 | a778 ffff | 4889 3424 

  0x0000017ac3028cd0: ;   {runtime_call g1_post_barrier_slow}
  0x0000017ac3028cd0: e88b 41ac | 06e9 9978 

  0x0000017ac3028cd8: ;   {runtime_call C1 Runtime throw_incompatible_class_change_error_blob}
  0x0000017ac3028cd8: ffff e801 

  0x0000017ac3028cdc: ; ImmutableOopMap {rsi=Oop rdi=Oop [232]=Oop }
                      ;*invokeinterface isDeviceReady {reexecute=0 rethrow=0 return_oop=0}
                      ; - com.sun.javafx.tk.quantum.PresentingPainter::run@136 (line 71)
                      ;   {runtime_call C1 Runtime throw_null_pointer_exception_blob}
  0x0000017ac3028cdc: 04ac 06e8 

  0x0000017ac3028ce0: ; ImmutableOopMap {rsi=Oop rdi=Oop [232]=Oop }
                      ;*invokeinterface isDeviceReady {reexecute=0 rethrow=0 return_oop=0}
                      ; - com.sun.javafx.tk.quantum.PresentingPainter::run@136 (line 71)
  0x0000017ac3028ce0: fcdc ab06 

  0x0000017ac3028ce4: ;   {metadata({method} {0x0000017ada4dae48} 'isDeviceReady' '()Z' in 'com/sun/prism/d3d/D3DResourceFactory')}
  0x0000017ac3028ce4: 49ba 40ae | 4dda 7a01 | 0000 4c89 | 5424 0848 | c704 24ff 

  0x0000017ac3028cf8: ;   {runtime_call C1 Runtime counter_overflow_blob}
  0x0000017ac3028cf8: ffff ffe8 

  0x0000017ac3028cfc: ; ImmutableOopMap {rsi=Oop rdi=Oop [232]=Oop }
                      ;*synchronization entry
                      ; - com.sun.prism.d3d.D3DResourceFactory::isDeviceReady@-1 (line 116)
                      ; - com.sun.javafx.tk.quantum.PresentingPainter::run@136 (line 71)
  0x0000017ac3028cfc: 6038 ac06 | e929 79ff 

  0x0000017ac3028d04: ;   {runtime_call C1 Runtime throw_null_pointer_exception_blob}
  0x0000017ac3028d04: ffe8 d6dc 

  0x0000017ac3028d08: ; ImmutableOopMap {rdx=Oop [232]=Oop }
                      ;*invokevirtual testLostStateAndReset {reexecute=0 rethrow=0 return_oop=0}
                      ; - com.sun.prism.d3d.D3DResourceFactory::isDeviceReady@17 (line 120)
                      ; - com.sun.javafx.tk.quantum.PresentingPainter::run@136 (line 71)
                      ;   {runtime_call C1 Runtime throw_null_pointer_exception_blob}
  0x0000017ac3028d08: ab06 e8d1 

  0x0000017ac3028d0c: ; ImmutableOopMap {rdx=Oop rsi=Oop [232]=Oop }
                      ;*invokevirtual getScene {reexecute=0 rethrow=0 return_oop=0}
                      ; - com.sun.javafx.tk.quantum.PresentingPainter::run@148 (line 72)
                      ;   {runtime_call C1 Runtime throw_null_pointer_exception_blob}
  0x0000017ac3028d0c: dcab 06e8 

  0x0000017ac3028d10: ; ImmutableOopMap {rdx=Oop rsi=Oop [232]=Oop }
                      ;*invokevirtual entireSceneNeedsRepaint {reexecute=0 rethrow=0 return_oop=0}
                      ; - com.sun.javafx.tk.quantum.PresentingPainter::run@151 (line 72)
  0x0000017ac3028d10: ccdc ab06 

  0x0000017ac3028d14: ;   {metadata({method} {0x0000017ada4eb4d0} 'entireSceneNeedsRepaint' '()V' in 'com/sun/javafx/tk/quantum/GlassScene')}
  0x0000017ac3028d14: 49ba c8b4 | 4eda 7a01 | 0000 4c89 | 5424 0848 | c704 24ff 

  0x0000017ac3028d28: ;   {runtime_call C1 Runtime counter_overflow_blob}
  0x0000017ac3028d28: ffff ffe8 

  0x0000017ac3028d2c: ; ImmutableOopMap {rdx=Oop rsi=Oop [232]=Oop }
                      ;*synchronization entry
                      ; - com.sun.javafx.tk.quantum.GlassScene::entireSceneNeedsRepaint@-1 (line 228)
                      ; - com.sun.javafx.tk.quantum.PresentingPainter::run@151 (line 72)
  0x0000017ac3028d2c: 3038 ac06 | e967 7bff 

  0x0000017ac3028d34: ;   {metadata({method} {0x0000017ada652050} 'isFxApplicationThread' '()Z' in 'javafx/application/Platform')}
  0x0000017ac3028d34: ff49 ba48 | 2065 da7a | 0100 004c | 8954 2408 | 48c7 0424 | ffff ffff 

  0x0000017ac3028d4c: ;   {runtime_call C1 Runtime counter_overflow_blob}
  0x0000017ac3028d4c: e80f 38ac 

  0x0000017ac3028d50: ; ImmutableOopMap {rdx=Oop rsi=Oop [232]=Oop }
                      ;*synchronization entry
                      ; - javafx.application.Platform::isFxApplicationThread@-1 (line 200)
                      ; - com.sun.javafx.tk.quantum.GlassScene::entireSceneNeedsRepaint@0 (line 228)
                      ; - com.sun.javafx.tk.quantum.PresentingPainter::run@151 (line 72)
  0x0000017ac3028d50: 06e9 7f7b 

  0x0000017ac3028d54: ;   {metadata({method} {0x0000017ada41fa78} 'isFxApplicationThread' '()Z' in 'com/sun/javafx/application/PlatformImpl')}
  0x0000017ac3028d54: ffff 49ba | 70fa 41da | 7a01 0000 | 4c89 5424 | 0848 c704 | 24ff ffff 

  0x0000017ac3028d6c: ;   {runtime_call C1 Runtime counter_overflow_blob}
  0x0000017ac3028d6c: ffe8 ee37 

  0x0000017ac3028d70: ; ImmutableOopMap {rdx=Oop rsi=Oop [232]=Oop }
                      ;*synchronization entry
                      ; - com.sun.javafx.application.PlatformImpl::isFxApplicationThread@-1 (line 427)
                      ; - javafx.application.Platform::isFxApplicationThread@0 (line 200)
                      ; - com.sun.javafx.tk.quantum.GlassScene::entireSceneNeedsRepaint@0 (line 228)
                      ; - com.sun.javafx.tk.quantum.PresentingPainter::run@151 (line 72)
  0x0000017ac3028d70: ac06 e997 

  0x0000017ac3028d74: ;   {runtime_call C1 Runtime throw_null_pointer_exception_blob}
  0x0000017ac3028d74: 7bff ffe8 

  0x0000017ac3028d78: ; ImmutableOopMap {rax=Oop [232]=Oop [272]=Oop }
                      ;*invokevirtual isFxUserThread {reexecute=0 rethrow=0 return_oop=0}
                      ; - com.sun.javafx.application.PlatformImpl::isFxApplicationThread@3 (line 427)
                      ; - javafx.application.Platform::isFxApplicationThread@0 (line 200)
                      ; - com.sun.javafx.tk.quantum.GlassScene::entireSceneNeedsRepaint@0 (line 228)
                      ; - com.sun.javafx.tk.quantum.PresentingPainter::run@151 (line 72)
  0x0000017ac3028d78: 64dc ab06 

  0x0000017ac3028d7c: ;   {metadata({method} {0x0000017ada442d28} 'isFxUserThread' '()Z' in 'com/sun/javafx/tk/Toolkit')}
  0x0000017ac3028d7c: 49ba 202d | 44da 7a01 | 0000 4c89 | 5424 0848 | c704 24ff 

  0x0000017ac3028d90: ;   {runtime_call C1 Runtime counter_overflow_blob}
  0x0000017ac3028d90: ffff ffe8 

  0x0000017ac3028d94: ; ImmutableOopMap {[232]=Oop [272]=Oop }
                      ;*synchronization entry
                      ; - com.sun.javafx.tk.Toolkit::isFxUserThread@-1 (line 300)
                      ; - com.sun.javafx.application.PlatformImpl::isFxApplicationThread@3 (line 427)
                      ; - javafx.application.Platform::isFxApplicationThread@0 (line 200)
                      ; - com.sun.javafx.tk.quantum.GlassScene::entireSceneNeedsRepaint@0 (line 228)
                      ; - com.sun.javafx.tk.quantum.PresentingPainter::run@151 (line 72)
  0x0000017ac3028d94: c837 ac06 | e957 7cff 

  0x0000017ac3028d9c: ;   {metadata({method} {0x0000017ada4ebca8} 'sceneChanged' '()V' in 'com/sun/javafx/tk/quantum/GlassScene')}
  0x0000017ac3028d9c: ff49 baa0 | bc4e da7a | 0100 004c | 8954 2408 | 48c7 0424 | ffff ffff 

  0x0000017ac3028db4: ;   {runtime_call C1 Runtime counter_overflow_blob}
  0x0000017ac3028db4: e8a7 37ac 

  0x0000017ac3028db8: ; ImmutableOopMap {rsi=Oop [232]=Oop }
                      ;*synchronization entry
                      ; - com.sun.javafx.tk.quantum.GlassScene::sceneChanged@-1 (line 313)
                      ; - com.sun.javafx.tk.quantum.GlassScene::entireSceneNeedsRepaint@12 (line 230)
                      ; - com.sun.javafx.tk.quantum.PresentingPainter::run@151 (line 72)
  0x0000017ac3028db8: 06e9 bc7d 

  0x0000017ac3028dbc: ;   {metadata({method} {0x0000017ada4e6d08} 'getInstance' '()Lcom/sun/javafx/tk/quantum/PaintCollector;' in 'com/sun/javafx/tk/quantum/PaintCollector')}
  0x0000017ac3028dbc: ffff 49ba | 006d 4eda | 7a01 0000 | 4c89 5424 | 0848 c704 | 24ff ffff 

  0x0000017ac3028dd4: ;   {runtime_call C1 Runtime counter_overflow_blob}
  0x0000017ac3028dd4: ffe8 8637 

  0x0000017ac3028dd8: ; ImmutableOopMap {rsi=Oop [232]=Oop }
                      ;*synchronization entry
                      ; - com.sun.javafx.tk.quantum.PaintCollector::getInstance@-1 (line 76)
                      ; - com.sun.javafx.tk.quantum.GlassScene::sceneChanged@7 (line 317)
                      ; - com.sun.javafx.tk.quantum.GlassScene::entireSceneNeedsRepaint@12 (line 230)
                      ; - com.sun.javafx.tk.quantum.PresentingPainter::run@151 (line 72)
  0x0000017ac3028dd8: ac06 e909 

  0x0000017ac3028ddc: ;   {runtime_call C1 Runtime throw_null_pointer_exception_blob}
  0x0000017ac3028ddc: 7eff ffe8 

  0x0000017ac3028de0: ; ImmutableOopMap {rsi=Oop rdx=Oop [232]=Oop }
                      ;*invokevirtual addDirtyScene {reexecute=0 rethrow=0 return_oop=0}
                      ; - com.sun.javafx.tk.quantum.GlassScene::sceneChanged@11 (line 317)
                      ; - com.sun.javafx.tk.quantum.GlassScene::entireSceneNeedsRepaint@12 (line 230)
                      ; - com.sun.javafx.tk.quantum.PresentingPainter::run@151 (line 72)
  0x0000017ac3028de0: fcdb ab06 

  0x0000017ac3028de4: ;   {metadata({method} {0x0000017ada4e6d08} 'getInstance' '()Lcom/sun/javafx/tk/quantum/PaintCollector;' in 'com/sun/javafx/tk/quantum/PaintCollector')}
  0x0000017ac3028de4: 49ba 006d | 4eda 7a01 | 0000 4c89 | 5424 0848 | c704 24ff 

  0x0000017ac3028df8: ;   {runtime_call C1 Runtime counter_overflow_blob}
  0x0000017ac3028df8: ffff ffe8 

  0x0000017ac3028dfc: ; ImmutableOopMap {rsi=Oop [232]=Oop }
                      ;*synchronization entry
                      ; - com.sun.javafx.tk.quantum.PaintCollector::getInstance@-1 (line 76)
                      ; - com.sun.javafx.tk.quantum.GlassScene::sceneChanged@17 (line 322)
                      ; - com.sun.javafx.tk.quantum.GlassScene::entireSceneNeedsRepaint@12 (line 230)
                      ; - com.sun.javafx.tk.quantum.PresentingPainter::run@151 (line 72)
  0x0000017ac3028dfc: 6037 ac06 | e9f0 7eff 

  0x0000017ac3028e04: ;   {runtime_call C1 Runtime throw_null_pointer_exception_blob}
  0x0000017ac3028e04: ffe8 d6db 

  0x0000017ac3028e08: ; ImmutableOopMap {rsi=Oop rdx=Oop [232]=Oop }
                      ;*invokevirtual removeDirtyScene {reexecute=0 rethrow=0 return_oop=0}
                      ; - com.sun.javafx.tk.quantum.GlassScene::sceneChanged@21 (line 322)
                      ; - com.sun.javafx.tk.quantum.GlassScene::entireSceneNeedsRepaint@12 (line 230)
                      ; - com.sun.javafx.tk.quantum.PresentingPainter::run@151 (line 72)
  0x0000017ac3028e08: ab06 49b8 | 0000 0000 | 0000 0000 | b800 0f05 

  0x0000017ac3028e18: ;   {runtime_call C1 Runtime load_appendix_patching_blob}
  0x0000017ac3028e18: 0ae8 c22f 

  0x0000017ac3028e1c: ; ImmutableOopMap {rsi=Oop [232]=Oop }
                      ;*invokedynamic {reexecute=1 rethrow=0 return_oop=0}
                      ; - (reexecute) com.sun.javafx.tk.quantum.GlassScene::entireSceneNeedsRepaint@19 (line 232)
                      ; - com.sun.javafx.tk.quantum.PresentingPainter::run@151 (line 72)
  0x0000017ac3028e1c: ac06 e9a5 

  0x0000017ac3028e20: ;   {metadata({method} {0x0000017ada657f00} 'runLater' '(Ljava/lang/Runnable;)V' in 'javafx/application/Platform')}
  0x0000017ac3028e20: 7fff ff49 | baf8 7e65 | da7a 0100 | 004c 8954 | 2408 48c7 | 0424 ffff 

  0x0000017ac3028e38: ;   {runtime_call C1 Runtime counter_overflow_blob}
  0x0000017ac3028e38: ffff e821 

  0x0000017ac3028e3c: ; ImmutableOopMap {rax=Oop [232]=Oop }
                      ;*synchronization entry
                      ; - javafx.application.Platform::runLater@-1 (line 168)
                      ; - com.sun.javafx.tk.quantum.GlassScene::entireSceneNeedsRepaint@24 (line 232)
                      ; - com.sun.javafx.tk.quantum.PresentingPainter::run@151 (line 72)
  0x0000017ac3028e3c: 37ac 06e9 | 4380 ffff 

  0x0000017ac3028e44: ;   {metadata({method} {0x0000017ada41fb18} 'runLater' '(Ljava/lang/Runnable;)V' in 'com/sun/javafx/application/PlatformImpl')}
  0x0000017ac3028e44: 49ba 10fb | 41da 7a01 | 0000 4c89 | 5424 0848 | c704 24ff 

  0x0000017ac3028e58: ;   {runtime_call C1 Runtime counter_overflow_blob}
  0x0000017ac3028e58: ffff ffe8 

  0x0000017ac3028e5c: ; ImmutableOopMap {rax=Oop [232]=Oop }
                      ;*synchronization entry
                      ; - com.sun.javafx.application.PlatformImpl::runLater@-1 (line 431)
                      ; - javafx.application.Platform::runLater@1 (line 168)
                      ; - com.sun.javafx.tk.quantum.GlassScene::entireSceneNeedsRepaint@24 (line 232)
                      ; - com.sun.javafx.tk.quantum.PresentingPainter::run@151 (line 72)
  0x0000017ac3028e5c: 0037 ac06 | e960 80ff | ff8b 7230 | 48c1 e603 | 4883 fe00 | 0f84 9380 | ffff 4889 

  0x0000017ac3028e78: ;   {runtime_call g1_pre_barrier_slow}
  0x0000017ac3028e78: 3424 e8e1 | 3cac 06e9 | 8580 ffff 

  0x0000017ac3028e84: ;   {runtime_call C1 Runtime throw_null_pointer_exception_blob}
  0x0000017ac3028e84: e857 dbab 

  0x0000017ac3028e88: ; ImmutableOopMap {rdx=Oop r8=Oop [232]=Oop }
                      ;*invokevirtual unlock {reexecute=0 rethrow=0 return_oop=0}
                      ; - com.sun.javafx.tk.quantum.PresentingPainter::run@170 (line 120)
                      ;   {metadata({method} {0x0000017ada9a3998} 'unlock' '()V' in 'com/sun/prism/PresentableState')}
  0x0000017ac3028e88: 0649 ba90 | 399a da7a | 0100 004c | 8954 2408 | 48c7 0424 | ffff ffff 

  0x0000017ac3028ea0: ;   {runtime_call C1 Runtime counter_overflow_blob}
  0x0000017ac3028ea0: e8bb 36ac 

  0x0000017ac3028ea4: ; ImmutableOopMap {rdx=Oop r8=Oop [232]=Oop }
                      ;*synchronization entry
                      ; - com.sun.prism.PresentableState::unlock@-1 (line 296)
                      ; - com.sun.javafx.tk.quantum.PresentingPainter::run@170 (line 120)
  0x0000017ac3028ea4: 06e9 6481 

  0x0000017ac3028ea8: ;   {runtime_call C1 Runtime throw_null_pointer_exception_blob}
  0x0000017ac3028ea8: ffff e831 

  0x0000017ac3028eac: ; ImmutableOopMap {rdx=Oop rbx=Oop [232]=Oop }
                      ;*invokevirtual unlock {reexecute=0 rethrow=0 return_oop=0}
                      ; - com.sun.prism.PresentableState::unlock@11 (line 296)
                      ; - com.sun.javafx.tk.quantum.PresentingPainter::run@170 (line 120)
                      ;   {metadata({method} {0x0000017ada4f9778} 'unlock' '()V' in 'com/sun/glass/ui/View')}
  0x0000017ac3028eac: dbab 0649 | ba70 974f | da7a 0100 | 004c 8954 | 2408 48c7 | 0424 ffff 

  0x0000017ac3028ec4: ;   {runtime_call C1 Runtime counter_overflow_blob}
  0x0000017ac3028ec4: ffff e895 

  0x0000017ac3028ec8: ; ImmutableOopMap {rdx=Oop rbx=Oop [232]=Oop }
                      ;*synchronization entry
                      ; - com.sun.glass.ui.View::unlock@-1 (line 741)
                      ; - com.sun.prism.PresentableState::unlock@11 (line 296)
                      ; - com.sun.javafx.tk.quantum.PresentingPainter::run@170 (line 120)
  0x0000017ac3028ec8: 36ac 06e9 | 2d82 ffff 

  0x0000017ac3028ed0: ;   {metadata({method} {0x0000017ada4f7860} 'checkNotClosed' '()V' in 'com/sun/glass/ui/View')}
  0x0000017ac3028ed0: 49ba 5878 | 4fda 7a01 | 0000 4c89 | 5424 0848 | c704 24ff 

  0x0000017ac3028ee4: ;   {runtime_call C1 Runtime counter_overflow_blob}
  0x0000017ac3028ee4: ffff ffe8 

  0x0000017ac3028ee8: ; ImmutableOopMap {rdx=Oop rbx=Oop [232]=Oop }
                      ;*synchronization entry
                      ; - com.sun.glass.ui.View::checkNotClosed@-1 (line 434)
                      ; - com.sun.glass.ui.View::unlock@1 (line 741)
                      ; - com.sun.prism.PresentableState::unlock@11 (line 296)
                      ; - com.sun.javafx.tk.quantum.PresentingPainter::run@170 (line 120)
  0x0000017ac3028ee8: 7436 ac06 | e94a 82ff 

  0x0000017ac3028ef0: ;   {runtime_call C1 Runtime throw_null_pointer_exception_blob}
  0x0000017ac3028ef0: ffe8 eada 

  0x0000017ac3028ef4: ; ImmutableOopMap {rdx=Oop r8=Oop [232]=Oop }
                      ;*invokevirtual getScene {reexecute=0 rethrow=0 return_oop=0}
                      ; - com.sun.javafx.tk.quantum.PresentingPainter::run@177 (line 123)
  0x0000017ac3028ef4: ab06 4c89 

  0x0000017ac3028ef8: ;   {runtime_call C1 Runtime throw_class_cast_exception_blob}
  0x0000017ac3028ef8: 0424 e8e1 

  0x0000017ac3028efc: ; ImmutableOopMap {rdx=Oop [232]=Oop }
                      ;*checkcast {reexecute=0 rethrow=0 return_oop=0}
                      ; - com.sun.javafx.tk.quantum.PresentingPainter::run@180 (line 123)
                      ;   {runtime_call C1 Runtime throw_null_pointer_exception_blob}
  0x0000017ac3028efc: feab 06e8 

  0x0000017ac3028f00: ; ImmutableOopMap {rdx=Oop r8=Oop [232]=Oop }
                      ;*invokevirtual setPainting {reexecute=0 rethrow=0 return_oop=0}
                      ; - com.sun.javafx.tk.quantum.PresentingPainter::run@188 (line 124)
  0x0000017ac3028f00: dcda ab06 

  0x0000017ac3028f04: ;   {metadata({method} {0x0000017ada4eba90} 'setPainting' '(Z)Z' in 'com/sun/javafx/tk/quantum/GlassScene')}
  0x0000017ac3028f04: 49ba 88ba | 4eda 7a01 | 0000 4c89 | 5424 0848 | c704 24ff 

  0x0000017ac3028f18: ;   {runtime_call C1 Runtime counter_overflow_blob}
  0x0000017ac3028f18: ffff ffe8 

  0x0000017ac3028f1c: ; ImmutableOopMap {rdx=Oop r8=Oop [232]=Oop }
                      ;*synchronization entry
                      ; - com.sun.javafx.tk.quantum.GlassScene::setPainting@-1 (line 293)
                      ; - com.sun.javafx.tk.quantum.PresentingPainter::run@188 (line 124)
  0x0000017ac3028f1c: 4036 ac06 | e94c 84ff 

  0x0000017ac3028f24: ;   {runtime_call C1 Runtime throw_null_pointer_exception_blob}
  0x0000017ac3028f24: ffe8 b6da 

  0x0000017ac3028f28: ; ImmutableOopMap {rdx=Oop rbx=Oop [232]=Oop }
                      ;*invokevirtual getAndSet {reexecute=0 rethrow=0 return_oop=0}
                      ; - com.sun.javafx.tk.quantum.GlassScene::setPainting@5 (line 293)
                      ; - com.sun.javafx.tk.quantum.PresentingPainter::run@188 (line 124)
                      ;   {metadata({method} {0x0000017ada0e7318} 'getAndSet' '(Z)Z' in 'java/util/concurrent/atomic/AtomicBoolean')}
  0x0000017ac3028f28: ab06 49ba | 1073 0eda | 7a01 0000 | 4c89 5424 | 0848 c704 | 24ff ffff 

  0x0000017ac3028f40: ;   {runtime_call C1 Runtime counter_overflow_blob}
  0x0000017ac3028f40: ffe8 1a36 

  0x0000017ac3028f44: ; ImmutableOopMap {rdx=Oop rbx=Oop [232]=Oop }
                      ;*synchronization entry
                      ; - java.util.concurrent.atomic.AtomicBoolean::getAndSet@-1 (line 171)
                      ; - com.sun.javafx.tk.quantum.GlassScene::setPainting@5 (line 293)
                      ; - com.sun.javafx.tk.quantum.PresentingPainter::run@188 (line 124)
  0x0000017ac3028f44: ac06 e9ea 

  0x0000017ac3028f48: ;   {metadata({method} {0x000000003d28f1b0} 'guard_LI_I' '(Ljava/lang/invoke/VarHandle;Ljava/lang/Object;ILjava/lang/invoke/VarHandle$AccessDescriptor;)I' in 'java/lang/invoke/VarHandleGuards')}
  0x0000017ac3028f48: 84ff ff49 | baa8 f128 | 3d00 0000 | 004c 8954 | 2408 48c7 | 0424 ffff 

  0x0000017ac3028f60: ;   {runtime_call C1 Runtime counter_overflow_blob}
  0x0000017ac3028f60: ffff e8f9 

  0x0000017ac3028f64: ; ImmutableOopMap {rdx=Oop rbx=Oop [232]=Oop }
                      ;*synchronization entry
                      ; - java.lang.invoke.VarHandleGuards::guard_LI_I@-1 (line 183)
                      ; - java.util.concurrent.atomic.AtomicBoolean::getAndSet@13 (line 171)
                      ; - com.sun.javafx.tk.quantum.GlassScene::setPainting@5 (line 293)
                      ; - com.sun.javafx.tk.quantum.PresentingPainter::run@188 (line 124)
  0x0000017ac3028f64: 35ac 06e9 | 1585 ffff 

  0x0000017ac3028f6c: ;   {metadata({method} {0x000000003d207d48} 'checkAccessModeThenIsDirect' '(Ljava/lang/invoke/VarHandle$AccessDescriptor;)Z' in 'java/lang/invoke/VarHandle')}
  0x0000017ac3028f6c: 49ba 407d | 203d 0000 | 0000 4c89 | 5424 0848 | c704 24ff 

  0x0000017ac3028f80: ;   {runtime_call C1 Runtime counter_overflow_blob}
  0x0000017ac3028f80: ffff ffe8 

  0x0000017ac3028f84: ; ImmutableOopMap {rdx=Oop rbx=Oop [232]=Oop }
                      ;*synchronization entry
                      ; - java.lang.invoke.VarHandle::checkAccessModeThenIsDirect@-1 (line 2099)
                      ; - java.lang.invoke.VarHandleGuards::guard_LI_I@2 (line 183)
                      ; - java.util.concurrent.atomic.AtomicBoolean::getAndSet@13 (line 171)
                      ; - com.sun.javafx.tk.quantum.GlassScene::setPainting@5 (line 293)
                      ; - com.sun.javafx.tk.quantum.PresentingPainter::run@188 (line 124)
  0x0000017ac3028f84: d835 ac06 | e9b4 85ff 

  0x0000017ac3028f8c: ;   {metadata({method} {0x000000003d28e928} 'getMemberName' '(I)Ljava/lang/invoke/MemberName;' in 'java/lang/invoke/VarForm')}
  0x0000017ac3028f8c: ff49 ba20 | e928 3d00 | 0000 004c | 8954 2408 | 48c7 0424 | ffff ffff 

  0x0000017ac3028fa4: ;   {runtime_call C1 Runtime counter_overflow_blob}
  0x0000017ac3028fa4: e8b7 35ac 

  0x0000017ac3028fa8: ; ImmutableOopMap {rdx=Oop rbx=Oop [232]=Oop }
                      ;*synchronization entry
                      ; - java.lang.invoke.VarForm::getMemberName@-1 (line 136)
                      ; - java.lang.invoke.VarHandleGuards::guard_LI_I@42 (line 185)
                      ; - java.util.concurrent.atomic.AtomicBoolean::getAndSet@13 (line 171)
                      ; - com.sun.javafx.tk.quantum.GlassScene::setPainting@5 (line 293)
                      ; - com.sun.javafx.tk.quantum.PresentingPainter::run@188 (line 124)
  0x0000017ac3028fa8: 06e9 8686 

  0x0000017ac3028fac: ;   {metadata({method} {0x0000017ada0ea050} 'getAndSet' '(Ljava/lang/invoke/VarHandle;Ljava/lang/Object;I)I' in 'java/lang/invoke/VarHandleInts$FieldInstanceReadWrite')}
  0x0000017ac3028fac: ffff 49ba | 48a0 0eda | 7a01 0000 | 4c89 5424 | 0848 c704 | 24ff ffff 

  0x0000017ac3028fc4: ;   {runtime_call C1 Runtime counter_overflow_blob}
  0x0000017ac3028fc4: ffe8 9635 

  0x0000017ac3028fc8: ; ImmutableOopMap {rdx=Oop rbx=Oop [232]=Oop }
                      ;*synchronization entry
                      ; - java.lang.invoke.VarHandleInts$FieldInstanceReadWrite::getAndSet@-1 (line 249)
                      ; - java.lang.invoke.VarHandleGuards::guard_LI_I@45 (line 185)
                      ; - java.util.concurrent.atomic.AtomicBoolean::getAndSet@13 (line 171)
                      ; - com.sun.javafx.tk.quantum.GlassScene::setPainting@5 (line 293)
                      ; - com.sun.javafx.tk.quantum.PresentingPainter::run@188 (line 124)
  0x0000017ac3028fc8: ac06 e9b1 

  0x0000017ac3028fcc: ;   {metadata({method} {0x000000003d197b50} 'cast' '(Ljava/lang/Object;)Ljava/lang/Object;' in 'java/lang/Class')}
  0x0000017ac3028fcc: 86ff ff49 | ba48 7b19 | 3d00 0000 | 004c 8954 | 2408 48c7 | 0424 ffff 

  0x0000017ac3028fe4: ;   {runtime_call C1 Runtime counter_overflow_blob}
  0x0000017ac3028fe4: ffff e875 

  0x0000017ac3028fe8: ; ImmutableOopMap {rdx=Oop rbx=Oop [232]=Oop }
                      ;*synchronization entry
                      ; - java.lang.Class::cast@-1 (line 3491)
                      ; - java.lang.invoke.VarHandleInts$FieldInstanceReadWrite::getAndSet@13 (line 250)
                      ; - java.lang.invoke.VarHandleGuards::guard_LI_I@45 (line 185)
                      ; - java.util.concurrent.atomic.AtomicBoolean::getAndSet@13 (line 171)
                      ; - com.sun.javafx.tk.quantum.GlassScene::setPainting@5 (line 293)
                      ; - com.sun.javafx.tk.quantum.PresentingPainter::run@188 (line 124)
  0x0000017ac3028fe8: 35ac 06e9 | 5087 ffff 

  0x0000017ac3028ff0: ;   {metadata({method} {0x000000003d45aa48} 'requireNonNull' '(Ljava/lang/Object;)Ljava/lang/Object;' in 'java/util/Objects')}
  0x0000017ac3028ff0: 49ba 40aa | 453d 0000 | 0000 4c89 | 5424 0848 | c704 24ff 

  0x0000017ac3029004: ;   {runtime_call C1 Runtime counter_overflow_blob}
  0x0000017ac3029004: ffff ffe8 

  0x0000017ac3029008: ; ImmutableOopMap {rdx=Oop rbx=Oop [232]=Oop }
                      ;*synchronization entry
                      ; - java.util.Objects::requireNonNull@-1 (line 219)
                      ; - java.lang.invoke.VarHandleInts$FieldInstanceReadWrite::getAndSet@16 (line 250)
                      ; - java.lang.invoke.VarHandleGuards::guard_LI_I@45 (line 185)
                      ; - java.util.concurrent.atomic.AtomicBoolean::getAndSet@13 (line 171)
                      ; - com.sun.javafx.tk.quantum.GlassScene::setPainting@5 (line 293)
                      ; - com.sun.javafx.tk.quantum.PresentingPainter::run@188 (line 124)
  0x0000017ac3029008: 5435 ac06 | e990 88ff 

  0x0000017ac3029010: ;   {runtime_call C1 Runtime throw_incompatible_class_change_error_blob}
  0x0000017ac3029010: ffe8 ca00 

  0x0000017ac3029014: ; ImmutableOopMap {r8=Oop }
                      ;*invokeinterface getTextureResourcePool {reexecute=0 rethrow=0 return_oop=0}
                      ; - com.sun.javafx.tk.quantum.PresentingPainter::run@203 (line 127)
                      ;   {runtime_call C1 Runtime throw_null_pointer_exception_blob}
  0x0000017ac3029014: ac06 e8c5 

  0x0000017ac3029018: ; ImmutableOopMap {r8=Oop }
                      ;*invokeinterface getTextureResourcePool {reexecute=0 rethrow=0 return_oop=0}
                      ; - com.sun.javafx.tk.quantum.PresentingPainter::run@203 (line 127)
                      ;   {metadata({method} {0x0000017ada4daca8} 'getTextureResourcePool' '()Lcom/sun/prism/impl/TextureResourcePool;' in 'com/sun/prism/d3d/D3DResourceFactory')}
  0x0000017ac3029018: d9ab 0649 | baa0 ac4d | da7a 0100 | 004c 8954 | 2408 48c7 | 0424 ffff 

  0x0000017ac3029030: ;   {runtime_call C1 Runtime counter_overflow_blob}
  0x0000017ac3029030: ffff e829 

  0x0000017ac3029034: ; ImmutableOopMap {}
                      ;*synchronization entry
                      ; - com.sun.prism.d3d.D3DResourceFactory::getTextureResourcePool@-1 (line 95)
                      ; - com.sun.javafx.tk.quantum.PresentingPainter::run@203 (line 127)
  0x0000017ac3029034: 35ac 06e9 | a489 ffff 

  0x0000017ac302903c: ;   {metadata({method} {0x000000003d1d9bd0} 'unlock' '()V' in 'java/util/concurrent/locks/ReentrantLock')}
  0x0000017ac302903c: 49ba c89b | 1d3d 0000 | 0000 4c89 | 5424 0848 | c704 24ff 

  0x0000017ac3029050: ;   {runtime_call C1 Runtime counter_overflow_blob}
  0x0000017ac3029050: ffff ffe8 

  0x0000017ac3029054: ; ImmutableOopMap {r8=Oop }
                      ;*synchronization entry
                      ; - java.util.concurrent.locks.ReentrantLock::unlock@-1 (line 495)
                      ; - com.sun.javafx.tk.quantum.PresentingPainter::run@217 (line 130)
  0x0000017ac3029054: 0835 ac06 | e9f7 8aff 

  0x0000017ac302905c: ;   {runtime_call C1 Runtime throw_null_pointer_exception_blob}
  0x0000017ac302905c: ffe8 7ed9 

  0x0000017ac3029060: ; ImmutableOopMap {rsi=Oop }
                      ;*invokevirtual release {reexecute=0 rethrow=0 return_oop=0}
                      ; - java.util.concurrent.locks.ReentrantLock::unlock@5 (line 495)
                      ; - com.sun.javafx.tk.quantum.PresentingPainter::run@217 (line 130)
                      ;   {metadata({method} {0x000000003d2d1e60} 'release' '(I)Z' in 'java/util/concurrent/locks/AbstractQueuedSynchronizer')}
  0x0000017ac3029060: ab06 49ba | 581e 2d3d | 0000 0000 | 4c89 5424 | 0848 c704 | 24ff ffff 

  0x0000017ac3029078: ;   {runtime_call C1 Runtime counter_overflow_blob}
  0x0000017ac3029078: ffe8 e234 

  0x0000017ac302907c: ; ImmutableOopMap {rsi=Oop }
                      ;*synchronization entry
                      ; - java.util.concurrent.locks.AbstractQueuedSynchronizer::release@-1 (line 1099)
                      ; - java.util.concurrent.locks.ReentrantLock::unlock@5 (line 495)
                      ; - com.sun.javafx.tk.quantum.PresentingPainter::run@217 (line 130)
  0x0000017ac302907c: ac06 e995 

  0x0000017ac3029080: ;   {internal_word}
  0x0000017ac3029080: 8bff ff49 | ba32 1d02 | c37a 0100 | 004d 8997 | e004 0000 

  0x0000017ac3029094: ;   {runtime_call SafepointBlob}
  0x0000017ac3029094: e9c7 7e9f 

  0x0000017ac3029098: ;   {internal_word}
  0x0000017ac3029098: 0649 ba4b | 1d02 c37a | 0100 004d | 8997 e004 

  0x0000017ac30290a8: ;   {runtime_call SafepointBlob}
  0x0000017ac30290a8: 0000 e9b1 

  0x0000017ac30290ac: ;   {runtime_call C1 Runtime throw_incompatible_class_change_error_blob}
  0x0000017ac30290ac: 7e9f 06e8 

  0x0000017ac30290b0: ; ImmutableOopMap {rdx=Oop rsi=Oop r8=Oop [232]=Oop }
                      ;*invokeinterface lockResources {reexecute=0 rethrow=0 return_oop=0}
                      ; - com.sun.javafx.tk.quantum.PresentingPainter::run@236 (line 77)
  0x0000017ac30290b0: 2c00 ac06 

  0x0000017ac30290b4: ;   {runtime_call C1 Runtime throw_null_pointer_exception_blob}
  0x0000017ac30290b4: e827 d9ab 

  0x0000017ac30290b8: ; ImmutableOopMap {rdx=Oop rsi=Oop r8=Oop [232]=Oop }
                      ;*invokeinterface lockResources {reexecute=0 rethrow=0 return_oop=0}
                      ; - com.sun.javafx.tk.quantum.PresentingPainter::run@236 (line 77)
                      ;   {metadata({method} {0x0000017ada99b510} 'disposePresentable' '()V' in 'com/sun/javafx/tk/quantum/ViewPainter')}
  0x0000017ac30290b8: 0649 ba08 | b599 da7a | 0100 004c | 8954 2408 | 48c7 0424 | ffff ffff 

  0x0000017ac30290d0: ;   {runtime_call C1 Runtime counter_overflow_blob}
  0x0000017ac30290d0: e88b 34ac 

  0x0000017ac30290d4: ; ImmutableOopMap {rdx=Oop [232]=Oop }
                      ;*synchronization entry
                      ; - com.sun.javafx.tk.quantum.ViewPainter::disposePresentable@-1 (line 420)
                      ; - com.sun.javafx.tk.quantum.PresentingPainter::run@245 (line 78)
  0x0000017ac30290d4: 06e9 0a8e | ffff 4889 

  0x0000017ac30290dc: ;   {runtime_call C1 Runtime throw_class_cast_exception_blob}
  0x0000017ac30290dc: 3424 e8fd 

  0x0000017ac30290e0: ; ImmutableOopMap {[232]=Oop }
                      ;*checkcast {reexecute=0 rethrow=0 return_oop=0}
                      ; - com.sun.javafx.tk.quantum.ViewPainter::disposePresentable@14 (line 421)
                      ; - com.sun.javafx.tk.quantum.PresentingPainter::run@245 (line 78)
                      ;   {runtime_call C1 Runtime throw_null_pointer_exception_blob}
  0x0000017ac30290e0: fcab 06e8 

  0x0000017ac30290e4: ; ImmutableOopMap {rsi=Oop [232]=Oop }
                      ;*invokeinterface dispose {reexecute=0 rethrow=0 return_oop=0}
                      ; - com.sun.javafx.tk.quantum.ViewPainter::disposePresentable@17 (line 421)
                      ; - com.sun.javafx.tk.quantum.PresentingPainter::run@245 (line 78)
  0x0000017ac30290e4: f8d8 ab06 | 448b 422c | 49c1 e003 | 4983 f800 | 0f84 a090 | ffff 4c89 

  0x0000017ac30290fc: ;   {runtime_call g1_pre_barrier_slow}
  0x0000017ac30290fc: 0424 e85d | 3aac 06e9 | 9290 ffff 

  0x0000017ac3029108: ;   {runtime_call C1 Runtime throw_incompatible_class_change_error_blob}
  0x0000017ac3029108: e8d3 ffab 

  0x0000017ac302910c: ; ImmutableOopMap {rdx=Oop rsi=Oop r8=Oop [232]=Oop }
                      ;*invokeinterface createPresentable {reexecute=0 rethrow=0 return_oop=0}
                      ; - com.sun.javafx.tk.quantum.PresentingPainter::run@264 (line 81)
                      ;   {runtime_call C1 Runtime throw_null_pointer_exception_blob}
  0x0000017ac302910c: 06e8 ced8 

  0x0000017ac3029110: ; ImmutableOopMap {rdx=Oop rsi=Oop r8=Oop [232]=Oop }
                      ;*invokeinterface createPresentable {reexecute=0 rethrow=0 return_oop=0}
                      ; - com.sun.javafx.tk.quantum.PresentingPainter::run@264 (line 81)
  0x0000017ac3029110: ab06 448b | 422c 49c1 | e003 4983 | f800 0f84 | 4591 ffff | 4c89 0424 

  0x0000017ac3029128: ;   {runtime_call g1_pre_barrier_slow}
  0x0000017ac3029128: e833 3aac | 06e9 3791 | ffff 4883 | f800 0f84 | 4c91 ffff | 4889 1424 

  0x0000017ac3029140: ;   {runtime_call g1_post_barrier_slow}
  0x0000017ac3029140: e81b 3dac | 06e9 3e91 

  0x0000017ac3029148: ;   {runtime_call C1 Runtime throw_incompatible_class_change_error_blob}
  0x0000017ac3029148: ffff e891 

  0x0000017ac302914c: ; ImmutableOopMap {rsi=Oop [232]=Oop }
                      ;*invokeinterface createGraphics {reexecute=0 rethrow=0 return_oop=0}
                      ; - com.sun.javafx.tk.quantum.PresentingPainter::run@304 (line 88)
                      ;   {runtime_call C1 Runtime throw_null_pointer_exception_blob}
  0x0000017ac302914c: ffab 06e8 

  0x0000017ac3029150: ; ImmutableOopMap {rsi=Oop [232]=Oop }
                      ;*invokeinterface createGraphics {reexecute=0 rethrow=0 return_oop=0}
                      ; - com.sun.javafx.tk.quantum.PresentingPainter::run@304 (line 88)
  0x0000017ac3029150: 8cd8 ab06 

  0x0000017ac3029154: ;   {metadata({method} {0x0000017adaac9f88} 'createGraphics' '()Lcom/sun/prism/Graphics;' in 'com/sun/prism/d3d/D3DSwapChain')}
  0x0000017ac3029154: 49ba 809f | acda 7a01 | 0000 4c89 | 5424 0848 | c704 24ff 

  0x0000017ac3029168: ;   {runtime_call C1 Runtime counter_overflow_blob}
  0x0000017ac3029168: ffff ffe8 

  0x0000017ac302916c: ; ImmutableOopMap {rsi=Oop [232]=Oop }
                      ;*synchronization entry
                      ; - com.sun.prism.d3d.D3DSwapChain::createGraphics@-1 (line 148)
                      ; - com.sun.javafx.tk.quantum.PresentingPainter::run@304 (line 88)
  0x0000017ac302916c: f033 ac06 | e9dc 91ff 

  0x0000017ac3029174: ;   {metadata({method} {0x0000017adaac9de0} 'getContext' '()Lcom/sun/prism/d3d/D3DContext;' in 'com/sun/prism/d3d/D3DSwapChain')}
  0x0000017ac3029174: ff49 bad8 | 9dac da7a | 0100 004c | 8954 2408 | 48c7 0424 | ffff ffff 

  0x0000017ac302918c: ;   {runtime_call C1 Runtime counter_overflow_blob}
  0x0000017ac302918c: e8cf 33ac 

  0x0000017ac3029190: ; ImmutableOopMap {rsi=Oop r8=Oop [232]=Oop }
                      ;*synchronization entry
                      ; - com.sun.prism.d3d.D3DSwapChain::getContext@-1 (line 130)
                      ; - com.sun.prism.d3d.D3DSwapChain::createGraphics@5 (line 148)
                      ; - com.sun.javafx.tk.quantum.PresentingPainter::run@304 (line 88)
  0x0000017ac3029190: 06e9 1092 

  0x0000017ac3029194: ;   {runtime_call C1 Runtime throw_null_pointer_exception_blob}
  0x0000017ac3029194: ffff e845 

  0x0000017ac3029198: ; ImmutableOopMap {rsi=Oop r8=Oop rdi=Oop [232]=Oop }
                      ;*invokevirtual getContext {reexecute=0 rethrow=0 return_oop=0}
                      ; - com.sun.prism.d3d.D3DSwapChain::getContext@4 (line 130)
                      ; - com.sun.prism.d3d.D3DSwapChain::createGraphics@5 (line 148)
                      ; - com.sun.javafx.tk.quantum.PresentingPainter::run@304 (line 88)
                      ;   {runtime_call C1 Runtime throw_incompatible_class_change_error_blob}
  0x0000017ac3029198: d8ab 06e8 

  0x0000017ac302919c: ; ImmutableOopMap {rax=Oop [232]=Oop }
                      ;*invokeinterface scale {reexecute=0 rethrow=0 return_oop=0}
                      ; - com.sun.prism.d3d.D3DSwapChain::createGraphics@21 (line 149)
                      ; - com.sun.javafx.tk.quantum.PresentingPainter::run@304 (line 88)
  0x0000017ac302919c: 40ff ab06 

  0x0000017ac30291a0: ;   {runtime_call C1 Runtime throw_null_pointer_exception_blob}
  0x0000017ac30291a0: e83b d8ab 

  0x0000017ac30291a4: ; ImmutableOopMap {rax=Oop [232]=Oop }
                      ;*invokeinterface scale {reexecute=0 rethrow=0 return_oop=0}
                      ; - com.sun.prism.d3d.D3DSwapChain::createGraphics@21 (line 149)
                      ; - com.sun.javafx.tk.quantum.PresentingPainter::run@304 (line 88)
                      ;   {runtime_call C1 Runtime throw_null_pointer_exception_blob}
  0x0000017ac30291a4: 06e8 36d8 

  0x0000017ac30291a8: ; ImmutableOopMap {rdx=Oop r8=Oop [232]=Oop [296]=Oop }
                      ;*invokevirtual getScene {reexecute=0 rethrow=0 return_oop=0}
                      ; - com.sun.javafx.tk.quantum.PresentingPainter::run@315 (line 90)
  0x0000017ac30291a8: ab06 4c89 

  0x0000017ac30291ac: ;   {runtime_call C1 Runtime throw_class_cast_exception_blob}
  0x0000017ac30291ac: 0424 e82d 

  0x0000017ac30291b0: ; ImmutableOopMap {rdx=Oop [232]=Oop [296]=Oop }
                      ;*checkcast {reexecute=0 rethrow=0 return_oop=0}
                      ; - com.sun.javafx.tk.quantum.PresentingPainter::run@318 (line 90)
                      ;   {runtime_call C1 Runtime throw_incompatible_class_change_error_blob}
  0x0000017ac30291b0: fcab 06e8 

  0x0000017ac30291b4: ; ImmutableOopMap {rdx=Oop rsi=Oop [232]=Oop [304]=Oop }
                      ;*invokeinterface prepare {reexecute=0 rethrow=0 return_oop=0}
                      ; - com.sun.javafx.tk.quantum.PresentingPainter::run@355 (line 99)
  0x0000017ac30291b4: 28ff ab06 

  0x0000017ac30291b8: ;   {runtime_call C1 Runtime throw_null_pointer_exception_blob}
  0x0000017ac30291b8: e823 d8ab 

  0x0000017ac30291bc: ; ImmutableOopMap {rdx=Oop rsi=Oop [232]=Oop [304]=Oop }
                      ;*invokeinterface prepare {reexecute=0 rethrow=0 return_oop=0}
                      ; - com.sun.javafx.tk.quantum.PresentingPainter::run@355 (line 99)
                      ;   {metadata({method} {0x0000017ada99b510} 'disposePresentable' '()V' in 'com/sun/javafx/tk/quantum/ViewPainter')}
  0x0000017ac30291bc: 0649 ba08 | b599 da7a | 0100 004c | 8954 2408 | 48c7 0424 | ffff ffff 

  0x0000017ac30291d4: ;   {runtime_call C1 Runtime counter_overflow_blob}
  0x0000017ac30291d4: e887 33ac 

  0x0000017ac30291d8: ; ImmutableOopMap {rdx=Oop [232]=Oop }
                      ;*synchronization entry
                      ; - com.sun.javafx.tk.quantum.ViewPainter::disposePresentable@-1 (line 420)
                      ; - com.sun.javafx.tk.quantum.PresentingPainter::run@364 (line 100)
  0x0000017ac30291d8: 06e9 ee96 | ffff 4889 

  0x0000017ac30291e0: ;   {runtime_call C1 Runtime throw_class_cast_exception_blob}
  0x0000017ac30291e0: 3424 e8f9 

  0x0000017ac30291e4: ; ImmutableOopMap {[232]=Oop }
                      ;*checkcast {reexecute=0 rethrow=0 return_oop=0}
                      ; - com.sun.javafx.tk.quantum.ViewPainter::disposePresentable@14 (line 421)
                      ; - com.sun.javafx.tk.quantum.PresentingPainter::run@364 (line 100)
                      ;   {runtime_call C1 Runtime throw_null_pointer_exception_blob}
  0x0000017ac30291e4: fbab 06e8 

  0x0000017ac30291e8: ; ImmutableOopMap {rsi=Oop [232]=Oop }
                      ;*invokeinterface dispose {reexecute=0 rethrow=0 return_oop=0}
                      ; - com.sun.javafx.tk.quantum.ViewPainter::disposePresentable@17 (line 421)
                      ; - com.sun.javafx.tk.quantum.PresentingPainter::run@364 (line 100)
  0x0000017ac30291e8: f4d7 ab06 | 8b72 2c48 | c1e6 0348 | 83fe 000f | 8484 99ff | ff48 8934 

  0x0000017ac3029200: ;   {runtime_call g1_pre_barrier_slow}
  0x0000017ac3029200: 24e8 5a39 | ac06 e976 

  0x0000017ac3029208: ;   {runtime_call C1 Runtime throw_null_pointer_exception_blob}
  0x0000017ac3029208: 99ff ffe8 

  0x0000017ac302920c: ; ImmutableOopMap {rdx=Oop rsi=Oop [232]=Oop }
                      ;*invokevirtual getScene {reexecute=0 rethrow=0 return_oop=0}
                      ; - com.sun.javafx.tk.quantum.PresentingPainter::run@371 (line 101)
  0x0000017ac302920c: d0d7 ab06 

  0x0000017ac3029210: ;   {runtime_call C1 Runtime throw_null_pointer_exception_blob}
  0x0000017ac3029210: e8cb d7ab 

  0x0000017ac3029214: ; ImmutableOopMap {rdx=Oop rsi=Oop [232]=Oop }
                      ;*invokevirtual entireSceneNeedsRepaint {reexecute=0 rethrow=0 return_oop=0}
                      ; - com.sun.javafx.tk.quantum.PresentingPainter::run@374 (line 101)
                      ;   {metadata({method} {0x0000017ada4eb4d0} 'entireSceneNeedsRepaint' '()V' in 'com/sun/javafx/tk/quantum/GlassScene')}
  0x0000017ac3029214: 0649 bac8 | b44e da7a | 0100 004c | 8954 2408 | 48c7 0424 | ffff ffff 

  0x0000017ac302922c: ;   {runtime_call C1 Runtime counter_overflow_blob}
  0x0000017ac302922c: e82f 33ac 

  0x0000017ac3029230: ; ImmutableOopMap {rdx=Oop rsi=Oop [232]=Oop }
                      ;*synchronization entry
                      ; - com.sun.javafx.tk.quantum.GlassScene::entireSceneNeedsRepaint@-1 (line 228)
                      ; - com.sun.javafx.tk.quantum.PresentingPainter::run@374 (line 101)
  0x0000017ac3029230: 06e9 429a 

  0x0000017ac3029234: ;   {metadata({method} {0x0000017ada652050} 'isFxApplicationThread' '()Z' in 'javafx/application/Platform')}
  0x0000017ac3029234: ffff 49ba | 4820 65da | 7a01 0000 | 4c89 5424 | 0848 c704 | 24ff ffff 

  0x0000017ac302924c: ;   {runtime_call C1 Runtime counter_overflow_blob}
  0x0000017ac302924c: ffe8 0e33 

  0x0000017ac3029250: ; ImmutableOopMap {rdx=Oop rsi=Oop [232]=Oop }
                      ;*synchronization entry
                      ; - javafx.application.Platform::isFxApplicationThread@-1 (line 200)
                      ; - com.sun.javafx.tk.quantum.GlassScene::entireSceneNeedsRepaint@0 (line 228)
                      ; - com.sun.javafx.tk.quantum.PresentingPainter::run@374 (line 101)
  0x0000017ac3029250: ac06 e95a 

  0x0000017ac3029254: ;   {metadata({method} {0x0000017ada41fa78} 'isFxApplicationThread' '()Z' in 'com/sun/javafx/application/PlatformImpl')}
  0x0000017ac3029254: 9aff ff49 | ba70 fa41 | da7a 0100 | 004c 8954 | 2408 48c7 | 0424 ffff 

  0x0000017ac302926c: ;   {runtime_call C1 Runtime counter_overflow_blob}
  0x0000017ac302926c: ffff e8ed 

  0x0000017ac3029270: ; ImmutableOopMap {rdx=Oop rsi=Oop [232]=Oop }
                      ;*synchronization entry
                      ; - com.sun.javafx.application.PlatformImpl::isFxApplicationThread@-1 (line 427)
                      ; - javafx.application.Platform::isFxApplicationThread@0 (line 200)
                      ; - com.sun.javafx.tk.quantum.GlassScene::entireSceneNeedsRepaint@0 (line 228)
                      ; - com.sun.javafx.tk.quantum.PresentingPainter::run@374 (line 101)
  0x0000017ac3029270: 32ac 06e9 | 729a ffff 

  0x0000017ac3029278: ;   {runtime_call C1 Runtime throw_null_pointer_exception_blob}
  0x0000017ac3029278: e863 d7ab 

  0x0000017ac302927c: ; ImmutableOopMap {rax=Oop [232]=Oop [312]=Oop }
                      ;*invokevirtual isFxUserThread {reexecute=0 rethrow=0 return_oop=0}
                      ; - com.sun.javafx.application.PlatformImpl::isFxApplicationThread@3 (line 427)
                      ; - javafx.application.Platform::isFxApplicationThread@0 (line 200)
                      ; - com.sun.javafx.tk.quantum.GlassScene::entireSceneNeedsRepaint@0 (line 228)
                      ; - com.sun.javafx.tk.quantum.PresentingPainter::run@374 (line 101)
                      ;   {metadata({method} {0x0000017ada442d28} 'isFxUserThread' '()Z' in 'com/sun/javafx/tk/Toolkit')}
  0x0000017ac302927c: 0649 ba20 | 2d44 da7a | 0100 004c | 8954 2408 | 48c7 0424 | ffff ffff 

  0x0000017ac3029294: ;   {runtime_call C1 Runtime counter_overflow_blob}
  0x0000017ac3029294: e8c7 32ac 

  0x0000017ac3029298: ; ImmutableOopMap {[232]=Oop [312]=Oop }
                      ;*synchronization entry
                      ; - com.sun.javafx.tk.Toolkit::isFxUserThread@-1 (line 300)
                      ; - com.sun.javafx.application.PlatformImpl::isFxApplicationThread@3 (line 427)
                      ; - javafx.application.Platform::isFxApplicationThread@0 (line 200)
                      ; - com.sun.javafx.tk.quantum.GlassScene::entireSceneNeedsRepaint@0 (line 228)
                      ; - com.sun.javafx.tk.quantum.PresentingPainter::run@374 (line 101)
  0x0000017ac3029298: 06e9 2e9b 

  0x0000017ac302929c: ;   {metadata({method} {0x0000017ada4ebca8} 'sceneChanged' '()V' in 'com/sun/javafx/tk/quantum/GlassScene')}
  0x0000017ac302929c: ffff 49ba | a0bc 4eda | 7a01 0000 | 4c89 5424 | 0848 c704 | 24ff ffff 

  0x0000017ac30292b4: ;   {runtime_call C1 Runtime counter_overflow_blob}
  0x0000017ac30292b4: ffe8 a632 

  0x0000017ac30292b8: ; ImmutableOopMap {rsi=Oop [232]=Oop }
                      ;*synchronization entry
                      ; - com.sun.javafx.tk.quantum.GlassScene::sceneChanged@-1 (line 313)
                      ; - com.sun.javafx.tk.quantum.GlassScene::entireSceneNeedsRepaint@12 (line 230)
                      ; - com.sun.javafx.tk.quantum.PresentingPainter::run@374 (line 101)
  0x0000017ac30292b8: ac06 e993 

  0x0000017ac30292bc: ;   {metadata({method} {0x0000017ada4e6d08} 'getInstance' '()Lcom/sun/javafx/tk/quantum/PaintCollector;' in 'com/sun/javafx/tk/quantum/PaintCollector')}
  0x0000017ac30292bc: 9cff ff49 | ba00 6d4e | da7a 0100 | 004c 8954 | 2408 48c7 | 0424 ffff 

  0x0000017ac30292d4: ;   {runtime_call C1 Runtime counter_overflow_blob}
  0x0000017ac30292d4: ffff e885 

  0x0000017ac30292d8: ; ImmutableOopMap {rsi=Oop [232]=Oop }
                      ;*synchronization entry
                      ; - com.sun.javafx.tk.quantum.PaintCollector::getInstance@-1 (line 76)
                      ; - com.sun.javafx.tk.quantum.GlassScene::sceneChanged@7 (line 317)
                      ; - com.sun.javafx.tk.quantum.GlassScene::entireSceneNeedsRepaint@12 (line 230)
                      ; - com.sun.javafx.tk.quantum.PresentingPainter::run@374 (line 101)
  0x0000017ac30292d8: 32ac 06e9 | e09c ffff 

  0x0000017ac30292e0: ;   {runtime_call C1 Runtime throw_null_pointer_exception_blob}
  0x0000017ac30292e0: e8fb d6ab 

  0x0000017ac30292e4: ; ImmutableOopMap {rsi=Oop rdx=Oop [232]=Oop }
                      ;*invokevirtual addDirtyScene {reexecute=0 rethrow=0 return_oop=0}
                      ; - com.sun.javafx.tk.quantum.GlassScene::sceneChanged@11 (line 317)
                      ; - com.sun.javafx.tk.quantum.GlassScene::entireSceneNeedsRepaint@12 (line 230)
                      ; - com.sun.javafx.tk.quantum.PresentingPainter::run@374 (line 101)
                      ;   {metadata({method} {0x0000017ada4e6d08} 'getInstance' '()Lcom/sun/javafx/tk/quantum/PaintCollector;' in 'com/sun/javafx/tk/quantum/PaintCollector')}
  0x0000017ac30292e4: 0649 ba00 | 6d4e da7a | 0100 004c | 8954 2408 | 48c7 0424 | ffff ffff 

  0x0000017ac30292fc: ;   {runtime_call C1 Runtime counter_overflow_blob}
  0x0000017ac30292fc: e85f 32ac 

  0x0000017ac3029300: ; ImmutableOopMap {rsi=Oop [232]=Oop }
                      ;*synchronization entry
                      ; - com.sun.javafx.tk.quantum.PaintCollector::getInstance@-1 (line 76)
                      ; - com.sun.javafx.tk.quantum.GlassScene::sceneChanged@17 (line 322)
                      ; - com.sun.javafx.tk.quantum.GlassScene::entireSceneNeedsRepaint@12 (line 230)
                      ; - com.sun.javafx.tk.quantum.PresentingPainter::run@374 (line 101)
  0x0000017ac3029300: 06e9 c79d 

  0x0000017ac3029304: ;   {runtime_call C1 Runtime throw_null_pointer_exception_blob}
  0x0000017ac3029304: ffff e8d5 

  0x0000017ac3029308: ; ImmutableOopMap {rsi=Oop rdx=Oop [232]=Oop }
                      ;*invokevirtual removeDirtyScene {reexecute=0 rethrow=0 return_oop=0}
                      ; - com.sun.javafx.tk.quantum.GlassScene::sceneChanged@21 (line 322)
                      ; - com.sun.javafx.tk.quantum.GlassScene::entireSceneNeedsRepaint@12 (line 230)
                      ; - com.sun.javafx.tk.quantum.PresentingPainter::run@374 (line 101)
  0x0000017ac3029308: d6ab 0649 | b800 0000 | 0000 0000 | 00b8 000f 

  0x0000017ac3029318: ;   {runtime_call C1 Runtime load_appendix_patching_blob}
  0x0000017ac3029318: 050a e8c1 

  0x0000017ac302931c: ; ImmutableOopMap {rsi=Oop [232]=Oop }
                      ;*invokedynamic {reexecute=1 rethrow=0 return_oop=0}
                      ; - (reexecute) com.sun.javafx.tk.quantum.GlassScene::entireSceneNeedsRepaint@19 (line 232)
                      ; - com.sun.javafx.tk.quantum.PresentingPainter::run@374 (line 101)
  0x0000017ac302931c: 2aac 06e9 | 7c9e ffff 

  0x0000017ac3029324: ;   {metadata({method} {0x0000017ada657f00} 'runLater' '(Ljava/lang/Runnable;)V' in 'javafx/application/Platform')}
  0x0000017ac3029324: 49ba f87e | 65da 7a01 | 0000 4c89 | 5424 0848 | c704 24ff 

  0x0000017ac3029338: ;   {runtime_call C1 Runtime counter_overflow_blob}
  0x0000017ac3029338: ffff ffe8 

  0x0000017ac302933c: ; ImmutableOopMap {rax=Oop [232]=Oop }
                      ;*synchronization entry
                      ; - javafx.application.Platform::runLater@-1 (line 168)
                      ; - com.sun.javafx.tk.quantum.GlassScene::entireSceneNeedsRepaint@24 (line 232)
                      ; - com.sun.javafx.tk.quantum.PresentingPainter::run@374 (line 101)
  0x0000017ac302933c: 2032 ac06 | e91a 9fff 

  0x0000017ac3029344: ;   {metadata({method} {0x0000017ada41fb18} 'runLater' '(Ljava/lang/Runnable;)V' in 'com/sun/javafx/application/PlatformImpl')}
  0x0000017ac3029344: ff49 ba10 | fb41 da7a | 0100 004c | 8954 2408 | 48c7 0424 | ffff ffff 

  0x0000017ac302935c: ;   {runtime_call C1 Runtime counter_overflow_blob}
  0x0000017ac302935c: e8ff 31ac 

  0x0000017ac3029360: ; ImmutableOopMap {rax=Oop [232]=Oop }
                      ;*synchronization entry
                      ; - com.sun.javafx.application.PlatformImpl::runLater@-1 (line 431)
                      ; - javafx.application.Platform::runLater@1 (line 168)
                      ; - com.sun.javafx.tk.quantum.GlassScene::entireSceneNeedsRepaint@24 (line 232)
                      ; - com.sun.javafx.tk.quantum.PresentingPainter::run@374 (line 101)
  0x0000017ac3029360: 06e9 379f 

  0x0000017ac3029364: ;   {runtime_call C1 Runtime throw_null_pointer_exception_blob}
  0x0000017ac3029364: ffff e875 

  0x0000017ac3029368: ; ImmutableOopMap {rdx=Oop r8=Oop [232]=Oop }
                      ;*invokevirtual unlock {reexecute=0 rethrow=0 return_oop=0}
                      ; - com.sun.javafx.tk.quantum.PresentingPainter::run@388 (line 120)
                      ;   {metadata({method} {0x0000017ada9a3998} 'unlock' '()V' in 'com/sun/prism/PresentableState')}
  0x0000017ac3029368: d6ab 0649 | ba90 399a | da7a 0100 | 004c 8954 | 2408 48c7 | 0424 ffff 

  0x0000017ac3029380: ;   {runtime_call C1 Runtime counter_overflow_blob}
  0x0000017ac3029380: ffff e8d9 

  0x0000017ac3029384: ; ImmutableOopMap {rdx=Oop r8=Oop [232]=Oop }
                      ;*synchronization entry
                      ; - com.sun.prism.PresentableState::unlock@-1 (line 296)
                      ; - com.sun.javafx.tk.quantum.PresentingPainter::run@388 (line 120)
  0x0000017ac3029384: 31ac 06e9 | 3aa0 ffff 

  0x0000017ac302938c: ;   {runtime_call C1 Runtime throw_null_pointer_exception_blob}
  0x0000017ac302938c: e84f d6ab 

  0x0000017ac3029390: ; ImmutableOopMap {rdx=Oop rbx=Oop [232]=Oop }
                      ;*invokevirtual unlock {reexecute=0 rethrow=0 return_oop=0}
                      ; - com.sun.prism.PresentableState::unlock@11 (line 296)
                      ; - com.sun.javafx.tk.quantum.PresentingPainter::run@388 (line 120)
                      ;   {metadata({method} {0x0000017ada4f9778} 'unlock' '()V' in 'com/sun/glass/ui/View')}
  0x0000017ac3029390: 0649 ba70 | 974f da7a | 0100 004c | 8954 2408 | 48c7 0424 | ffff ffff 

  0x0000017ac30293a8: ;   {runtime_call C1 Runtime counter_overflow_blob}
  0x0000017ac30293a8: e8b3 31ac 

  0x0000017ac30293ac: ; ImmutableOopMap {rdx=Oop rbx=Oop [232]=Oop }
                      ;*synchronization entry
                      ; - com.sun.glass.ui.View::unlock@-1 (line 741)
                      ; - com.sun.prism.PresentableState::unlock@11 (line 296)
                      ; - com.sun.javafx.tk.quantum.PresentingPainter::run@388 (line 120)
  0x0000017ac30293ac: 06e9 03a1 

  0x0000017ac30293b0: ;   {metadata({method} {0x0000017ada4f7860} 'checkNotClosed' '()V' in 'com/sun/glass/ui/View')}
  0x0000017ac30293b0: ffff 49ba | 5878 4fda | 7a01 0000 | 4c89 5424 | 0848 c704 | 24ff ffff 

  0x0000017ac30293c8: ;   {runtime_call C1 Runtime counter_overflow_blob}
  0x0000017ac30293c8: ffe8 9231 

  0x0000017ac30293cc: ; ImmutableOopMap {rdx=Oop rbx=Oop [232]=Oop }
                      ;*synchronization entry
                      ; - com.sun.glass.ui.View::checkNotClosed@-1 (line 434)
                      ; - com.sun.glass.ui.View::unlock@1 (line 741)
                      ; - com.sun.prism.PresentableState::unlock@11 (line 296)
                      ; - com.sun.javafx.tk.quantum.PresentingPainter::run@388 (line 120)
  0x0000017ac30293cc: ac06 e920 

  0x0000017ac30293d0: ;   {runtime_call C1 Runtime throw_null_pointer_exception_blob}
  0x0000017ac30293d0: a1ff ffe8 

  0x0000017ac30293d4: ; ImmutableOopMap {rdx=Oop r8=Oop [232]=Oop }
                      ;*invokevirtual getScene {reexecute=0 rethrow=0 return_oop=0}
                      ; - com.sun.javafx.tk.quantum.PresentingPainter::run@395 (line 123)
  0x0000017ac30293d4: 08d6 ab06 | 4c89 0424 

  0x0000017ac30293dc: ;   {runtime_call C1 Runtime throw_class_cast_exception_blob}
  0x0000017ac30293dc: e8ff f9ab 

  0x0000017ac30293e0: ; ImmutableOopMap {rdx=Oop [232]=Oop }
                      ;*checkcast {reexecute=0 rethrow=0 return_oop=0}
                      ; - com.sun.javafx.tk.quantum.PresentingPainter::run@398 (line 123)
                      ;   {runtime_call C1 Runtime throw_null_pointer_exception_blob}
  0x0000017ac30293e0: 06e8 fad5 

  0x0000017ac30293e4: ; ImmutableOopMap {rdx=Oop r8=Oop [232]=Oop }
                      ;*invokevirtual setPainting {reexecute=0 rethrow=0 return_oop=0}
                      ; - com.sun.javafx.tk.quantum.PresentingPainter::run@406 (line 124)
                      ;   {metadata({method} {0x0000017ada4eba90} 'setPainting' '(Z)Z' in 'com/sun/javafx/tk/quantum/GlassScene')}
  0x0000017ac30293e4: ab06 49ba | 88ba 4eda | 7a01 0000 | 4c89 5424 | 0848 c704 | 24ff ffff 

  0x0000017ac30293fc: ;   {runtime_call C1 Runtime counter_overflow_blob}
  0x0000017ac30293fc: ffe8 5e31 

  0x0000017ac3029400: ; ImmutableOopMap {rdx=Oop r8=Oop [232]=Oop }
                      ;*synchronization entry
                      ; - com.sun.javafx.tk.quantum.GlassScene::setPainting@-1 (line 293)
                      ; - com.sun.javafx.tk.quantum.PresentingPainter::run@406 (line 124)
  0x0000017ac3029400: ac06 e922 

  0x0000017ac3029404: ;   {runtime_call C1 Runtime throw_null_pointer_exception_blob}
  0x0000017ac3029404: a3ff ffe8 

  0x0000017ac3029408: ; ImmutableOopMap {rdx=Oop rbx=Oop [232]=Oop }
                      ;*invokevirtual getAndSet {reexecute=0 rethrow=0 return_oop=0}
                      ; - com.sun.javafx.tk.quantum.GlassScene::setPainting@5 (line 293)
                      ; - com.sun.javafx.tk.quantum.PresentingPainter::run@406 (line 124)
  0x0000017ac3029408: d4d5 ab06 

  0x0000017ac302940c: ;   {metadata({method} {0x0000017ada0e7318} 'getAndSet' '(Z)Z' in 'java/util/concurrent/atomic/AtomicBoolean')}
  0x0000017ac302940c: 49ba 1073 | 0eda 7a01 | 0000 4c89 | 5424 0848 | c704 24ff 

  0x0000017ac3029420: ;   {runtime_call C1 Runtime counter_overflow_blob}
  0x0000017ac3029420: ffff ffe8 

  0x0000017ac3029424: ; ImmutableOopMap {rdx=Oop rbx=Oop [232]=Oop }
                      ;*synchronization entry
                      ; - java.util.concurrent.atomic.AtomicBoolean::getAndSet@-1 (line 171)
                      ; - com.sun.javafx.tk.quantum.GlassScene::setPainting@5 (line 293)
                      ; - com.sun.javafx.tk.quantum.PresentingPainter::run@406 (line 124)
  0x0000017ac3029424: 3831 ac06 | e9c0 a3ff 

  0x0000017ac302942c: ;   {metadata({method} {0x000000003d28f1b0} 'guard_LI_I' '(Ljava/lang/invoke/VarHandle;Ljava/lang/Object;ILjava/lang/invoke/VarHandle$AccessDescriptor;)I' in 'java/lang/invoke/VarHandleGuards')}
  0x0000017ac302942c: ff49 baa8 | f128 3d00 | 0000 004c | 8954 2408 | 48c7 0424 | ffff ffff 

  0x0000017ac3029444: ;   {runtime_call C1 Runtime counter_overflow_blob}
  0x0000017ac3029444: e817 31ac 

  0x0000017ac3029448: ; ImmutableOopMap {rdx=Oop rbx=Oop [232]=Oop }
                      ;*synchronization entry
                      ; - java.lang.invoke.VarHandleGuards::guard_LI_I@-1 (line 183)
                      ; - java.util.concurrent.atomic.AtomicBoolean::getAndSet@13 (line 171)
                      ; - com.sun.javafx.tk.quantum.GlassScene::setPainting@5 (line 293)
                      ; - com.sun.javafx.tk.quantum.PresentingPainter::run@406 (line 124)
  0x0000017ac3029448: 06e9 eba3 

  0x0000017ac302944c: ;   {metadata({method} {0x000000003d207d48} 'checkAccessModeThenIsDirect' '(Ljava/lang/invoke/VarHandle$AccessDescriptor;)Z' in 'java/lang/invoke/VarHandle')}
  0x0000017ac302944c: ffff 49ba | 407d 203d | 0000 0000 | 4c89 5424 | 0848 c704 | 24ff ffff 

  0x0000017ac3029464: ;   {runtime_call C1 Runtime counter_overflow_blob}
  0x0000017ac3029464: ffe8 f630 

  0x0000017ac3029468: ; ImmutableOopMap {rdx=Oop rbx=Oop [232]=Oop }
                      ;*synchronization entry
                      ; - java.lang.invoke.VarHandle::checkAccessModeThenIsDirect@-1 (line 2099)
                      ; - java.lang.invoke.VarHandleGuards::guard_LI_I@2 (line 183)
                      ; - java.util.concurrent.atomic.AtomicBoolean::getAndSet@13 (line 171)
                      ; - com.sun.javafx.tk.quantum.GlassScene::setPainting@5 (line 293)
                      ; - com.sun.javafx.tk.quantum.PresentingPainter::run@406 (line 124)
  0x0000017ac3029468: ac06 e98a 

  0x0000017ac302946c: ;   {metadata({method} {0x000000003d28e928} 'getMemberName' '(I)Ljava/lang/invoke/MemberName;' in 'java/lang/invoke/VarForm')}
  0x0000017ac302946c: a4ff ff49 | ba20 e928 | 3d00 0000 | 004c 8954 | 2408 48c7 | 0424 ffff 

  0x0000017ac3029484: ;   {runtime_call C1 Runtime counter_overflow_blob}
  0x0000017ac3029484: ffff e8d5 

  0x0000017ac3029488: ; ImmutableOopMap {rdx=Oop rbx=Oop [232]=Oop }
                      ;*synchronization entry
                      ; - java.lang.invoke.VarForm::getMemberName@-1 (line 136)
                      ; - java.lang.invoke.VarHandleGuards::guard_LI_I@42 (line 185)
                      ; - java.util.concurrent.atomic.AtomicBoolean::getAndSet@13 (line 171)
                      ; - com.sun.javafx.tk.quantum.GlassScene::setPainting@5 (line 293)
                      ; - com.sun.javafx.tk.quantum.PresentingPainter::run@406 (line 124)
  0x0000017ac3029488: 30ac 06e9 | 5ca5 ffff 

  0x0000017ac3029490: ;   {metadata({method} {0x0000017ada0ea050} 'getAndSet' '(Ljava/lang/invoke/VarHandle;Ljava/lang/Object;I)I' in 'java/lang/invoke/VarHandleInts$FieldInstanceReadWrite')}
  0x0000017ac3029490: 49ba 48a0 | 0eda 7a01 | 0000 4c89 | 5424 0848 | c704 24ff 

  0x0000017ac30294a4: ;   {runtime_call C1 Runtime counter_overflow_blob}
  0x0000017ac30294a4: ffff ffe8 

  0x0000017ac30294a8: ; ImmutableOopMap {rdx=Oop rbx=Oop [232]=Oop }
                      ;*synchronization entry
                      ; - java.lang.invoke.VarHandleInts$FieldInstanceReadWrite::getAndSet@-1 (line 249)
                      ; - java.lang.invoke.VarHandleGuards::guard_LI_I@45 (line 185)
                      ; - java.util.concurrent.atomic.AtomicBoolean::getAndSet@13 (line 171)
                      ; - com.sun.javafx.tk.quantum.GlassScene::setPainting@5 (line 293)
                      ; - com.sun.javafx.tk.quantum.PresentingPainter::run@406 (line 124)
  0x0000017ac30294a8: b430 ac06 | e987 a5ff 

  0x0000017ac30294b0: ;   {metadata({method} {0x000000003d197b50} 'cast' '(Ljava/lang/Object;)Ljava/lang/Object;' in 'java/lang/Class')}
  0x0000017ac30294b0: ff49 ba48 | 7b19 3d00 | 0000 004c | 8954 2408 | 48c7 0424 | ffff ffff 

  0x0000017ac30294c8: ;   {runtime_call C1 Runtime counter_overflow_blob}
  0x0000017ac30294c8: e893 30ac 

  0x0000017ac30294cc: ; ImmutableOopMap {rdx=Oop rbx=Oop [232]=Oop }
                      ;*synchronization entry
                      ; - java.lang.Class::cast@-1 (line 3491)
                      ; - java.lang.invoke.VarHandleInts$FieldInstanceReadWrite::getAndSet@13 (line 250)
                      ; - java.lang.invoke.VarHandleGuards::guard_LI_I@45 (line 185)
                      ; - java.util.concurrent.atomic.AtomicBoolean::getAndSet@13 (line 171)
                      ; - com.sun.javafx.tk.quantum.GlassScene::setPainting@5 (line 293)
                      ; - com.sun.javafx.tk.quantum.PresentingPainter::run@406 (line 124)
  0x0000017ac30294cc: 06e9 26a6 

  0x0000017ac30294d0: ;   {metadata({method} {0x000000003d45aa48} 'requireNonNull' '(Ljava/lang/Object;)Ljava/lang/Object;' in 'java/util/Objects')}
  0x0000017ac30294d0: ffff 49ba | 40aa 453d | 0000 0000 | 4c89 5424 | 0848 c704 | 24ff ffff 

  0x0000017ac30294e8: ;   {runtime_call C1 Runtime counter_overflow_blob}
  0x0000017ac30294e8: ffe8 7230 

  0x0000017ac30294ec: ; ImmutableOopMap {rdx=Oop rbx=Oop [232]=Oop }
                      ;*synchronization entry
                      ; - java.util.Objects::requireNonNull@-1 (line 219)
                      ; - java.lang.invoke.VarHandleInts$FieldInstanceReadWrite::getAndSet@16 (line 250)
                      ; - java.lang.invoke.VarHandleGuards::guard_LI_I@45 (line 185)
                      ; - java.util.concurrent.atomic.AtomicBoolean::getAndSet@13 (line 171)
                      ; - com.sun.javafx.tk.quantum.GlassScene::setPainting@5 (line 293)
                      ; - com.sun.javafx.tk.quantum.PresentingPainter::run@406 (line 124)
  0x0000017ac30294ec: ac06 e966 

  0x0000017ac30294f0: ;   {runtime_call C1 Runtime throw_incompatible_class_change_error_blob}
  0x0000017ac30294f0: a7ff ffe8 

  0x0000017ac30294f4: ; ImmutableOopMap {r8=Oop }
                      ;*invokeinterface getTextureResourcePool {reexecute=0 rethrow=0 return_oop=0}
                      ; - com.sun.javafx.tk.quantum.PresentingPainter::run@421 (line 127)
  0x0000017ac30294f4: e8fb ab06 

  0x0000017ac30294f8: ;   {runtime_call C1 Runtime throw_null_pointer_exception_blob}
  0x0000017ac30294f8: e8e3 d4ab 

  0x0000017ac30294fc: ; ImmutableOopMap {r8=Oop }
                      ;*invokeinterface getTextureResourcePool {reexecute=0 rethrow=0 return_oop=0}
                      ; - com.sun.javafx.tk.quantum.PresentingPainter::run@421 (line 127)
                      ;   {metadata({method} {0x0000017ada4daca8} 'getTextureResourcePool' '()Lcom/sun/prism/impl/TextureResourcePool;' in 'com/sun/prism/d3d/D3DResourceFactory')}
  0x0000017ac30294fc: 0649 baa0 | ac4d da7a | 0100 004c | 8954 2408 | 48c7 0424 | ffff ffff 

  0x0000017ac3029514: ;   {runtime_call C1 Runtime counter_overflow_blob}
  0x0000017ac3029514: e847 30ac 

  0x0000017ac3029518: ; ImmutableOopMap {}
                      ;*synchronization entry
                      ; - com.sun.prism.d3d.D3DResourceFactory::getTextureResourcePool@-1 (line 95)
                      ; - com.sun.javafx.tk.quantum.PresentingPainter::run@421 (line 127)
  0x0000017ac3029518: 06e9 7aa8 

  0x0000017ac302951c: ;   {metadata({method} {0x000000003d1d9bd0} 'unlock' '()V' in 'java/util/concurrent/locks/ReentrantLock')}
  0x0000017ac302951c: ffff 49ba | c89b 1d3d | 0000 0000 | 4c89 5424 | 0848 c704 | 24ff ffff 

  0x0000017ac3029534: ;   {runtime_call C1 Runtime counter_overflow_blob}
  0x0000017ac3029534: ffe8 2630 

  0x0000017ac3029538: ; ImmutableOopMap {r8=Oop }
                      ;*synchronization entry
                      ; - java.util.concurrent.locks.ReentrantLock::unlock@-1 (line 495)
                      ; - com.sun.javafx.tk.quantum.PresentingPainter::run@435 (line 130)
  0x0000017ac3029538: ac06 e9cd 

  0x0000017ac302953c: ;   {runtime_call C1 Runtime throw_null_pointer_exception_blob}
  0x0000017ac302953c: a9ff ffe8 

  0x0000017ac3029540: ; ImmutableOopMap {rsi=Oop }
                      ;*invokevirtual release {reexecute=0 rethrow=0 return_oop=0}
                      ; - java.util.concurrent.locks.ReentrantLock::unlock@5 (line 495)
                      ; - com.sun.javafx.tk.quantum.PresentingPainter::run@435 (line 130)
  0x0000017ac3029540: 9cd4 ab06 

  0x0000017ac3029544: ;   {metadata({method} {0x000000003d2d1e60} 'release' '(I)Z' in 'java/util/concurrent/locks/AbstractQueuedSynchronizer')}
  0x0000017ac3029544: 49ba 581e | 2d3d 0000 | 0000 4c89 | 5424 0848 | c704 24ff 

  0x0000017ac3029558: ;   {runtime_call C1 Runtime counter_overflow_blob}
  0x0000017ac3029558: ffff ffe8 

  0x0000017ac302955c: ; ImmutableOopMap {rsi=Oop }
                      ;*synchronization entry
                      ; - java.util.concurrent.locks.AbstractQueuedSynchronizer::release@-1 (line 1099)
                      ; - java.util.concurrent.locks.ReentrantLock::unlock@5 (line 495)
                      ; - com.sun.javafx.tk.quantum.PresentingPainter::run@435 (line 130)
  0x0000017ac302955c: 0030 ac06 | e96b aaff 

  0x0000017ac3029564: ;   {internal_word}
  0x0000017ac3029564: ff49 bae9 | 4002 c37a | 0100 004d | 8997 e004 

  0x0000017ac3029574: ;   {runtime_call SafepointBlob}
  0x0000017ac3029574: 0000 e9e5 

  0x0000017ac3029578: ;   {internal_word}
  0x0000017ac3029578: 799f 0649 | ba01 4102 | c37a 0100 | 004d 8997 | e004 0000 

  0x0000017ac302958c: ;   {runtime_call SafepointBlob}
  0x0000017ac302958c: e9cf 799f 

  0x0000017ac3029590: ;   {runtime_call C1 Runtime throw_null_pointer_exception_blob}
  0x0000017ac3029590: 06e8 4ad4 

  0x0000017ac3029594: ; ImmutableOopMap {rsi=Oop rdx=Oop [232]=Oop }
                      ;*invokevirtual getDoPresent {reexecute=0 rethrow=0 return_oop=0}
                      ; - com.sun.javafx.tk.quantum.PresentingPainter::run@441 (line 106)
  0x0000017ac3029594: ab06 4889 | 7424 0848 

  0x0000017ac302959c: ;   {runtime_call C1 Runtime monitorenter_blob}
  0x0000017ac302959c: 893c 24e8 

  0x0000017ac30295a0: ; ImmutableOopMap {rsi=Oop rdx=Oop [232]=Oop [608]=Oop }
                      ;*synchronization entry
                      ; - com.sun.javafx.tk.quantum.GlassScene::getDoPresent@-1 (line 337)
                      ; - com.sun.javafx.tk.quantum.PresentingPainter::run@441 (line 106)
  0x0000017ac30295a0: 3c08 ac06 | e965 acff | ff48 8d84 | 2458 0200 | 0048 8904 

  0x0000017ac30295b4: ;   {runtime_call C1 Runtime monitorexit_blob}
  0x0000017ac30295b4: 24e8 a611 | ac06 e9ae 

  0x0000017ac30295bc: ;   {runtime_call C1 Runtime throw_incompatible_class_change_error_blob}
  0x0000017ac30295bc: acff ffe8 

  0x0000017ac30295c0: ; ImmutableOopMap {rdx=Oop rsi=Oop [232]=Oop }
                      ;*invokeinterface present {reexecute=0 rethrow=0 return_oop=0}
                      ; - com.sun.javafx.tk.quantum.PresentingPainter::run@451 (line 107)
  0x0000017ac30295c0: 1cfb ab06 

  0x0000017ac30295c4: ;   {runtime_call C1 Runtime throw_null_pointer_exception_blob}
  0x0000017ac30295c4: e817 d4ab 

  0x0000017ac30295c8: ; ImmutableOopMap {rdx=Oop rsi=Oop [232]=Oop }
                      ;*invokeinterface present {reexecute=0 rethrow=0 return_oop=0}
                      ; - com.sun.javafx.tk.quantum.PresentingPainter::run@451 (line 107)
                      ;   {metadata({method} {0x0000017ada99b510} 'disposePresentable' '()V' in 'com/sun/javafx/tk/quantum/ViewPainter')}
  0x0000017ac30295c8: 0649 ba08 | b599 da7a | 0100 004c | 8954 2408 | 48c7 0424 | ffff ffff 

  0x0000017ac30295e0: ;   {runtime_call C1 Runtime counter_overflow_blob}
  0x0000017ac30295e0: e87b 2fac 

  0x0000017ac30295e4: ; ImmutableOopMap {rdx=Oop [232]=Oop }
                      ;*synchronization entry
                      ; - com.sun.javafx.tk.quantum.ViewPainter::disposePresentable@-1 (line 420)
                      ; - com.sun.javafx.tk.quantum.PresentingPainter::run@460 (line 108)
  0x0000017ac30295e4: 06e9 0aae | ffff 4889 

  0x0000017ac30295ec: ;   {runtime_call C1 Runtime throw_class_cast_exception_blob}
  0x0000017ac30295ec: 3424 e8ed 

  0x0000017ac30295f0: ; ImmutableOopMap {[232]=Oop }
                      ;*checkcast {reexecute=0 rethrow=0 return_oop=0}
                      ; - com.sun.javafx.tk.quantum.ViewPainter::disposePresentable@14 (line 421)
                      ; - com.sun.javafx.tk.quantum.PresentingPainter::run@460 (line 108)
                      ;   {runtime_call C1 Runtime throw_null_pointer_exception_blob}
  0x0000017ac30295f0: f7ab 06e8 

  0x0000017ac30295f4: ; ImmutableOopMap {rsi=Oop [232]=Oop }
                      ;*invokeinterface dispose {reexecute=0 rethrow=0 return_oop=0}
                      ; - com.sun.javafx.tk.quantum.ViewPainter::disposePresentable@17 (line 421)
                      ; - com.sun.javafx.tk.quantum.PresentingPainter::run@460 (line 108)
  0x0000017ac30295f4: e8d3 ab06 | 8b72 2c48 | c1e6 0348 | 83fe 000f | 84a0 b0ff | ff48 8934 

  0x0000017ac302960c: ;   {runtime_call g1_pre_barrier_slow}
  0x0000017ac302960c: 24e8 4e35 | ac06 e992 

  0x0000017ac3029614: ;   {runtime_call C1 Runtime throw_null_pointer_exception_blob}
  0x0000017ac3029614: b0ff ffe8 

  0x0000017ac3029618: ; ImmutableOopMap {rdx=Oop rsi=Oop [232]=Oop }
                      ;*invokevirtual getScene {reexecute=0 rethrow=0 return_oop=0}
                      ; - com.sun.javafx.tk.quantum.PresentingPainter::run@467 (line 109)
  0x0000017ac3029618: c4d3 ab06 

  0x0000017ac302961c: ;   {runtime_call C1 Runtime throw_null_pointer_exception_blob}
  0x0000017ac302961c: e8bf d3ab 

  0x0000017ac3029620: ; ImmutableOopMap {rdx=Oop rsi=Oop [232]=Oop }
                      ;*invokevirtual entireSceneNeedsRepaint {reexecute=0 rethrow=0 return_oop=0}
                      ; - com.sun.javafx.tk.quantum.PresentingPainter::run@470 (line 109)
                      ;   {metadata({method} {0x0000017ada4eb4d0} 'entireSceneNeedsRepaint' '()V' in 'com/sun/javafx/tk/quantum/GlassScene')}
  0x0000017ac3029620: 0649 bac8 | b44e da7a | 0100 004c | 8954 2408 | 48c7 0424 | ffff ffff 

  0x0000017ac3029638: ;   {runtime_call C1 Runtime counter_overflow_blob}
  0x0000017ac3029638: e823 2fac 

  0x0000017ac302963c: ; ImmutableOopMap {rdx=Oop rsi=Oop [232]=Oop }
                      ;*synchronization entry
                      ; - com.sun.javafx.tk.quantum.GlassScene::entireSceneNeedsRepaint@-1 (line 228)
                      ; - com.sun.javafx.tk.quantum.PresentingPainter::run@470 (line 109)
  0x0000017ac302963c: 06e9 5eb1 

  0x0000017ac3029640: ;   {metadata({method} {0x0000017ada652050} 'isFxApplicationThread' '()Z' in 'javafx/application/Platform')}
  0x0000017ac3029640: ffff 49ba | 4820 65da | 7a01 0000 | 4c89 5424 | 0848 c704 | 24ff ffff 

  0x0000017ac3029658: ;   {runtime_call C1 Runtime counter_overflow_blob}
  0x0000017ac3029658: ffe8 022f 

  0x0000017ac302965c: ; ImmutableOopMap {rdx=Oop rsi=Oop [232]=Oop }
                      ;*synchronization entry
                      ; - javafx.application.Platform::isFxApplicationThread@-1 (line 200)
                      ; - com.sun.javafx.tk.quantum.GlassScene::entireSceneNeedsRepaint@0 (line 228)
                      ; - com.sun.javafx.tk.quantum.PresentingPainter::run@470 (line 109)
  0x0000017ac302965c: ac06 e976 

  0x0000017ac3029660: ;   {metadata({method} {0x0000017ada41fa78} 'isFxApplicationThread' '()Z' in 'com/sun/javafx/application/PlatformImpl')}
  0x0000017ac3029660: b1ff ff49 | ba70 fa41 | da7a 0100 | 004c 8954 | 2408 48c7 | 0424 ffff 

  0x0000017ac3029678: ;   {runtime_call C1 Runtime counter_overflow_blob}
  0x0000017ac3029678: ffff e8e1 

  0x0000017ac302967c: ; ImmutableOopMap {rdx=Oop rsi=Oop [232]=Oop }
                      ;*synchronization entry
                      ; - com.sun.javafx.application.PlatformImpl::isFxApplicationThread@-1 (line 427)
                      ; - javafx.application.Platform::isFxApplicationThread@0 (line 200)
                      ; - com.sun.javafx.tk.quantum.GlassScene::entireSceneNeedsRepaint@0 (line 228)
                      ; - com.sun.javafx.tk.quantum.PresentingPainter::run@470 (line 109)
  0x0000017ac302967c: 2eac 06e9 | 8eb1 ffff 

  0x0000017ac3029684: ;   {runtime_call C1 Runtime throw_null_pointer_exception_blob}
  0x0000017ac3029684: e857 d3ab 

  0x0000017ac3029688: ; ImmutableOopMap {rax=Oop [232]=Oop [328]=Oop }
                      ;*invokevirtual isFxUserThread {reexecute=0 rethrow=0 return_oop=0}
                      ; - com.sun.javafx.application.PlatformImpl::isFxApplicationThread@3 (line 427)
                      ; - javafx.application.Platform::isFxApplicationThread@0 (line 200)
                      ; - com.sun.javafx.tk.quantum.GlassScene::entireSceneNeedsRepaint@0 (line 228)
                      ; - com.sun.javafx.tk.quantum.PresentingPainter::run@470 (line 109)
                      ;   {metadata({method} {0x0000017ada442d28} 'isFxUserThread' '()Z' in 'com/sun/javafx/tk/Toolkit')}
  0x0000017ac3029688: 0649 ba20 | 2d44 da7a | 0100 004c | 8954 2408 | 48c7 0424 | ffff ffff 

  0x0000017ac30296a0: ;   {runtime_call C1 Runtime counter_overflow_blob}
  0x0000017ac30296a0: e8bb 2eac 

  0x0000017ac30296a4: ; ImmutableOopMap {[232]=Oop [328]=Oop }
                      ;*synchronization entry
                      ; - com.sun.javafx.tk.Toolkit::isFxUserThread@-1 (line 300)
                      ; - com.sun.javafx.application.PlatformImpl::isFxApplicationThread@3 (line 427)
                      ; - javafx.application.Platform::isFxApplicationThread@0 (line 200)
                      ; - com.sun.javafx.tk.quantum.GlassScene::entireSceneNeedsRepaint@0 (line 228)
                      ; - com.sun.javafx.tk.quantum.PresentingPainter::run@470 (line 109)
  0x0000017ac30296a4: 06e9 4ab2 

  0x0000017ac30296a8: ;   {metadata({method} {0x0000017ada4ebca8} 'sceneChanged' '()V' in 'com/sun/javafx/tk/quantum/GlassScene')}
  0x0000017ac30296a8: ffff 49ba | a0bc 4eda | 7a01 0000 | 4c89 5424 | 0848 c704 | 24ff ffff 

  0x0000017ac30296c0: ;   {runtime_call C1 Runtime counter_overflow_blob}
  0x0000017ac30296c0: ffe8 9a2e 

  0x0000017ac30296c4: ; ImmutableOopMap {rsi=Oop [232]=Oop }
                      ;*synchronization entry
                      ; - com.sun.javafx.tk.quantum.GlassScene::sceneChanged@-1 (line 313)
                      ; - com.sun.javafx.tk.quantum.GlassScene::entireSceneNeedsRepaint@12 (line 230)
                      ; - com.sun.javafx.tk.quantum.PresentingPainter::run@470 (line 109)
  0x0000017ac30296c4: ac06 e9af 

  0x0000017ac30296c8: ;   {metadata({method} {0x0000017ada4e6d08} 'getInstance' '()Lcom/sun/javafx/tk/quantum/PaintCollector;' in 'com/sun/javafx/tk/quantum/PaintCollector')}
  0x0000017ac30296c8: b3ff ff49 | ba00 6d4e | da7a 0100 | 004c 8954 | 2408 48c7 | 0424 ffff 

  0x0000017ac30296e0: ;   {runtime_call C1 Runtime counter_overflow_blob}
  0x0000017ac30296e0: ffff e879 

  0x0000017ac30296e4: ; ImmutableOopMap {rsi=Oop [232]=Oop }
                      ;*synchronization entry
                      ; - com.sun.javafx.tk.quantum.PaintCollector::getInstance@-1 (line 76)
                      ; - com.sun.javafx.tk.quantum.GlassScene::sceneChanged@7 (line 317)
                      ; - com.sun.javafx.tk.quantum.GlassScene::entireSceneNeedsRepaint@12 (line 230)
                      ; - com.sun.javafx.tk.quantum.PresentingPainter::run@470 (line 109)
  0x0000017ac30296e4: 2eac 06e9 | fcb3 ffff 

  0x0000017ac30296ec: ;   {runtime_call C1 Runtime throw_null_pointer_exception_blob}
  0x0000017ac30296ec: e8ef d2ab 

  0x0000017ac30296f0: ; ImmutableOopMap {rsi=Oop rdx=Oop [232]=Oop }
                      ;*invokevirtual addDirtyScene {reexecute=0 rethrow=0 return_oop=0}
                      ; - com.sun.javafx.tk.quantum.GlassScene::sceneChanged@11 (line 317)
                      ; - com.sun.javafx.tk.quantum.GlassScene::entireSceneNeedsRepaint@12 (line 230)
                      ; - com.sun.javafx.tk.quantum.PresentingPainter::run@470 (line 109)
                      ;   {metadata({method} {0x0000017ada4e6d08} 'getInstance' '()Lcom/sun/javafx/tk/quantum/PaintCollector;' in 'com/sun/javafx/tk/quantum/PaintCollector')}
  0x0000017ac30296f0: 0649 ba00 | 6d4e da7a | 0100 004c | 8954 2408 | 48c7 0424 | ffff ffff 

  0x0000017ac3029708: ;   {runtime_call C1 Runtime counter_overflow_blob}
  0x0000017ac3029708: e853 2eac 

  0x0000017ac302970c: ; ImmutableOopMap {rsi=Oop [232]=Oop }
                      ;*synchronization entry
                      ; - com.sun.javafx.tk.quantum.PaintCollector::getInstance@-1 (line 76)
                      ; - com.sun.javafx.tk.quantum.GlassScene::sceneChanged@17 (line 322)
                      ; - com.sun.javafx.tk.quantum.GlassScene::entireSceneNeedsRepaint@12 (line 230)
                      ; - com.sun.javafx.tk.quantum.PresentingPainter::run@470 (line 109)
  0x0000017ac302970c: 06e9 e3b4 

  0x0000017ac3029710: ;   {runtime_call C1 Runtime throw_null_pointer_exception_blob}
  0x0000017ac3029710: ffff e8c9 

  0x0000017ac3029714: ; ImmutableOopMap {rsi=Oop rdx=Oop [232]=Oop }
                      ;*invokevirtual removeDirtyScene {reexecute=0 rethrow=0 return_oop=0}
                      ; - com.sun.javafx.tk.quantum.GlassScene::sceneChanged@21 (line 322)
                      ; - com.sun.javafx.tk.quantum.GlassScene::entireSceneNeedsRepaint@12 (line 230)
                      ; - com.sun.javafx.tk.quantum.PresentingPainter::run@470 (line 109)
  0x0000017ac3029714: d2ab 0649 | b800 0000 | 0000 0000 | 00b8 000f 

  0x0000017ac3029724: ;   {runtime_call C1 Runtime load_appendix_patching_blob}
  0x0000017ac3029724: 050a e8b5 

  0x0000017ac3029728: ; ImmutableOopMap {rsi=Oop [232]=Oop }
                      ;*invokedynamic {reexecute=1 rethrow=0 return_oop=0}
                      ; - (reexecute) com.sun.javafx.tk.quantum.GlassScene::entireSceneNeedsRepaint@19 (line 232)
                      ; - com.sun.javafx.tk.quantum.PresentingPainter::run@470 (line 109)
  0x0000017ac3029728: 26ac 06e9 | 98b5 ffff 

  0x0000017ac3029730: ;   {metadata({method} {0x0000017ada657f00} 'runLater' '(Ljava/lang/Runnable;)V' in 'javafx/application/Platform')}
  0x0000017ac3029730: 49ba f87e | 65da 7a01 | 0000 4c89 | 5424 0848 | c704 24ff 

  0x0000017ac3029744: ;   {runtime_call C1 Runtime counter_overflow_blob}
  0x0000017ac3029744: ffff ffe8 

  0x0000017ac3029748: ; ImmutableOopMap {rax=Oop [232]=Oop }
                      ;*synchronization entry
                      ; - javafx.application.Platform::runLater@-1 (line 168)
                      ; - com.sun.javafx.tk.quantum.GlassScene::entireSceneNeedsRepaint@24 (line 232)
                      ; - com.sun.javafx.tk.quantum.PresentingPainter::run@470 (line 109)
  0x0000017ac3029748: 142e ac06 | e936 b6ff 

  0x0000017ac3029750: ;   {metadata({method} {0x0000017ada41fb18} 'runLater' '(Ljava/lang/Runnable;)V' in 'com/sun/javafx/application/PlatformImpl')}
  0x0000017ac3029750: ff49 ba10 | fb41 da7a | 0100 004c | 8954 2408 | 48c7 0424 | ffff ffff 

  0x0000017ac3029768: ;   {runtime_call C1 Runtime counter_overflow_blob}
  0x0000017ac3029768: e8f3 2dac 

  0x0000017ac302976c: ; ImmutableOopMap {rax=Oop [232]=Oop }
                      ;*synchronization entry
                      ; - com.sun.javafx.application.PlatformImpl::runLater@-1 (line 431)
                      ; - javafx.application.Platform::runLater@1 (line 168)
                      ; - com.sun.javafx.tk.quantum.GlassScene::entireSceneNeedsRepaint@24 (line 232)
                      ; - com.sun.javafx.tk.quantum.PresentingPainter::run@470 (line 109)
  0x0000017ac302976c: 06e9 53b6 

  0x0000017ac3029770: ;   {runtime_call C1 Runtime throw_null_pointer_exception_blob}
  0x0000017ac3029770: ffff e869 

  0x0000017ac3029774: ; ImmutableOopMap {rdx=Oop r8=Oop [232]=Oop }
                      ;*invokevirtual unlock {reexecute=0 rethrow=0 return_oop=0}
                      ; - com.sun.javafx.tk.quantum.PresentingPainter::run@484 (line 120)
                      ;   {metadata({method} {0x0000017ada9a3998} 'unlock' '()V' in 'com/sun/prism/PresentableState')}
  0x0000017ac3029774: d2ab 0649 | ba90 399a | da7a 0100 | 004c 8954 | 2408 48c7 | 0424 ffff 

  0x0000017ac302978c: ;   {runtime_call C1 Runtime counter_overflow_blob}
  0x0000017ac302978c: ffff e8cd 

  0x0000017ac3029790: ; ImmutableOopMap {rdx=Oop r8=Oop [232]=Oop }
                      ;*synchronization entry
                      ; - com.sun.prism.PresentableState::unlock@-1 (line 296)
                      ; - com.sun.javafx.tk.quantum.PresentingPainter::run@484 (line 120)
  0x0000017ac3029790: 2dac 06e9 | 56b7 ffff 

  0x0000017ac3029798: ;   {runtime_call C1 Runtime throw_null_pointer_exception_blob}
  0x0000017ac3029798: e843 d2ab 

  0x0000017ac302979c: ; ImmutableOopMap {rdx=Oop rbx=Oop [232]=Oop }
                      ;*invokevirtual unlock {reexecute=0 rethrow=0 return_oop=0}
                      ; - com.sun.prism.PresentableState::unlock@11 (line 296)
                      ; - com.sun.javafx.tk.quantum.PresentingPainter::run@484 (line 120)
                      ;   {metadata({method} {0x0000017ada4f9778} 'unlock' '()V' in 'com/sun/glass/ui/View')}
  0x0000017ac302979c: 0649 ba70 | 974f da7a | 0100 004c | 8954 2408 | 48c7 0424 | ffff ffff 

  0x0000017ac30297b4: ;   {runtime_call C1 Runtime counter_overflow_blob}
  0x0000017ac30297b4: e8a7 2dac 

  0x0000017ac30297b8: ; ImmutableOopMap {rdx=Oop rbx=Oop [232]=Oop }
                      ;*synchronization entry
                      ; - com.sun.glass.ui.View::unlock@-1 (line 741)
                      ; - com.sun.prism.PresentableState::unlock@11 (line 296)
                      ; - com.sun.javafx.tk.quantum.PresentingPainter::run@484 (line 120)
  0x0000017ac30297b8: 06e9 1fb8 

  0x0000017ac30297bc: ;   {metadata({method} {0x0000017ada4f7860} 'checkNotClosed' '()V' in 'com/sun/glass/ui/View')}
  0x0000017ac30297bc: ffff 49ba | 5878 4fda | 7a01 0000 | 4c89 5424 | 0848 c704 | 24ff ffff 

  0x0000017ac30297d4: ;   {runtime_call C1 Runtime counter_overflow_blob}
  0x0000017ac30297d4: ffe8 862d 

  0x0000017ac30297d8: ; ImmutableOopMap {rdx=Oop rbx=Oop [232]=Oop }
                      ;*synchronization entry
                      ; - com.sun.glass.ui.View::checkNotClosed@-1 (line 434)
                      ; - com.sun.glass.ui.View::unlock@1 (line 741)
                      ; - com.sun.prism.PresentableState::unlock@11 (line 296)
                      ; - com.sun.javafx.tk.quantum.PresentingPainter::run@484 (line 120)
  0x0000017ac30297d8: ac06 e93c 

  0x0000017ac30297dc: ;   {runtime_call C1 Runtime throw_null_pointer_exception_blob}
  0x0000017ac30297dc: b8ff ffe8 

  0x0000017ac30297e0: ; ImmutableOopMap {rdx=Oop r8=Oop [232]=Oop }
                      ;*invokevirtual getScene {reexecute=0 rethrow=0 return_oop=0}
                      ; - com.sun.javafx.tk.quantum.PresentingPainter::run@491 (line 123)
  0x0000017ac30297e0: fcd1 ab06 | 4c89 0424 

  0x0000017ac30297e8: ;   {runtime_call C1 Runtime throw_class_cast_exception_blob}
  0x0000017ac30297e8: e8f3 f5ab 

  0x0000017ac30297ec: ; ImmutableOopMap {rdx=Oop [232]=Oop }
                      ;*checkcast {reexecute=0 rethrow=0 return_oop=0}
                      ; - com.sun.javafx.tk.quantum.PresentingPainter::run@494 (line 123)
                      ;   {runtime_call C1 Runtime throw_null_pointer_exception_blob}
  0x0000017ac30297ec: 06e8 eed1 

  0x0000017ac30297f0: ; ImmutableOopMap {rdx=Oop r8=Oop [232]=Oop }
                      ;*invokevirtual setPainting {reexecute=0 rethrow=0 return_oop=0}
                      ; - com.sun.javafx.tk.quantum.PresentingPainter::run@502 (line 124)
                      ;   {metadata({method} {0x0000017ada4eba90} 'setPainting' '(Z)Z' in 'com/sun/javafx/tk/quantum/GlassScene')}
  0x0000017ac30297f0: ab06 49ba | 88ba 4eda | 7a01 0000 | 4c89 5424 | 0848 c704 | 24ff ffff 

  0x0000017ac3029808: ;   {runtime_call C1 Runtime counter_overflow_blob}
  0x0000017ac3029808: ffe8 522d 

  0x0000017ac302980c: ; ImmutableOopMap {rdx=Oop r8=Oop [232]=Oop }
                      ;*synchronization entry
                      ; - com.sun.javafx.tk.quantum.GlassScene::setPainting@-1 (line 293)
                      ; - com.sun.javafx.tk.quantum.PresentingPainter::run@502 (line 124)
  0x0000017ac302980c: ac06 e93e 

  0x0000017ac3029810: ;   {runtime_call C1 Runtime throw_null_pointer_exception_blob}
  0x0000017ac3029810: baff ffe8 

  0x0000017ac3029814: ; ImmutableOopMap {rdx=Oop rbx=Oop [232]=Oop }
                      ;*invokevirtual getAndSet {reexecute=0 rethrow=0 return_oop=0}
                      ; - com.sun.javafx.tk.quantum.GlassScene::setPainting@5 (line 293)
                      ; - com.sun.javafx.tk.quantum.PresentingPainter::run@502 (line 124)
  0x0000017ac3029814: c8d1 ab06 

  0x0000017ac3029818: ;   {metadata({method} {0x0000017ada0e7318} 'getAndSet' '(Z)Z' in 'java/util/concurrent/atomic/AtomicBoolean')}
  0x0000017ac3029818: 49ba 1073 | 0eda 7a01 | 0000 4c89 | 5424 0848 | c704 24ff 

  0x0000017ac302982c: ;   {runtime_call C1 Runtime counter_overflow_blob}
  0x0000017ac302982c: ffff ffe8 

  0x0000017ac3029830: ; ImmutableOopMap {rdx=Oop rbx=Oop [232]=Oop }
                      ;*synchronization entry
                      ; - java.util.concurrent.atomic.AtomicBoolean::getAndSet@-1 (line 171)
                      ; - com.sun.javafx.tk.quantum.GlassScene::setPainting@5 (line 293)
                      ; - com.sun.javafx.tk.quantum.PresentingPainter::run@502 (line 124)
  0x0000017ac3029830: 2c2d ac06 | e9dc baff 

  0x0000017ac3029838: ;   {metadata({method} {0x000000003d28f1b0} 'guard_LI_I' '(Ljava/lang/invoke/VarHandle;Ljava/lang/Object;ILjava/lang/invoke/VarHandle$AccessDescriptor;)I' in 'java/lang/invoke/VarHandleGuards')}
  0x0000017ac3029838: ff49 baa8 | f128 3d00 | 0000 004c | 8954 2408 | 48c7 0424 | ffff ffff 

  0x0000017ac3029850: ;   {runtime_call C1 Runtime counter_overflow_blob}
  0x0000017ac3029850: e80b 2dac 

  0x0000017ac3029854: ; ImmutableOopMap {rdx=Oop rbx=Oop [232]=Oop }
                      ;*synchronization entry
                      ; - java.lang.invoke.VarHandleGuards::guard_LI_I@-1 (line 183)
                      ; - java.util.concurrent.atomic.AtomicBoolean::getAndSet@13 (line 171)
                      ; - com.sun.javafx.tk.quantum.GlassScene::setPainting@5 (line 293)
                      ; - com.sun.javafx.tk.quantum.PresentingPainter::run@502 (line 124)
  0x0000017ac3029854: 06e9 07bb 

  0x0000017ac3029858: ;   {metadata({method} {0x000000003d207d48} 'checkAccessModeThenIsDirect' '(Ljava/lang/invoke/VarHandle$AccessDescriptor;)Z' in 'java/lang/invoke/VarHandle')}
  0x0000017ac3029858: ffff 49ba | 407d 203d | 0000 0000 | 4c89 5424 | 0848 c704 | 24ff ffff 

  0x0000017ac3029870: ;   {runtime_call C1 Runtime counter_overflow_blob}
  0x0000017ac3029870: ffe8 ea2c 

  0x0000017ac3029874: ; ImmutableOopMap {rdx=Oop rbx=Oop [232]=Oop }
                      ;*synchronization entry
                      ; - java.lang.invoke.VarHandle::checkAccessModeThenIsDirect@-1 (line 2099)
                      ; - java.lang.invoke.VarHandleGuards::guard_LI_I@2 (line 183)
                      ; - java.util.concurrent.atomic.AtomicBoolean::getAndSet@13 (line 171)
                      ; - com.sun.javafx.tk.quantum.GlassScene::setPainting@5 (line 293)
                      ; - com.sun.javafx.tk.quantum.PresentingPainter::run@502 (line 124)
  0x0000017ac3029874: ac06 e9a6 

  0x0000017ac3029878: ;   {metadata({method} {0x000000003d28e928} 'getMemberName' '(I)Ljava/lang/invoke/MemberName;' in 'java/lang/invoke/VarForm')}
  0x0000017ac3029878: bbff ff49 | ba20 e928 | 3d00 0000 | 004c 8954 | 2408 48c7 | 0424 ffff 

  0x0000017ac3029890: ;   {runtime_call C1 Runtime counter_overflow_blob}
  0x0000017ac3029890: ffff e8c9 

  0x0000017ac3029894: ; ImmutableOopMap {rdx=Oop rbx=Oop [232]=Oop }
                      ;*synchronization entry
                      ; - java.lang.invoke.VarForm::getMemberName@-1 (line 136)
                      ; - java.lang.invoke.VarHandleGuards::guard_LI_I@42 (line 185)
                      ; - java.util.concurrent.atomic.AtomicBoolean::getAndSet@13 (line 171)
                      ; - com.sun.javafx.tk.quantum.GlassScene::setPainting@5 (line 293)
                      ; - com.sun.javafx.tk.quantum.PresentingPainter::run@502 (line 124)
  0x0000017ac3029894: 2cac 06e9 | 78bc ffff 

  0x0000017ac302989c: ;   {metadata({method} {0x0000017ada0ea050} 'getAndSet' '(Ljava/lang/invoke/VarHandle;Ljava/lang/Object;I)I' in 'java/lang/invoke/VarHandleInts$FieldInstanceReadWrite')}
  0x0000017ac302989c: 49ba 48a0 | 0eda 7a01 | 0000 4c89 | 5424 0848 | c704 24ff 

  0x0000017ac30298b0: ;   {runtime_call C1 Runtime counter_overflow_blob}
  0x0000017ac30298b0: ffff ffe8 

  0x0000017ac30298b4: ; ImmutableOopMap {rdx=Oop rbx=Oop [232]=Oop }
                      ;*synchronization entry
                      ; - java.lang.invoke.VarHandleInts$FieldInstanceReadWrite::getAndSet@-1 (line 249)
                      ; - java.lang.invoke.VarHandleGuards::guard_LI_I@45 (line 185)
                      ; - java.util.concurrent.atomic.AtomicBoolean::getAndSet@13 (line 171)
                      ; - com.sun.javafx.tk.quantum.GlassScene::setPainting@5 (line 293)
                      ; - com.sun.javafx.tk.quantum.PresentingPainter::run@502 (line 124)
  0x0000017ac30298b4: a82c ac06 | e9a3 bcff 

  0x0000017ac30298bc: ;   {metadata({method} {0x000000003d197b50} 'cast' '(Ljava/lang/Object;)Ljava/lang/Object;' in 'java/lang/Class')}
  0x0000017ac30298bc: ff49 ba48 | 7b19 3d00 | 0000 004c | 8954 2408 | 48c7 0424 | ffff ffff 

  0x0000017ac30298d4: ;   {runtime_call C1 Runtime counter_overflow_blob}
  0x0000017ac30298d4: e887 2cac 

  0x0000017ac30298d8: ; ImmutableOopMap {rdx=Oop rbx=Oop [232]=Oop }
                      ;*synchronization entry
                      ; - java.lang.Class::cast@-1 (line 3491)
                      ; - java.lang.invoke.VarHandleInts$FieldInstanceReadWrite::getAndSet@13 (line 250)
                      ; - java.lang.invoke.VarHandleGuards::guard_LI_I@45 (line 185)
                      ; - java.util.concurrent.atomic.AtomicBoolean::getAndSet@13 (line 171)
                      ; - com.sun.javafx.tk.quantum.GlassScene::setPainting@5 (line 293)
                      ; - com.sun.javafx.tk.quantum.PresentingPainter::run@502 (line 124)
  0x0000017ac30298d8: 06e9 42bd 

  0x0000017ac30298dc: ;   {metadata({method} {0x000000003d45aa48} 'requireNonNull' '(Ljava/lang/Object;)Ljava/lang/Object;' in 'java/util/Objects')}
  0x0000017ac30298dc: ffff 49ba | 40aa 453d | 0000 0000 | 4c89 5424 | 0848 c704 | 24ff ffff 

  0x0000017ac30298f4: ;   {runtime_call C1 Runtime counter_overflow_blob}
  0x0000017ac30298f4: ffe8 662c 

  0x0000017ac30298f8: ; ImmutableOopMap {rdx=Oop rbx=Oop [232]=Oop }
                      ;*synchronization entry
                      ; - java.util.Objects::requireNonNull@-1 (line 219)
                      ; - java.lang.invoke.VarHandleInts$FieldInstanceReadWrite::getAndSet@16 (line 250)
                      ; - java.lang.invoke.VarHandleGuards::guard_LI_I@45 (line 185)
                      ; - java.util.concurrent.atomic.AtomicBoolean::getAndSet@13 (line 171)
                      ; - com.sun.javafx.tk.quantum.GlassScene::setPainting@5 (line 293)
                      ; - com.sun.javafx.tk.quantum.PresentingPainter::run@502 (line 124)
  0x0000017ac30298f8: ac06 e982 

  0x0000017ac30298fc: ;   {runtime_call C1 Runtime throw_incompatible_class_change_error_blob}
  0x0000017ac30298fc: beff ffe8 

  0x0000017ac3029900: ; ImmutableOopMap {r8=Oop }
                      ;*invokeinterface getTextureResourcePool {reexecute=0 rethrow=0 return_oop=0}
                      ; - com.sun.javafx.tk.quantum.PresentingPainter::run@517 (line 127)
  0x0000017ac3029900: dcf7 ab06 

  0x0000017ac3029904: ;   {runtime_call C1 Runtime throw_null_pointer_exception_blob}
  0x0000017ac3029904: e8d7 d0ab 

  0x0000017ac3029908: ; ImmutableOopMap {r8=Oop }
                      ;*invokeinterface getTextureResourcePool {reexecute=0 rethrow=0 return_oop=0}
                      ; - com.sun.javafx.tk.quantum.PresentingPainter::run@517 (line 127)
                      ;   {metadata({method} {0x0000017ada4daca8} 'getTextureResourcePool' '()Lcom/sun/prism/impl/TextureResourcePool;' in 'com/sun/prism/d3d/D3DResourceFactory')}
  0x0000017ac3029908: 0649 baa0 | ac4d da7a | 0100 004c | 8954 2408 | 48c7 0424 | ffff ffff 

  0x0000017ac3029920: ;   {runtime_call C1 Runtime counter_overflow_blob}
  0x0000017ac3029920: e83b 2cac 

  0x0000017ac3029924: ; ImmutableOopMap {}
                      ;*synchronization entry
                      ; - com.sun.prism.d3d.D3DResourceFactory::getTextureResourcePool@-1 (line 95)
                      ; - com.sun.javafx.tk.quantum.PresentingPainter::run@517 (line 127)
  0x0000017ac3029924: 06e9 96bf 

  0x0000017ac3029928: ;   {metadata({method} {0x000000003d1d9bd0} 'unlock' '()V' in 'java/util/concurrent/locks/ReentrantLock')}
  0x0000017ac3029928: ffff 49ba | c89b 1d3d | 0000 0000 | 4c89 5424 | 0848 c704 | 24ff ffff 

  0x0000017ac3029940: ;   {runtime_call C1 Runtime counter_overflow_blob}
  0x0000017ac3029940: ffe8 1a2c 

  0x0000017ac3029944: ; ImmutableOopMap {r8=Oop }
                      ;*synchronization entry
                      ; - java.util.concurrent.locks.ReentrantLock::unlock@-1 (line 495)
                      ; - com.sun.javafx.tk.quantum.PresentingPainter::run@531 (line 130)
  0x0000017ac3029944: ac06 e9e9 

  0x0000017ac3029948: ;   {runtime_call C1 Runtime throw_null_pointer_exception_blob}
  0x0000017ac3029948: c0ff ffe8 

  0x0000017ac302994c: ; ImmutableOopMap {rsi=Oop }
                      ;*invokevirtual release {reexecute=0 rethrow=0 return_oop=0}
                      ; - java.util.concurrent.locks.ReentrantLock::unlock@5 (line 495)
                      ; - com.sun.javafx.tk.quantum.PresentingPainter::run@531 (line 130)
  0x0000017ac302994c: 90d0 ab06 

  0x0000017ac3029950: ;   {metadata({method} {0x000000003d2d1e60} 'release' '(I)Z' in 'java/util/concurrent/locks/AbstractQueuedSynchronizer')}
  0x0000017ac3029950: 49ba 581e | 2d3d 0000 | 0000 4c89 | 5424 0848 | c704 24ff 

  0x0000017ac3029964: ;   {runtime_call C1 Runtime counter_overflow_blob}
  0x0000017ac3029964: ffff ffe8 

  0x0000017ac3029968: ; ImmutableOopMap {rsi=Oop }
                      ;*synchronization entry
                      ; - java.util.concurrent.locks.AbstractQueuedSynchronizer::release@-1 (line 1099)
                      ; - java.util.concurrent.locks.ReentrantLock::unlock@5 (line 495)
                      ; - com.sun.javafx.tk.quantum.PresentingPainter::run@531 (line 130)
  0x0000017ac3029968: f42b ac06 | e987 c1ff 

  0x0000017ac3029970: ;   {internal_word}
  0x0000017ac3029970: ff49 ba2b | 5c02 c37a | 0100 004d | 8997 e004 

  0x0000017ac3029980: ;   {runtime_call SafepointBlob}
  0x0000017ac3029980: 0000 e9d9 

  0x0000017ac3029984: ;   {internal_word}
  0x0000017ac3029984: 759f 0649 | ba3e 5c02 | c37a 0100 | 004d 8997 | e004 0000 

  0x0000017ac3029998: ;   {runtime_call SafepointBlob}
  0x0000017ac3029998: e9c3 759f 

  0x0000017ac302999c: ;   {internal_word}
  0x0000017ac302999c: 0649 ba51 | 5c02 c37a | 0100 004d | 8997 e004 

  0x0000017ac30299ac: ;   {runtime_call SafepointBlob}
  0x0000017ac30299ac: 0000 e9ad 

  0x0000017ac30299b0: ;   {internal_word}
  0x0000017ac30299b0: 759f 0649 | ba64 5c02 | c37a 0100 | 004d 8997 | e004 0000 

  0x0000017ac30299c4: ;   {runtime_call SafepointBlob}
  0x0000017ac30299c4: e997 759f 

  0x0000017ac30299c8: ;   {metadata(nullptr)}
  0x0000017ac30299c8: 0648 ba00 | 0000 0000 | 0000 00b8 | 000f 050a 

  0x0000017ac30299d8: ;   {runtime_call C1 Runtime load_klass_patching_blob}
  0x0000017ac30299d8: e803 1bac 

  0x0000017ac30299dc: ; ImmutableOopMap {[232]=Oop }
                      ;*new {reexecute=1 rethrow=0 return_oop=0}
                      ; - (reexecute) java.util.Objects::requireNonNull@4 (line 220)
                      ; - java.lang.invoke.VarHandleInts$FieldInstanceReadWrite::getAndSet@16 (line 250)
                      ; - java.lang.invoke.VarHandleGuards::guard_LI_I@45 (line 185)
                      ; - java.util.concurrent.atomic.AtomicBoolean::getAndSet@13 (line 171)
                      ; - com.sun.javafx.tk.quantum.GlassScene::setPainting@5 (line 293)
                      ; - com.sun.javafx.tk.quantum.PresentingPainter::run@502 (line 124)
  0x0000017ac30299dc: 06e9 8ec2 | ffff 488b 

  0x0000017ac30299e4: ;   {runtime_call C1 Runtime fast_new_instance_blob}
  0x0000017ac30299e4: d2e8 f6d8 

  0x0000017ac30299e8: ; ImmutableOopMap {[232]=Oop }
                      ;*new {reexecute=0 rethrow=0 return_oop=0}
                      ; - java.util.Objects::requireNonNull@4 (line 220)
                      ; - java.lang.invoke.VarHandleInts$FieldInstanceReadWrite::getAndSet@16 (line 250)
                      ; - java.lang.invoke.VarHandleGuards::guard_LI_I@45 (line 185)
                      ; - java.util.concurrent.atomic.AtomicBoolean::getAndSet@13 (line 171)
                      ; - com.sun.javafx.tk.quantum.GlassScene::setPainting@5 (line 293)
                      ; - com.sun.javafx.tk.quantum.PresentingPainter::run@502 (line 124)
  0x0000017ac30299e8: ab06 e9d9 

  0x0000017ac30299ec: ;   {metadata(nullptr)}
  0x0000017ac30299ec: c2ff ff48 | ba00 0000 | 0000 0000 | 00b8 000f 

  0x0000017ac30299fc: ;   {runtime_call C1 Runtime load_klass_patching_blob}
  0x0000017ac30299fc: 050a e8dd 

  0x0000017ac3029a00: ; ImmutableOopMap {rbx=Oop [232]=Oop }
                      ;*new {reexecute=1 rethrow=0 return_oop=0}
                      ; - (reexecute) java.lang.Class::cast@12 (line 3492)
                      ; - java.lang.invoke.VarHandleInts$FieldInstanceReadWrite::getAndSet@13 (line 250)
                      ; - java.lang.invoke.VarHandleGuards::guard_LI_I@45 (line 185)
                      ; - java.util.concurrent.atomic.AtomicBoolean::getAndSet@13 (line 171)
                      ; - com.sun.javafx.tk.quantum.GlassScene::setPainting@5 (line 293)
                      ; - com.sun.javafx.tk.quantum.PresentingPainter::run@502 (line 124)
  0x0000017ac3029a00: 1aac 06e9 | 08c3 ffff 

  0x0000017ac3029a08: ;   {runtime_call C1 Runtime fast_new_instance_blob}
  0x0000017ac3029a08: 488b d2e8 

  0x0000017ac3029a0c: ; ImmutableOopMap {rbx=Oop [232]=Oop }
                      ;*new {reexecute=0 rethrow=0 return_oop=0}
                      ; - java.lang.Class::cast@12 (line 3492)
                      ; - java.lang.invoke.VarHandleInts$FieldInstanceReadWrite::getAndSet@13 (line 250)
                      ; - java.lang.invoke.VarHandleGuards::guard_LI_I@45 (line 185)
                      ; - java.util.concurrent.atomic.AtomicBoolean::getAndSet@13 (line 171)
                      ; - com.sun.javafx.tk.quantum.GlassScene::setPainting@5 (line 293)
                      ; - com.sun.javafx.tk.quantum.PresentingPainter::run@502 (line 124)
  0x0000017ac3029a0c: d0d8 ab06 | e94f c3ff 

  0x0000017ac3029a14: ;   {metadata(nullptr)}
  0x0000017ac3029a14: ff48 ba00 | 0000 0000 | 0000 00b8 | 000f 050a 

  0x0000017ac3029a24: ;   {runtime_call C1 Runtime load_klass_patching_blob}
  0x0000017ac3029a24: e8b7 1aac 

  0x0000017ac3029a28: ; ImmutableOopMap {[232]=Oop [368]=Oop }
                      ;*new {reexecute=1 rethrow=0 return_oop=0}
                      ; - (reexecute) com.sun.glass.ui.View::checkNotClosed@9 (line 435)
                      ; - com.sun.glass.ui.View::unlock@1 (line 741)
                      ; - com.sun.prism.PresentableState::unlock@11 (line 296)
                      ; - com.sun.javafx.tk.quantum.PresentingPainter::run@484 (line 120)
  0x0000017ac3029a28: 06e9 c2c3 

  0x0000017ac3029a2c: ;   {runtime_call C1 Runtime throw_null_pointer_exception_blob}
  0x0000017ac3029a2c: ffff e8ad 

  0x0000017ac3029a30: ; ImmutableOopMap {[232]=Oop [368]=Oop }
                      ;*new {reexecute=0 rethrow=0 return_oop=0}
                      ; - com.sun.glass.ui.View::checkNotClosed@9 (line 435)
                      ; - com.sun.glass.ui.View::unlock@1 (line 741)
                      ; - com.sun.prism.PresentableState::unlock@11 (line 296)
                      ; - com.sun.javafx.tk.quantum.PresentingPainter::run@484 (line 120)
  0x0000017ac3029a30: cfab 0648 

  0x0000017ac3029a34: ;   {runtime_call C1 Runtime fast_new_instance_init_check_blob}
  0x0000017ac3029a34: 8bd2 e8a5 

  0x0000017ac3029a38: ; ImmutableOopMap {[232]=Oop [368]=Oop }
                      ;*new {reexecute=0 rethrow=0 return_oop=0}
                      ; - com.sun.glass.ui.View::checkNotClosed@9 (line 435)
                      ; - com.sun.glass.ui.View::unlock@1 (line 741)
                      ; - com.sun.prism.PresentableState::unlock@11 (line 296)
                      ; - com.sun.javafx.tk.quantum.PresentingPainter::run@484 (line 120)
  0x0000017ac3029a38: dbab 06e9 | 11c4 ffff 

  0x0000017ac3029a40: ;   {metadata(nullptr)}
  0x0000017ac3029a40: 48ba 0000 | 0000 0000 | 0000 b800 

  0x0000017ac3029a4c: ;   {runtime_call C1 Runtime load_klass_patching_blob}
  0x0000017ac3029a4c: 0f05 0ae8 

  0x0000017ac3029a50: ; ImmutableOopMap {[232]=Oop }
                      ;*new {reexecute=1 rethrow=0 return_oop=0}
                      ; - (reexecute) java.util.Objects::requireNonNull@4 (line 220)
                      ; - java.lang.invoke.VarHandleInts$FieldInstanceReadWrite::getAndSet@16 (line 250)
                      ; - java.lang.invoke.VarHandleGuards::guard_LI_I@45 (line 185)
                      ; - java.util.concurrent.atomic.AtomicBoolean::getAndSet@13 (line 171)
                      ; - com.sun.javafx.tk.quantum.GlassScene::setPainting@5 (line 293)
                      ; - com.sun.javafx.tk.quantum.PresentingPainter::run@406 (line 124)
  0x0000017ac3029a50: 8c1a ac06 | e947 c4ff | ff48 8bd2 

  0x0000017ac3029a5c: ;   {runtime_call C1 Runtime fast_new_instance_blob}
  0x0000017ac3029a5c: e87f d8ab 

  0x0000017ac3029a60: ; ImmutableOopMap {[232]=Oop }
                      ;*new {reexecute=0 rethrow=0 return_oop=0}
                      ; - java.util.Objects::requireNonNull@4 (line 220)
                      ; - java.lang.invoke.VarHandleInts$FieldInstanceReadWrite::getAndSet@16 (line 250)
                      ; - java.lang.invoke.VarHandleGuards::guard_LI_I@45 (line 185)
                      ; - java.util.concurrent.atomic.AtomicBoolean::getAndSet@13 (line 171)
                      ; - com.sun.javafx.tk.quantum.GlassScene::setPainting@5 (line 293)
                      ; - com.sun.javafx.tk.quantum.PresentingPainter::run@406 (line 124)
  0x0000017ac3029a60: 06e9 92c4 

  0x0000017ac3029a64: ;   {metadata(nullptr)}
  0x0000017ac3029a64: ffff 48ba | 0000 0000 | 0000 0000 | b800 0f05 

  0x0000017ac3029a74: ;   {runtime_call C1 Runtime load_klass_patching_blob}
  0x0000017ac3029a74: 0ae8 661a 

  0x0000017ac3029a78: ; ImmutableOopMap {rbx=Oop [232]=Oop }
                      ;*new {reexecute=1 rethrow=0 return_oop=0}
                      ; - (reexecute) java.lang.Class::cast@12 (line 3492)
                      ; - java.lang.invoke.VarHandleInts$FieldInstanceReadWrite::getAndSet@13 (line 250)
                      ; - java.lang.invoke.VarHandleGuards::guard_LI_I@45 (line 185)
                      ; - java.util.concurrent.atomic.AtomicBoolean::getAndSet@13 (line 171)
                      ; - com.sun.javafx.tk.quantum.GlassScene::setPainting@5 (line 293)
                      ; - com.sun.javafx.tk.quantum.PresentingPainter::run@406 (line 124)
  0x0000017ac3029a78: ac06 e9c1 | c4ff ff48 

  0x0000017ac3029a80: ;   {runtime_call C1 Runtime fast_new_instance_blob}
  0x0000017ac3029a80: 8bd2 e859 

  0x0000017ac3029a84: ; ImmutableOopMap {rbx=Oop [232]=Oop }
                      ;*new {reexecute=0 rethrow=0 return_oop=0}
                      ; - java.lang.Class::cast@12 (line 3492)
                      ; - java.lang.invoke.VarHandleInts$FieldInstanceReadWrite::getAndSet@13 (line 250)
                      ; - java.lang.invoke.VarHandleGuards::guard_LI_I@45 (line 185)
                      ; - java.util.concurrent.atomic.AtomicBoolean::getAndSet@13 (line 171)
                      ; - com.sun.javafx.tk.quantum.GlassScene::setPainting@5 (line 293)
                      ; - com.sun.javafx.tk.quantum.PresentingPainter::run@406 (line 124)
  0x0000017ac3029a84: d8ab 06e9 | 08c5 ffff 

  0x0000017ac3029a8c: ;   {metadata(nullptr)}
  0x0000017ac3029a8c: 48ba 0000 | 0000 0000 | 0000 b800 

  0x0000017ac3029a98: ;   {runtime_call C1 Runtime load_klass_patching_blob}
  0x0000017ac3029a98: 0f05 0ae8 

  0x0000017ac3029a9c: ; ImmutableOopMap {[232]=Oop [400]=Oop }
                      ;*new {reexecute=1 rethrow=0 return_oop=0}
                      ; - (reexecute) com.sun.glass.ui.View::checkNotClosed@9 (line 435)
                      ; - com.sun.glass.ui.View::unlock@1 (line 741)
                      ; - com.sun.prism.PresentableState::unlock@11 (line 296)
                      ; - com.sun.javafx.tk.quantum.PresentingPainter::run@388 (line 120)
  0x0000017ac3029a9c: 401a ac06 | e97b c5ff 

  0x0000017ac3029aa4: ;   {runtime_call C1 Runtime throw_null_pointer_exception_blob}
  0x0000017ac3029aa4: ffe8 36cf 

  0x0000017ac3029aa8: ; ImmutableOopMap {[232]=Oop [400]=Oop }
                      ;*new {reexecute=0 rethrow=0 return_oop=0}
                      ; - com.sun.glass.ui.View::checkNotClosed@9 (line 435)
                      ; - com.sun.glass.ui.View::unlock@1 (line 741)
                      ; - com.sun.prism.PresentableState::unlock@11 (line 296)
                      ; - com.sun.javafx.tk.quantum.PresentingPainter::run@388 (line 120)
  0x0000017ac3029aa8: ab06 488b 

  0x0000017ac3029aac: ;   {runtime_call C1 Runtime fast_new_instance_init_check_blob}
  0x0000017ac3029aac: d2e8 2edb 

  0x0000017ac3029ab0: ; ImmutableOopMap {[232]=Oop [400]=Oop }
                      ;*new {reexecute=0 rethrow=0 return_oop=0}
                      ; - com.sun.glass.ui.View::checkNotClosed@9 (line 435)
                      ; - com.sun.glass.ui.View::unlock@1 (line 741)
                      ; - com.sun.prism.PresentableState::unlock@11 (line 296)
                      ; - com.sun.javafx.tk.quantum.PresentingPainter::run@388 (line 120)
  0x0000017ac3029ab0: ab06 e9ca 

  0x0000017ac3029ab4: ;   {metadata(nullptr)}
  0x0000017ac3029ab4: c5ff ff48 | ba00 0000 | 0000 0000 | 00b8 000f 

  0x0000017ac3029ac4: ;   {runtime_call C1 Runtime load_klass_patching_blob}
  0x0000017ac3029ac4: 050a e815 

  0x0000017ac3029ac8: ; ImmutableOopMap {[232]=Oop }
                      ;*new {reexecute=1 rethrow=0 return_oop=0}
                      ; - (reexecute) java.util.Objects::requireNonNull@4 (line 220)
                      ; - java.lang.invoke.VarHandleInts$FieldInstanceReadWrite::getAndSet@16 (line 250)
                      ; - java.lang.invoke.VarHandleGuards::guard_LI_I@45 (line 185)
                      ; - java.util.concurrent.atomic.AtomicBoolean::getAndSet@13 (line 171)
                      ; - com.sun.javafx.tk.quantum.GlassScene::setPainting@5 (line 293)
                      ; - com.sun.javafx.tk.quantum.PresentingPainter::run@188 (line 124)
  0x0000017ac3029ac8: 1aac 06e9 | 00c6 ffff 

  0x0000017ac3029ad0: ;   {runtime_call C1 Runtime fast_new_instance_blob}
  0x0000017ac3029ad0: 488b d2e8 

  0x0000017ac3029ad4: ; ImmutableOopMap {[232]=Oop }
                      ;*new {reexecute=0 rethrow=0 return_oop=0}
                      ; - java.util.Objects::requireNonNull@4 (line 220)
                      ; - java.lang.invoke.VarHandleInts$FieldInstanceReadWrite::getAndSet@16 (line 250)
                      ; - java.lang.invoke.VarHandleGuards::guard_LI_I@45 (line 185)
                      ; - java.util.concurrent.atomic.AtomicBoolean::getAndSet@13 (line 171)
                      ; - com.sun.javafx.tk.quantum.GlassScene::setPainting@5 (line 293)
                      ; - com.sun.javafx.tk.quantum.PresentingPainter::run@188 (line 124)
  0x0000017ac3029ad4: 08d8 ab06 | e94b c6ff 

  0x0000017ac3029adc: ;   {metadata(nullptr)}
  0x0000017ac3029adc: ff48 ba00 | 0000 0000 | 0000 00b8 | 000f 050a 

  0x0000017ac3029aec: ;   {runtime_call C1 Runtime load_klass_patching_blob}
  0x0000017ac3029aec: e8ef 19ac 

  0x0000017ac3029af0: ; ImmutableOopMap {rbx=Oop [232]=Oop }
                      ;*new {reexecute=1 rethrow=0 return_oop=0}
                      ; - (reexecute) java.lang.Class::cast@12 (line 3492)
                      ; - java.lang.invoke.VarHandleInts$FieldInstanceReadWrite::getAndSet@13 (line 250)
                      ; - java.lang.invoke.VarHandleGuards::guard_LI_I@45 (line 185)
                      ; - java.util.concurrent.atomic.AtomicBoolean::getAndSet@13 (line 171)
                      ; - com.sun.javafx.tk.quantum.GlassScene::setPainting@5 (line 293)
                      ; - com.sun.javafx.tk.quantum.PresentingPainter::run@188 (line 124)
  0x0000017ac3029af0: 06e9 7ac6 | ffff 488b 

  0x0000017ac3029af8: ;   {runtime_call C1 Runtime fast_new_instance_blob}
  0x0000017ac3029af8: d2e8 e2d7 

  0x0000017ac3029afc: ; ImmutableOopMap {rbx=Oop [232]=Oop }
                      ;*new {reexecute=0 rethrow=0 return_oop=0}
                      ; - java.lang.Class::cast@12 (line 3492)
                      ; - java.lang.invoke.VarHandleInts$FieldInstanceReadWrite::getAndSet@13 (line 250)
                      ; - java.lang.invoke.VarHandleGuards::guard_LI_I@45 (line 185)
                      ; - java.util.concurrent.atomic.AtomicBoolean::getAndSet@13 (line 171)
                      ; - com.sun.javafx.tk.quantum.GlassScene::setPainting@5 (line 293)
                      ; - com.sun.javafx.tk.quantum.PresentingPainter::run@188 (line 124)
  0x0000017ac3029afc: ab06 e9c1 

  0x0000017ac3029b00: ;   {metadata(nullptr)}
  0x0000017ac3029b00: c6ff ff48 | ba00 0000 | 0000 0000 | 00b8 000f 

  0x0000017ac3029b10: ;   {runtime_call C1 Runtime load_klass_patching_blob}
  0x0000017ac3029b10: 050a e8c9 

  0x0000017ac3029b14: ; ImmutableOopMap {[232]=Oop [432]=Oop }
                      ;*new {reexecute=1 rethrow=0 return_oop=0}
                      ; - (reexecute) com.sun.glass.ui.View::checkNotClosed@9 (line 435)
                      ; - com.sun.glass.ui.View::unlock@1 (line 741)
                      ; - com.sun.prism.PresentableState::unlock@11 (line 296)
                      ; - com.sun.javafx.tk.quantum.PresentingPainter::run@170 (line 120)
  0x0000017ac3029b14: 19ac 06e9 | 34c7 ffff 

  0x0000017ac3029b1c: ;   {runtime_call C1 Runtime throw_null_pointer_exception_blob}
  0x0000017ac3029b1c: e8bf ceab 

  0x0000017ac3029b20: ; ImmutableOopMap {[232]=Oop [432]=Oop }
                      ;*new {reexecute=0 rethrow=0 return_oop=0}
                      ; - com.sun.glass.ui.View::checkNotClosed@9 (line 435)
                      ; - com.sun.glass.ui.View::unlock@1 (line 741)
                      ; - com.sun.prism.PresentableState::unlock@11 (line 296)
                      ; - com.sun.javafx.tk.quantum.PresentingPainter::run@170 (line 120)
  0x0000017ac3029b20: 0648 8bd2 

  0x0000017ac3029b24: ;   {runtime_call C1 Runtime fast_new_instance_init_check_blob}
  0x0000017ac3029b24: e8b7 daab 

  0x0000017ac3029b28: ; ImmutableOopMap {[232]=Oop [432]=Oop }
                      ;*new {reexecute=0 rethrow=0 return_oop=0}
                      ; - com.sun.glass.ui.View::checkNotClosed@9 (line 435)
                      ; - com.sun.glass.ui.View::unlock@1 (line 741)
                      ; - com.sun.prism.PresentableState::unlock@11 (line 296)
                      ; - com.sun.javafx.tk.quantum.PresentingPainter::run@170 (line 120)
  0x0000017ac3029b28: 06e9 83c7 

  0x0000017ac3029b2c: ;   {metadata(nullptr)}
  0x0000017ac3029b2c: ffff 48ba | 0000 0000 | 0000 0000 | b800 0f05 

  0x0000017ac3029b3c: ;   {runtime_call C1 Runtime load_klass_patching_blob}
  0x0000017ac3029b3c: 0ae8 9e19 

  0x0000017ac3029b40: ; ImmutableOopMap {[232]=Oop }
                      ;*new {reexecute=1 rethrow=0 return_oop=0}
                      ; - (reexecute) com.sun.glass.ui.Screen::getScreens@6 (line 68)
                      ; - com.sun.prism.GraphicsPipeline::getDefaultResourceFactory@0 (line 150)
                      ; - com.sun.javafx.tk.quantum.PresentingPainter::run@119 (line 69)
  0x0000017ac3029b40: ac06 e9b9 | c7ff ff48 

  0x0000017ac3029b48: ;   {runtime_call C1 Runtime fast_new_instance_blob}
  0x0000017ac3029b48: 8bd2 e891 

  0x0000017ac3029b4c: ; ImmutableOopMap {[232]=Oop }
                      ;*new {reexecute=0 rethrow=0 return_oop=0}
                      ; - com.sun.glass.ui.Screen::getScreens@6 (line 68)
                      ; - com.sun.prism.GraphicsPipeline::getDefaultResourceFactory@0 (line 150)
                      ; - com.sun.javafx.tk.quantum.PresentingPainter::run@119 (line 69)
  0x0000017ac3029b4c: d7ab 06e9 | 00c8 ffff 

  0x0000017ac3029b54: ;   {metadata(nullptr)}
  0x0000017ac3029b54: 48ba 0000 | 0000 0000 | 0000 b800 

  0x0000017ac3029b60: ;   {runtime_call C1 Runtime load_klass_patching_blob}
  0x0000017ac3029b60: 0f05 0ae8 

  0x0000017ac3029b64: ; ImmutableOopMap {[232]=Oop [248]=Oop [456]=Oop }
                      ;*new {reexecute=1 rethrow=0 return_oop=0}
                      ; - (reexecute) com.sun.glass.ui.View::checkNotClosed@9 (line 435)
                      ; - com.sun.glass.ui.View::lock@1 (line 730)
                      ; - com.sun.prism.PresentableState::lock@11 (line 285)
                      ; - com.sun.javafx.tk.quantum.PresentingPainter::run@106 (line 65)
  0x0000017ac3029b64: 7819 ac06 | e943 c8ff 

  0x0000017ac3029b6c: ;   {runtime_call C1 Runtime throw_null_pointer_exception_blob}
  0x0000017ac3029b6c: ffe8 6ece 

  0x0000017ac3029b70: ; ImmutableOopMap {[232]=Oop [248]=Oop [456]=Oop }
                      ;*new {reexecute=0 rethrow=0 return_oop=0}
                      ; - com.sun.glass.ui.View::checkNotClosed@9 (line 435)
                      ; - com.sun.glass.ui.View::lock@1 (line 730)
                      ; - com.sun.prism.PresentableState::lock@11 (line 285)
                      ; - com.sun.javafx.tk.quantum.PresentingPainter::run@106 (line 65)
  0x0000017ac3029b70: ab06 488b 

  0x0000017ac3029b74: ;   {runtime_call C1 Runtime fast_new_instance_init_check_blob}
  0x0000017ac3029b74: d2e8 66da 

  0x0000017ac3029b78: ; ImmutableOopMap {[232]=Oop [248]=Oop [456]=Oop }
                      ;*new {reexecute=0 rethrow=0 return_oop=0}
                      ; - com.sun.glass.ui.View::checkNotClosed@9 (line 435)
                      ; - com.sun.glass.ui.View::lock@1 (line 730)
                      ; - com.sun.prism.PresentableState::lock@11 (line 285)
                      ; - com.sun.javafx.tk.quantum.PresentingPainter::run@106 (line 65)
  0x0000017ac3029b78: ab06 e992 

  0x0000017ac3029b7c: ;   {metadata(nullptr)}
  0x0000017ac3029b7c: c8ff ff48 | ba00 0000 | 0000 0000 | 00b8 000f 

  0x0000017ac3029b8c: ;   {runtime_call C1 Runtime load_klass_patching_blob}
  0x0000017ac3029b8c: 050a e84d 

  0x0000017ac3029b90: ; ImmutableOopMap {[232]=Oop }
                      ;*new {reexecute=1 rethrow=0 return_oop=0}
                      ; - (reexecute) java.util.Objects::requireNonNull@4 (line 220)
                      ; - java.lang.invoke.VarHandleInts$FieldInstanceReadWrite::getAndSet@16 (line 250)
                      ; - java.lang.invoke.VarHandleGuards::guard_LI_I@45 (line 185)
                      ; - java.util.concurrent.atomic.AtomicBoolean::getAndSet@13 (line 171)
                      ; - com.sun.javafx.tk.quantum.GlassScene::setPainting@5 (line 293)
                      ; - com.sun.javafx.tk.quantum.PresentingPainter::run@69 (line 124)
  0x0000017ac3029b90: 19ac 06e9 | d0c8 ffff 

  0x0000017ac3029b98: ;   {runtime_call C1 Runtime fast_new_instance_blob}
  0x0000017ac3029b98: 488b d2e8 

  0x0000017ac3029b9c: ; ImmutableOopMap {[232]=Oop }
                      ;*new {reexecute=0 rethrow=0 return_oop=0}
                      ; - java.util.Objects::requireNonNull@4 (line 220)
                      ; - java.lang.invoke.VarHandleInts$FieldInstanceReadWrite::getAndSet@16 (line 250)
                      ; - java.lang.invoke.VarHandleGuards::guard_LI_I@45 (line 185)
                      ; - java.util.concurrent.atomic.AtomicBoolean::getAndSet@13 (line 171)
                      ; - com.sun.javafx.tk.quantum.GlassScene::setPainting@5 (line 293)
                      ; - com.sun.javafx.tk.quantum.PresentingPainter::run@69 (line 124)
  0x0000017ac3029b9c: 40d7 ab06 | e91b c9ff 

  0x0000017ac3029ba4: ;   {metadata(nullptr)}
  0x0000017ac3029ba4: ff48 ba00 | 0000 0000 | 0000 00b8 | 000f 050a 

  0x0000017ac3029bb4: ;   {runtime_call C1 Runtime load_klass_patching_blob}
  0x0000017ac3029bb4: e827 19ac 

  0x0000017ac3029bb8: ; ImmutableOopMap {rbx=Oop [232]=Oop }
                      ;*new {reexecute=1 rethrow=0 return_oop=0}
                      ; - (reexecute) java.lang.Class::cast@12 (line 3492)
                      ; - java.lang.invoke.VarHandleInts$FieldInstanceReadWrite::getAndSet@13 (line 250)
                      ; - java.lang.invoke.VarHandleGuards::guard_LI_I@45 (line 185)
                      ; - java.util.concurrent.atomic.AtomicBoolean::getAndSet@13 (line 171)
                      ; - com.sun.javafx.tk.quantum.GlassScene::setPainting@5 (line 293)
                      ; - com.sun.javafx.tk.quantum.PresentingPainter::run@69 (line 124)
  0x0000017ac3029bb8: 06e9 4ac9 | ffff 488b 

  0x0000017ac3029bc0: ;   {runtime_call C1 Runtime fast_new_instance_blob}
  0x0000017ac3029bc0: d2e8 1ad7 

  0x0000017ac3029bc4: ; ImmutableOopMap {rbx=Oop [232]=Oop }
                      ;*new {reexecute=0 rethrow=0 return_oop=0}
                      ; - java.lang.Class::cast@12 (line 3492)
                      ; - java.lang.invoke.VarHandleInts$FieldInstanceReadWrite::getAndSet@13 (line 250)
                      ; - java.lang.invoke.VarHandleGuards::guard_LI_I@45 (line 185)
                      ; - java.util.concurrent.atomic.AtomicBoolean::getAndSet@13 (line 171)
                      ; - com.sun.javafx.tk.quantum.GlassScene::setPainting@5 (line 293)
                      ; - com.sun.javafx.tk.quantum.PresentingPainter::run@69 (line 124)
  0x0000017ac3029bc4: ab06 e991 | c9ff ff48 | 8d84 2458 | 0200 0048 

  0x0000017ac3029bd4: ;   {runtime_call C1 Runtime monitorexit_blob}
  0x0000017ac3029bd4: 8904 24e8 | 840b ac06 | e971 caff 

  0x0000017ac3029be0: ;   {metadata({method} {0x000000003d1a6b38} 'printStackTrace' '(Ljava/io/PrintStream;)V' in 'java/lang/Throwable')}
  0x0000017ac3029be0: ff49 ba30 | 6b1a 3d00 | 0000 004c | 8954 2408 | 48c7 0424 | ffff ffff 

  0x0000017ac3029bf8: ;   {runtime_call C1 Runtime counter_overflow_blob}
  0x0000017ac3029bf8: e863 29ac 

  0x0000017ac3029bfc: ; ImmutableOopMap {rax=Oop r8=Oop [232]=Oop }
                      ;*synchronization entry
                      ; - java.lang.Throwable::printStackTrace@-1 (line 686)
                      ; - com.sun.javafx.tk.quantum.PresentingPainter::run@546 (line 115)
  0x0000017ac3029bfc: 06e9 49cb 

  0x0000017ac3029c00: ;   {metadata('java/lang/Throwable$WrappedPrintStream')}
  0x0000017ac3029c00: ffff 48ba | 587b 013e | 0000 0000 | b800 0f05 

  0x0000017ac3029c10: ;   {runtime_call C1 Runtime load_klass_patching_blob}
  0x0000017ac3029c10: 0ae8 ca18 

  0x0000017ac3029c14: ; ImmutableOopMap {rax=Oop r8=Oop [232]=Oop }
                      ;*new {reexecute=1 rethrow=0 return_oop=0}
                      ; - (reexecute) java.lang.Throwable::printStackTrace@1 (line 686)
                      ; - com.sun.javafx.tk.quantum.PresentingPainter::run@546 (line 115)
  0x0000017ac3029c14: ac06 e935 | cbff ff48 

  0x0000017ac3029c1c: ;   {runtime_call C1 Runtime new_instance_blob}
  0x0000017ac3029c1c: 8bd2 e8bd 

  0x0000017ac3029c20: ; ImmutableOopMap {r8=Oop [232]=Oop [480]=Oop }
                      ;*new {reexecute=0 rethrow=0 return_oop=0}
                      ; - java.lang.Throwable::printStackTrace@1 (line 686)
                      ; - com.sun.javafx.tk.quantum.PresentingPainter::run@546 (line 115)
  0x0000017ac3029c20: d3ab 06e9 | 3fcb ffff 

  0x0000017ac3029c28: ;   {runtime_call C1 Runtime throw_null_pointer_exception_blob}
  0x0000017ac3029c28: e8b3 cdab 

  0x0000017ac3029c2c: ; ImmutableOopMap {rdx=Oop r8=Oop [232]=Oop }
                      ;*invokevirtual unlock {reexecute=0 rethrow=0 return_oop=0}
                      ; - com.sun.javafx.tk.quantum.PresentingPainter::run@560 (line 120)
                      ;   {metadata({method} {0x0000017ada9a3998} 'unlock' '()V' in 'com/sun/prism/PresentableState')}
  0x0000017ac3029c2c: 0649 ba90 | 399a da7a | 0100 004c | 8954 2408 | 48c7 0424 | ffff ffff 

  0x0000017ac3029c44: ;   {runtime_call C1 Runtime counter_overflow_blob}
  0x0000017ac3029c44: e817 29ac 

  0x0000017ac3029c48: ; ImmutableOopMap {rdx=Oop r8=Oop [232]=Oop }
                      ;*synchronization entry
                      ; - com.sun.prism.PresentableState::unlock@-1 (line 296)
                      ; - com.sun.javafx.tk.quantum.PresentingPainter::run@560 (line 120)
  0x0000017ac3029c48: 06e9 9acc 

  0x0000017ac3029c4c: ;   {runtime_call C1 Runtime throw_null_pointer_exception_blob}
  0x0000017ac3029c4c: ffff e88d 

  0x0000017ac3029c50: ; ImmutableOopMap {rdx=Oop rbx=Oop [232]=Oop }
                      ;*invokevirtual unlock {reexecute=0 rethrow=0 return_oop=0}
                      ; - com.sun.prism.PresentableState::unlock@11 (line 296)
                      ; - com.sun.javafx.tk.quantum.PresentingPainter::run@560 (line 120)
                      ;   {metadata({method} {0x0000017ada4f9778} 'unlock' '()V' in 'com/sun/glass/ui/View')}
  0x0000017ac3029c50: cdab 0649 | ba70 974f | da7a 0100 | 004c 8954 | 2408 48c7 | 0424 ffff 

  0x0000017ac3029c68: ;   {runtime_call C1 Runtime counter_overflow_blob}
  0x0000017ac3029c68: ffff e8f1 

  0x0000017ac3029c6c: ; ImmutableOopMap {rdx=Oop rbx=Oop [232]=Oop }
                      ;*synchronization entry
                      ; - com.sun.glass.ui.View::unlock@-1 (line 741)
                      ; - com.sun.prism.PresentableState::unlock@11 (line 296)
                      ; - com.sun.javafx.tk.quantum.PresentingPainter::run@560 (line 120)
  0x0000017ac3029c6c: 28ac 06e9 | 63cd ffff 

  0x0000017ac3029c74: ;   {metadata({method} {0x0000017ada4f7860} 'checkNotClosed' '()V' in 'com/sun/glass/ui/View')}
  0x0000017ac3029c74: 49ba 5878 | 4fda 7a01 | 0000 4c89 | 5424 0848 | c704 24ff 

  0x0000017ac3029c88: ;   {runtime_call C1 Runtime counter_overflow_blob}
  0x0000017ac3029c88: ffff ffe8 

  0x0000017ac3029c8c: ; ImmutableOopMap {rdx=Oop rbx=Oop [232]=Oop }
                      ;*synchronization entry
                      ; - com.sun.glass.ui.View::checkNotClosed@-1 (line 434)
                      ; - com.sun.glass.ui.View::unlock@1 (line 741)
                      ; - com.sun.prism.PresentableState::unlock@11 (line 296)
                      ; - com.sun.javafx.tk.quantum.PresentingPainter::run@560 (line 120)
  0x0000017ac3029c8c: d028 ac06 | e980 cdff 

  0x0000017ac3029c94: ;   {runtime_call C1 Runtime throw_null_pointer_exception_blob}
  0x0000017ac3029c94: ffe8 46cd 

  0x0000017ac3029c98: ; ImmutableOopMap {rdx=Oop r8=Oop [232]=Oop }
                      ;*invokevirtual getScene {reexecute=0 rethrow=0 return_oop=0}
                      ; - com.sun.javafx.tk.quantum.PresentingPainter::run@567 (line 123)
  0x0000017ac3029c98: ab06 4c89 

  0x0000017ac3029c9c: ;   {runtime_call C1 Runtime throw_class_cast_exception_blob}
  0x0000017ac3029c9c: 0424 e83d 

  0x0000017ac3029ca0: ; ImmutableOopMap {rdx=Oop [232]=Oop }
                      ;*checkcast {reexecute=0 rethrow=0 return_oop=0}
                      ; - com.sun.javafx.tk.quantum.PresentingPainter::run@570 (line 123)
                      ;   {runtime_call C1 Runtime throw_null_pointer_exception_blob}
  0x0000017ac3029ca0: f1ab 06e8 

  0x0000017ac3029ca4: ; ImmutableOopMap {rdx=Oop r8=Oop [232]=Oop }
                      ;*invokevirtual setPainting {reexecute=0 rethrow=0 return_oop=0}
                      ; - com.sun.javafx.tk.quantum.PresentingPainter::run@578 (line 124)
  0x0000017ac3029ca4: 38cd ab06 

  0x0000017ac3029ca8: ;   {metadata({method} {0x0000017ada4eba90} 'setPainting' '(Z)Z' in 'com/sun/javafx/tk/quantum/GlassScene')}
  0x0000017ac3029ca8: 49ba 88ba | 4eda 7a01 | 0000 4c89 | 5424 0848 | c704 24ff 

  0x0000017ac3029cbc: ;   {runtime_call C1 Runtime counter_overflow_blob}
  0x0000017ac3029cbc: ffff ffe8 

  0x0000017ac3029cc0: ; ImmutableOopMap {rdx=Oop r8=Oop [232]=Oop }
                      ;*synchronization entry
                      ; - com.sun.javafx.tk.quantum.GlassScene::setPainting@-1 (line 293)
                      ; - com.sun.javafx.tk.quantum.PresentingPainter::run@578 (line 124)
  0x0000017ac3029cc0: 9c28 ac06 | e980 cfff 

  0x0000017ac3029cc8: ;   {runtime_call C1 Runtime throw_null_pointer_exception_blob}
  0x0000017ac3029cc8: ffe8 12cd 

  0x0000017ac3029ccc: ; ImmutableOopMap {rdx=Oop rbx=Oop [232]=Oop }
                      ;*invokevirtual getAndSet {reexecute=0 rethrow=0 return_oop=0}
                      ; - com.sun.javafx.tk.quantum.GlassScene::setPainting@5 (line 293)
                      ; - com.sun.javafx.tk.quantum.PresentingPainter::run@578 (line 124)
                      ;   {metadata({method} {0x0000017ada0e7318} 'getAndSet' '(Z)Z' in 'java/util/concurrent/atomic/AtomicBoolean')}
  0x0000017ac3029ccc: ab06 49ba | 1073 0eda | 7a01 0000 | 4c89 5424 | 0848 c704 | 24ff ffff 

  0x0000017ac3029ce4: ;   {runtime_call C1 Runtime counter_overflow_blob}
  0x0000017ac3029ce4: ffe8 7628 

  0x0000017ac3029ce8: ; ImmutableOopMap {rdx=Oop rbx=Oop [232]=Oop }
                      ;*synchronization entry
                      ; - java.util.concurrent.atomic.AtomicBoolean::getAndSet@-1 (line 171)
                      ; - com.sun.javafx.tk.quantum.GlassScene::setPainting@5 (line 293)
                      ; - com.sun.javafx.tk.quantum.PresentingPainter::run@578 (line 124)
  0x0000017ac3029ce8: ac06 e91e 

  0x0000017ac3029cec: ;   {metadata({method} {0x000000003d28f1b0} 'guard_LI_I' '(Ljava/lang/invoke/VarHandle;Ljava/lang/Object;ILjava/lang/invoke/VarHandle$AccessDescriptor;)I' in 'java/lang/invoke/VarHandleGuards')}
  0x0000017ac3029cec: d0ff ff49 | baa8 f128 | 3d00 0000 | 004c 8954 | 2408 48c7 | 0424 ffff 

  0x0000017ac3029d04: ;   {runtime_call C1 Runtime counter_overflow_blob}
  0x0000017ac3029d04: ffff e855 

  0x0000017ac3029d08: ; ImmutableOopMap {rdx=Oop rbx=Oop [232]=Oop }
                      ;*synchronization entry
                      ; - java.lang.invoke.VarHandleGuards::guard_LI_I@-1 (line 183)
                      ; - java.util.concurrent.atomic.AtomicBoolean::getAndSet@13 (line 171)
                      ; - com.sun.javafx.tk.quantum.GlassScene::setPainting@5 (line 293)
                      ; - com.sun.javafx.tk.quantum.PresentingPainter::run@578 (line 124)
  0x0000017ac3029d08: 28ac 06e9 | 49d0 ffff 

  0x0000017ac3029d10: ;   {metadata({method} {0x000000003d207d48} 'checkAccessModeThenIsDirect' '(Ljava/lang/invoke/VarHandle$AccessDescriptor;)Z' in 'java/lang/invoke/VarHandle')}
  0x0000017ac3029d10: 49ba 407d | 203d 0000 | 0000 4c89 | 5424 0848 | c704 24ff 

  0x0000017ac3029d24: ;   {runtime_call C1 Runtime counter_overflow_blob}
  0x0000017ac3029d24: ffff ffe8 

  0x0000017ac3029d28: ; ImmutableOopMap {rdx=Oop rbx=Oop [232]=Oop }
                      ;*synchronization entry
                      ; - java.lang.invoke.VarHandle::checkAccessModeThenIsDirect@-1 (line 2099)
                      ; - java.lang.invoke.VarHandleGuards::guard_LI_I@2 (line 183)
                      ; - java.util.concurrent.atomic.AtomicBoolean::getAndSet@13 (line 171)
                      ; - com.sun.javafx.tk.quantum.GlassScene::setPainting@5 (line 293)
                      ; - com.sun.javafx.tk.quantum.PresentingPainter::run@578 (line 124)
  0x0000017ac3029d28: 3428 ac06 | e9e8 d0ff 

  0x0000017ac3029d30: ;   {metadata({method} {0x000000003d28e928} 'getMemberName' '(I)Ljava/lang/invoke/MemberName;' in 'java/lang/invoke/VarForm')}
  0x0000017ac3029d30: ff49 ba20 | e928 3d00 | 0000 004c | 8954 2408 | 48c7 0424 | ffff ffff 

  0x0000017ac3029d48: ;   {runtime_call C1 Runtime counter_overflow_blob}
  0x0000017ac3029d48: e813 28ac 

  0x0000017ac3029d4c: ; ImmutableOopMap {rdx=Oop rbx=Oop [232]=Oop }
                      ;*synchronization entry
                      ; - java.lang.invoke.VarForm::getMemberName@-1 (line 136)
                      ; - java.lang.invoke.VarHandleGuards::guard_LI_I@42 (line 185)
                      ; - java.util.concurrent.atomic.AtomicBoolean::getAndSet@13 (line 171)
                      ; - com.sun.javafx.tk.quantum.GlassScene::setPainting@5 (line 293)
                      ; - com.sun.javafx.tk.quantum.PresentingPainter::run@578 (line 124)
  0x0000017ac3029d4c: 06e9 bad1 

  0x0000017ac3029d50: ;   {metadata({method} {0x0000017ada0ea050} 'getAndSet' '(Ljava/lang/invoke/VarHandle;Ljava/lang/Object;I)I' in 'java/lang/invoke/VarHandleInts$FieldInstanceReadWrite')}
  0x0000017ac3029d50: ffff 49ba | 48a0 0eda | 7a01 0000 | 4c89 5424 | 0848 c704 | 24ff ffff 

  0x0000017ac3029d68: ;   {runtime_call C1 Runtime counter_overflow_blob}
  0x0000017ac3029d68: ffe8 f227 

  0x0000017ac3029d6c: ; ImmutableOopMap {rdx=Oop rbx=Oop [232]=Oop }
                      ;*synchronization entry
                      ; - java.lang.invoke.VarHandleInts$FieldInstanceReadWrite::getAndSet@-1 (line 249)
                      ; - java.lang.invoke.VarHandleGuards::guard_LI_I@45 (line 185)
                      ; - java.util.concurrent.atomic.AtomicBoolean::getAndSet@13 (line 171)
                      ; - com.sun.javafx.tk.quantum.GlassScene::setPainting@5 (line 293)
                      ; - com.sun.javafx.tk.quantum.PresentingPainter::run@578 (line 124)
  0x0000017ac3029d6c: ac06 e9e5 

  0x0000017ac3029d70: ;   {metadata({method} {0x000000003d197b50} 'cast' '(Ljava/lang/Object;)Ljava/lang/Object;' in 'java/lang/Class')}
  0x0000017ac3029d70: d1ff ff49 | ba48 7b19 | 3d00 0000 | 004c 8954 | 2408 48c7 | 0424 ffff 

  0x0000017ac3029d88: ;   {runtime_call C1 Runtime counter_overflow_blob}
  0x0000017ac3029d88: ffff e8d1 

  0x0000017ac3029d8c: ; ImmutableOopMap {rdx=Oop rbx=Oop [232]=Oop }
                      ;*synchronization entry
                      ; - java.lang.Class::cast@-1 (line 3491)
                      ; - java.lang.invoke.VarHandleInts$FieldInstanceReadWrite::getAndSet@13 (line 250)
                      ; - java.lang.invoke.VarHandleGuards::guard_LI_I@45 (line 185)
                      ; - java.util.concurrent.atomic.AtomicBoolean::getAndSet@13 (line 171)
                      ; - com.sun.javafx.tk.quantum.GlassScene::setPainting@5 (line 293)
                      ; - com.sun.javafx.tk.quantum.PresentingPainter::run@578 (line 124)
  0x0000017ac3029d8c: 27ac 06e9 | 84d2 ffff 

  0x0000017ac3029d94: ;   {metadata({method} {0x000000003d45aa48} 'requireNonNull' '(Ljava/lang/Object;)Ljava/lang/Object;' in 'java/util/Objects')}
  0x0000017ac3029d94: 49ba 40aa | 453d 0000 | 0000 4c89 | 5424 0848 | c704 24ff 

  0x0000017ac3029da8: ;   {runtime_call C1 Runtime counter_overflow_blob}
  0x0000017ac3029da8: ffff ffe8 

  0x0000017ac3029dac: ; ImmutableOopMap {rdx=Oop rbx=Oop [232]=Oop }
                      ;*synchronization entry
                      ; - java.util.Objects::requireNonNull@-1 (line 219)
                      ; - java.lang.invoke.VarHandleInts$FieldInstanceReadWrite::getAndSet@16 (line 250)
                      ; - java.lang.invoke.VarHandleGuards::guard_LI_I@45 (line 185)
                      ; - java.util.concurrent.atomic.AtomicBoolean::getAndSet@13 (line 171)
                      ; - com.sun.javafx.tk.quantum.GlassScene::setPainting@5 (line 293)
                      ; - com.sun.javafx.tk.quantum.PresentingPainter::run@578 (line 124)
  0x0000017ac3029dac: b027 ac06 | e9c4 d3ff 

  0x0000017ac3029db4: ;   {runtime_call C1 Runtime throw_incompatible_class_change_error_blob}
  0x0000017ac3029db4: ffe8 26f3 

  0x0000017ac3029db8: ; ImmutableOopMap {r8=Oop }
                      ;*invokeinterface getTextureResourcePool {reexecute=0 rethrow=0 return_oop=0}
                      ; - com.sun.javafx.tk.quantum.PresentingPainter::run@593 (line 127)
                      ;   {runtime_call C1 Runtime throw_null_pointer_exception_blob}
  0x0000017ac3029db8: ab06 e821 

  0x0000017ac3029dbc: ; ImmutableOopMap {r8=Oop }
                      ;*invokeinterface getTextureResourcePool {reexecute=0 rethrow=0 return_oop=0}
                      ; - com.sun.javafx.tk.quantum.PresentingPainter::run@593 (line 127)
                      ;   {metadata({method} {0x0000017ada4daca8} 'getTextureResourcePool' '()Lcom/sun/prism/impl/TextureResourcePool;' in 'com/sun/prism/d3d/D3DResourceFactory')}
  0x0000017ac3029dbc: ccab 0649 | baa0 ac4d | da7a 0100 | 004c 8954 | 2408 48c7 | 0424 ffff 

  0x0000017ac3029dd4: ;   {runtime_call C1 Runtime counter_overflow_blob}
  0x0000017ac3029dd4: ffff e885 

  0x0000017ac3029dd8: ; ImmutableOopMap {}
                      ;*synchronization entry
                      ; - com.sun.prism.d3d.D3DResourceFactory::getTextureResourcePool@-1 (line 95)
                      ; - com.sun.javafx.tk.quantum.PresentingPainter::run@593 (line 127)
  0x0000017ac3029dd8: 27ac 06e9 | d8d4 ffff 

  0x0000017ac3029de0: ;   {metadata({method} {0x000000003d1d9bd0} 'unlock' '()V' in 'java/util/concurrent/locks/ReentrantLock')}
  0x0000017ac3029de0: 49ba c89b | 1d3d 0000 | 0000 4c89 | 5424 0848 | c704 24ff 

  0x0000017ac3029df4: ;   {runtime_call C1 Runtime counter_overflow_blob}
  0x0000017ac3029df4: ffff ffe8 

  0x0000017ac3029df8: ; ImmutableOopMap {r8=Oop }
                      ;*synchronization entry
                      ; - java.util.concurrent.locks.ReentrantLock::unlock@-1 (line 495)
                      ; - com.sun.javafx.tk.quantum.PresentingPainter::run@607 (line 130)
  0x0000017ac3029df8: 6427 ac06 | e92b d6ff 

  0x0000017ac3029e00: ;   {runtime_call C1 Runtime throw_null_pointer_exception_blob}
  0x0000017ac3029e00: ffe8 dacb 

  0x0000017ac3029e04: ; ImmutableOopMap {rsi=Oop }
                      ;*invokevirtual release {reexecute=0 rethrow=0 return_oop=0}
                      ; - java.util.concurrent.locks.ReentrantLock::unlock@5 (line 495)
                      ; - com.sun.javafx.tk.quantum.PresentingPainter::run@607 (line 130)
                      ;   {metadata({method} {0x000000003d2d1e60} 'release' '(I)Z' in 'java/util/concurrent/locks/AbstractQueuedSynchronizer')}
  0x0000017ac3029e04: ab06 49ba | 581e 2d3d | 0000 0000 | 4c89 5424 | 0848 c704 | 24ff ffff 

  0x0000017ac3029e1c: ;   {runtime_call C1 Runtime counter_overflow_blob}
  0x0000017ac3029e1c: ffe8 3e27 

  0x0000017ac3029e20: ; ImmutableOopMap {rsi=Oop }
                      ;*synchronization entry
                      ; - java.util.concurrent.locks.AbstractQueuedSynchronizer::release@-1 (line 1099)
                      ; - java.util.concurrent.locks.ReentrantLock::unlock@5 (line 495)
                      ; - com.sun.javafx.tk.quantum.PresentingPainter::run@607 (line 130)
  0x0000017ac3029e20: ac06 e9c9 

  0x0000017ac3029e24: ;   {runtime_call C1 Runtime throw_null_pointer_exception_blob}
  0x0000017ac3029e24: d6ff ffe8 

  0x0000017ac3029e28: ; ImmutableOopMap {rdx=Oop r8=Oop [232]=Oop [520]=Oop }
                      ;*invokevirtual unlock {reexecute=0 rethrow=0 return_oop=0}
                      ; - com.sun.javafx.tk.quantum.PresentingPainter::run@626 (line 120)
  0x0000017ac3029e28: b4cb ab06 

  0x0000017ac3029e2c: ;   {metadata({method} {0x0000017ada9a3998} 'unlock' '()V' in 'com/sun/prism/PresentableState')}
  0x0000017ac3029e2c: 49ba 9039 | 9ada 7a01 | 0000 4c89 | 5424 0848 | c704 24ff 

  0x0000017ac3029e40: ;   {runtime_call C1 Runtime counter_overflow_blob}
  0x0000017ac3029e40: ffff ffe8 

  0x0000017ac3029e44: ; ImmutableOopMap {rdx=Oop r8=Oop [232]=Oop [520]=Oop }
                      ;*synchronization entry
                      ; - com.sun.prism.PresentableState::unlock@-1 (line 296)
                      ; - com.sun.javafx.tk.quantum.PresentingPainter::run@626 (line 120)
  0x0000017ac3029e44: 1827 ac06 | e90b d9ff 

  0x0000017ac3029e4c: ;   {runtime_call C1 Runtime throw_null_pointer_exception_blob}
  0x0000017ac3029e4c: ffe8 8ecb 

  0x0000017ac3029e50: ; ImmutableOopMap {rdx=Oop rbx=Oop [232]=Oop [520]=Oop }
                      ;*invokevirtual unlock {reexecute=0 rethrow=0 return_oop=0}
                      ; - com.sun.prism.PresentableState::unlock@11 (line 296)
                      ; - com.sun.javafx.tk.quantum.PresentingPainter::run@626 (line 120)
                      ;   {metadata({method} {0x0000017ada4f9778} 'unlock' '()V' in 'com/sun/glass/ui/View')}
  0x0000017ac3029e50: ab06 49ba | 7097 4fda | 7a01 0000 | 4c89 5424 | 0848 c704 | 24ff ffff 

  0x0000017ac3029e68: ;   {runtime_call C1 Runtime counter_overflow_blob}
  0x0000017ac3029e68: ffe8 f226 

  0x0000017ac3029e6c: ; ImmutableOopMap {rdx=Oop rbx=Oop [232]=Oop [520]=Oop }
                      ;*synchronization entry
                      ; - com.sun.glass.ui.View::unlock@-1 (line 741)
                      ; - com.sun.prism.PresentableState::unlock@11 (line 296)
                      ; - com.sun.javafx.tk.quantum.PresentingPainter::run@626 (line 120)
  0x0000017ac3029e6c: ac06 e9d4 

  0x0000017ac3029e70: ;   {metadata({method} {0x0000017ada4f7860} 'checkNotClosed' '()V' in 'com/sun/glass/ui/View')}
  0x0000017ac3029e70: d9ff ff49 | ba58 784f | da7a 0100 | 004c 8954 | 2408 48c7 | 0424 ffff 

  0x0000017ac3029e88: ;   {runtime_call C1 Runtime counter_overflow_blob}
  0x0000017ac3029e88: ffff e8d1 

  0x0000017ac3029e8c: ; ImmutableOopMap {rdx=Oop rbx=Oop [232]=Oop [520]=Oop }
                      ;*synchronization entry
                      ; - com.sun.glass.ui.View::checkNotClosed@-1 (line 434)
                      ; - com.sun.glass.ui.View::unlock@1 (line 741)
                      ; - com.sun.prism.PresentableState::unlock@11 (line 296)
                      ; - com.sun.javafx.tk.quantum.PresentingPainter::run@626 (line 120)
  0x0000017ac3029e8c: 26ac 06e9 | f1d9 ffff 

  0x0000017ac3029e94: ;   {runtime_call C1 Runtime throw_null_pointer_exception_blob}
  0x0000017ac3029e94: e847 cbab 

  0x0000017ac3029e98: ; ImmutableOopMap {rdx=Oop r8=Oop [232]=Oop [520]=Oop }
                      ;*invokevirtual getScene {reexecute=0 rethrow=0 return_oop=0}
                      ; - com.sun.javafx.tk.quantum.PresentingPainter::run@633 (line 123)
  0x0000017ac3029e98: 064c 8904 

  0x0000017ac3029e9c: ;   {runtime_call C1 Runtime throw_class_cast_exception_blob}
  0x0000017ac3029e9c: 24e8 3eef 

  0x0000017ac3029ea0: ; ImmutableOopMap {rdx=Oop [232]=Oop [520]=Oop }
                      ;*checkcast {reexecute=0 rethrow=0 return_oop=0}
                      ; - com.sun.javafx.tk.quantum.PresentingPainter::run@636 (line 123)
                      ;   {runtime_call C1 Runtime throw_null_pointer_exception_blob}
  0x0000017ac3029ea0: ab06 e839 

  0x0000017ac3029ea4: ; ImmutableOopMap {rdx=Oop r8=Oop [232]=Oop [520]=Oop }
                      ;*invokevirtual setPainting {reexecute=0 rethrow=0 return_oop=0}
                      ; - com.sun.javafx.tk.quantum.PresentingPainter::run@644 (line 124)
                      ;   {metadata({method} {0x0000017ada4eba90} 'setPainting' '(Z)Z' in 'com/sun/javafx/tk/quantum/GlassScene')}
  0x0000017ac3029ea4: cbab 0649 | ba88 ba4e | da7a 0100 | 004c 8954 | 2408 48c7 | 0424 ffff 

  0x0000017ac3029ebc: ;   {runtime_call C1 Runtime counter_overflow_blob}
  0x0000017ac3029ebc: ffff e89d 

  0x0000017ac3029ec0: ; ImmutableOopMap {rdx=Oop r8=Oop [232]=Oop [520]=Oop }
                      ;*synchronization entry
                      ; - com.sun.javafx.tk.quantum.GlassScene::setPainting@-1 (line 293)
                      ; - com.sun.javafx.tk.quantum.PresentingPainter::run@644 (line 124)
  0x0000017ac3029ec0: 26ac 06e9 | f1db ffff 

  0x0000017ac3029ec8: ;   {runtime_call C1 Runtime throw_null_pointer_exception_blob}
  0x0000017ac3029ec8: e813 cbab 

  0x0000017ac3029ecc: ; ImmutableOopMap {rdx=Oop rbx=Oop [232]=Oop [520]=Oop }
                      ;*invokevirtual getAndSet {reexecute=0 rethrow=0 return_oop=0}
                      ; - com.sun.javafx.tk.quantum.GlassScene::setPainting@5 (line 293)
                      ; - com.sun.javafx.tk.quantum.PresentingPainter::run@644 (line 124)
                      ;   {metadata({method} {0x0000017ada0e7318} 'getAndSet' '(Z)Z' in 'java/util/concurrent/atomic/AtomicBoolean')}
  0x0000017ac3029ecc: 0649 ba10 | 730e da7a | 0100 004c | 8954 2408 | 48c7 0424 | ffff ffff 

  0x0000017ac3029ee4: ;   {runtime_call C1 Runtime counter_overflow_blob}
  0x0000017ac3029ee4: e877 26ac 

  0x0000017ac3029ee8: ; ImmutableOopMap {rdx=Oop rbx=Oop [232]=Oop [520]=Oop }
                      ;*synchronization entry
                      ; - java.util.concurrent.atomic.AtomicBoolean::getAndSet@-1 (line 171)
                      ; - com.sun.javafx.tk.quantum.GlassScene::setPainting@5 (line 293)
                      ; - com.sun.javafx.tk.quantum.PresentingPainter::run@644 (line 124)
  0x0000017ac3029ee8: 06e9 8fdc 

  0x0000017ac3029eec: ;   {metadata({method} {0x000000003d28f1b0} 'guard_LI_I' '(Ljava/lang/invoke/VarHandle;Ljava/lang/Object;ILjava/lang/invoke/VarHandle$AccessDescriptor;)I' in 'java/lang/invoke/VarHandleGuards')}
  0x0000017ac3029eec: ffff 49ba | a8f1 283d | 0000 0000 | 4c89 5424 | 0848 c704 | 24ff ffff 

  0x0000017ac3029f04: ;   {runtime_call C1 Runtime counter_overflow_blob}
  0x0000017ac3029f04: ffe8 5626 

  0x0000017ac3029f08: ; ImmutableOopMap {rdx=Oop rbx=Oop [232]=Oop [520]=Oop }
                      ;*synchronization entry
                      ; - java.lang.invoke.VarHandleGuards::guard_LI_I@-1 (line 183)
                      ; - java.util.concurrent.atomic.AtomicBoolean::getAndSet@13 (line 171)
                      ; - com.sun.javafx.tk.quantum.GlassScene::setPainting@5 (line 293)
                      ; - com.sun.javafx.tk.quantum.PresentingPainter::run@644 (line 124)
  0x0000017ac3029f08: ac06 e9ba 

  0x0000017ac3029f0c: ;   {metadata({method} {0x000000003d207d48} 'checkAccessModeThenIsDirect' '(Ljava/lang/invoke/VarHandle$AccessDescriptor;)Z' in 'java/lang/invoke/VarHandle')}
  0x0000017ac3029f0c: dcff ff49 | ba40 7d20 | 3d00 0000 | 004c 8954 | 2408 48c7 | 0424 ffff 

  0x0000017ac3029f24: ;   {runtime_call C1 Runtime counter_overflow_blob}
  0x0000017ac3029f24: ffff e835 

  0x0000017ac3029f28: ; ImmutableOopMap {rdx=Oop rbx=Oop [232]=Oop [520]=Oop }
                      ;*synchronization entry
                      ; - java.lang.invoke.VarHandle::checkAccessModeThenIsDirect@-1 (line 2099)
                      ; - java.lang.invoke.VarHandleGuards::guard_LI_I@2 (line 183)
                      ; - java.util.concurrent.atomic.AtomicBoolean::getAndSet@13 (line 171)
                      ; - com.sun.javafx.tk.quantum.GlassScene::setPainting@5 (line 293)
                      ; - com.sun.javafx.tk.quantum.PresentingPainter::run@644 (line 124)
  0x0000017ac3029f28: 26ac 06e9 | 59dd ffff 

  0x0000017ac3029f30: ;   {metadata({method} {0x000000003d28e928} 'getMemberName' '(I)Ljava/lang/invoke/MemberName;' in 'java/lang/invoke/VarForm')}
  0x0000017ac3029f30: 49ba 20e9 | 283d 0000 | 0000 4c89 | 5424 0848 | c704 24ff 

  0x0000017ac3029f44: ;   {runtime_call C1 Runtime counter_overflow_blob}
  0x0000017ac3029f44: ffff ffe8 

  0x0000017ac3029f48: ; ImmutableOopMap {rdx=Oop rbx=Oop [232]=Oop [520]=Oop }
                      ;*synchronization entry
                      ; - java.lang.invoke.VarForm::getMemberName@-1 (line 136)
                      ; - java.lang.invoke.VarHandleGuards::guard_LI_I@42 (line 185)
                      ; - java.util.concurrent.atomic.AtomicBoolean::getAndSet@13 (line 171)
                      ; - com.sun.javafx.tk.quantum.GlassScene::setPainting@5 (line 293)
                      ; - com.sun.javafx.tk.quantum.PresentingPainter::run@644 (line 124)
  0x0000017ac3029f48: 1426 ac06 | e92b deff 

  0x0000017ac3029f50: ;   {metadata({method} {0x0000017ada0ea050} 'getAndSet' '(Ljava/lang/invoke/VarHandle;Ljava/lang/Object;I)I' in 'java/lang/invoke/VarHandleInts$FieldInstanceReadWrite')}
  0x0000017ac3029f50: ff49 ba48 | a00e da7a | 0100 004c | 8954 2408 | 48c7 0424 | ffff ffff 

  0x0000017ac3029f68: ;   {runtime_call C1 Runtime counter_overflow_blob}
  0x0000017ac3029f68: e8f3 25ac 

  0x0000017ac3029f6c: ; ImmutableOopMap {rdx=Oop rbx=Oop [232]=Oop [520]=Oop }
                      ;*synchronization entry
                      ; - java.lang.invoke.VarHandleInts$FieldInstanceReadWrite::getAndSet@-1 (line 249)
                      ; - java.lang.invoke.VarHandleGuards::guard_LI_I@45 (line 185)
                      ; - java.util.concurrent.atomic.AtomicBoolean::getAndSet@13 (line 171)
                      ; - com.sun.javafx.tk.quantum.GlassScene::setPainting@5 (line 293)
                      ; - com.sun.javafx.tk.quantum.PresentingPainter::run@644 (line 124)
  0x0000017ac3029f6c: 06e9 56de 

  0x0000017ac3029f70: ;   {metadata({method} {0x000000003d197b50} 'cast' '(Ljava/lang/Object;)Ljava/lang/Object;' in 'java/lang/Class')}
  0x0000017ac3029f70: ffff 49ba | 487b 193d | 0000 0000 | 4c89 5424 | 0848 c704 | 24ff ffff 

  0x0000017ac3029f88: ;   {runtime_call C1 Runtime counter_overflow_blob}
  0x0000017ac3029f88: ffe8 d225 

  0x0000017ac3029f8c: ; ImmutableOopMap {rdx=Oop rbx=Oop [232]=Oop [520]=Oop }
                      ;*synchronization entry
                      ; - java.lang.Class::cast@-1 (line 3491)
                      ; - java.lang.invoke.VarHandleInts$FieldInstanceReadWrite::getAndSet@13 (line 250)
                      ; - java.lang.invoke.VarHandleGuards::guard_LI_I@45 (line 185)
                      ; - java.util.concurrent.atomic.AtomicBoolean::getAndSet@13 (line 171)
                      ; - com.sun.javafx.tk.quantum.GlassScene::setPainting@5 (line 293)
                      ; - com.sun.javafx.tk.quantum.PresentingPainter::run@644 (line 124)
  0x0000017ac3029f8c: ac06 e9f5 

  0x0000017ac3029f90: ;   {metadata({method} {0x000000003d45aa48} 'requireNonNull' '(Ljava/lang/Object;)Ljava/lang/Object;' in 'java/util/Objects')}
  0x0000017ac3029f90: deff ff49 | ba40 aa45 | 3d00 0000 | 004c 8954 | 2408 48c7 | 0424 ffff 

  0x0000017ac3029fa8: ;   {runtime_call C1 Runtime counter_overflow_blob}
  0x0000017ac3029fa8: ffff e8b1 

  0x0000017ac3029fac: ; ImmutableOopMap {rdx=Oop rbx=Oop [232]=Oop [520]=Oop }
                      ;*synchronization entry
                      ; - java.util.Objects::requireNonNull@-1 (line 219)
                      ; - java.lang.invoke.VarHandleInts$FieldInstanceReadWrite::getAndSet@16 (line 250)
                      ; - java.lang.invoke.VarHandleGuards::guard_LI_I@45 (line 185)
                      ; - java.util.concurrent.atomic.AtomicBoolean::getAndSet@13 (line 171)
                      ; - com.sun.javafx.tk.quantum.GlassScene::setPainting@5 (line 293)
                      ; - com.sun.javafx.tk.quantum.PresentingPainter::run@644 (line 124)
  0x0000017ac3029fac: 25ac 06e9 | 35e0 ffff 

  0x0000017ac3029fb4: ;   {runtime_call C1 Runtime throw_incompatible_class_change_error_blob}
  0x0000017ac3029fb4: e827 f1ab 

  0x0000017ac3029fb8: ; ImmutableOopMap {r8=Oop [520]=Oop }
                      ;*invokeinterface getTextureResourcePool {reexecute=0 rethrow=0 return_oop=0}
                      ; - com.sun.javafx.tk.quantum.PresentingPainter::run@659 (line 127)
                      ;   {runtime_call C1 Runtime throw_null_pointer_exception_blob}
  0x0000017ac3029fb8: 06e8 22ca 

  0x0000017ac3029fbc: ; ImmutableOopMap {r8=Oop [520]=Oop }
                      ;*invokeinterface getTextureResourcePool {reexecute=0 rethrow=0 return_oop=0}
                      ; - com.sun.javafx.tk.quantum.PresentingPainter::run@659 (line 127)
                      ;   {metadata({method} {0x0000017ada4daca8} 'getTextureResourcePool' '()Lcom/sun/prism/impl/TextureResourcePool;' in 'com/sun/prism/d3d/D3DResourceFactory')}
  0x0000017ac3029fbc: ab06 49ba | a0ac 4dda | 7a01 0000 | 4c89 5424 | 0848 c704 | 24ff ffff 

  0x0000017ac3029fd4: ;   {runtime_call C1 Runtime counter_overflow_blob}
  0x0000017ac3029fd4: ffe8 8625 

  0x0000017ac3029fd8: ; ImmutableOopMap {[520]=Oop }
                      ;*synchronization entry
                      ; - com.sun.prism.d3d.D3DResourceFactory::getTextureResourcePool@-1 (line 95)
                      ; - com.sun.javafx.tk.quantum.PresentingPainter::run@659 (line 127)
  0x0000017ac3029fd8: ac06 e949 

  0x0000017ac3029fdc: ;   {metadata({method} {0x000000003d1d9bd0} 'unlock' '()V' in 'java/util/concurrent/locks/ReentrantLock')}
  0x0000017ac3029fdc: e1ff ff49 | bac8 9b1d | 3d00 0000 | 004c 8954 | 2408 48c7 | 0424 ffff 

  0x0000017ac3029ff4: ;   {runtime_call C1 Runtime counter_overflow_blob}
  0x0000017ac3029ff4: ffff e865 

  0x0000017ac3029ff8: ; ImmutableOopMap {r8=Oop [520]=Oop }
                      ;*synchronization entry
                      ; - java.util.concurrent.locks.ReentrantLock::unlock@-1 (line 495)
                      ; - com.sun.javafx.tk.quantum.PresentingPainter::run@673 (line 130)
  0x0000017ac3029ff8: 25ac 06e9 | 9ce2 ffff 

  0x0000017ac302a000: ;   {runtime_call C1 Runtime throw_null_pointer_exception_blob}
  0x0000017ac302a000: e8db c9ab 

  0x0000017ac302a004: ; ImmutableOopMap {rsi=Oop [520]=Oop }
                      ;*invokevirtual release {reexecute=0 rethrow=0 return_oop=0}
                      ; - java.util.concurrent.locks.ReentrantLock::unlock@5 (line 495)
                      ; - com.sun.javafx.tk.quantum.PresentingPainter::run@673 (line 130)
                      ;   {metadata({method} {0x000000003d2d1e60} 'release' '(I)Z' in 'java/util/concurrent/locks/AbstractQueuedSynchronizer')}
  0x0000017ac302a004: 0649 ba58 | 1e2d 3d00 | 0000 004c | 8954 2408 | 48c7 0424 | ffff ffff 

  0x0000017ac302a01c: ;   {runtime_call C1 Runtime counter_overflow_blob}
  0x0000017ac302a01c: e83f 25ac 

  0x0000017ac302a020: ; ImmutableOopMap {rsi=Oop [520]=Oop }
                      ;*synchronization entry
                      ; - java.util.concurrent.locks.AbstractQueuedSynchronizer::release@-1 (line 1099)
                      ; - java.util.concurrent.locks.ReentrantLock::unlock@5 (line 495)
                      ; - com.sun.javafx.tk.quantum.PresentingPainter::run@673 (line 130)
  0x0000017ac302a020: 06e9 3ae3 

  0x0000017ac302a024: ;   {internal_word}
  0x0000017ac302a024: ffff 49ba | 9884 02c3 | 7a01 0000 | 4d89 97e0 

  0x0000017ac302a034: ;   {runtime_call SafepointBlob}
  0x0000017ac302a034: 0400 00e9 | 246f 9f06 

  0x0000017ac302a03c: ;   {metadata(nullptr)}
  0x0000017ac302a03c: 48ba 0000 | 0000 0000 | 0000 b800 

  0x0000017ac302a048: ;   {runtime_call C1 Runtime load_klass_patching_blob}
  0x0000017ac302a048: 0f05 0ae8 

  0x0000017ac302a04c: ; ImmutableOopMap {[232]=Oop [520]=Oop }
                      ;*new {reexecute=1 rethrow=0 return_oop=0}
                      ; - (reexecute) java.util.Objects::requireNonNull@4 (line 220)
                      ; - java.lang.invoke.VarHandleInts$FieldInstanceReadWrite::getAndSet@16 (line 250)
                      ; - java.lang.invoke.VarHandleGuards::guard_LI_I@45 (line 185)
                      ; - java.util.concurrent.atomic.AtomicBoolean::getAndSet@13 (line 171)
                      ; - com.sun.javafx.tk.quantum.GlassScene::setPainting@5 (line 293)
                      ; - com.sun.javafx.tk.quantum.PresentingPainter::run@644 (line 124)
  0x0000017ac302a04c: 9014 ac06 | e95b e4ff | ff48 8bd2 

  0x0000017ac302a058: ;   {runtime_call C1 Runtime fast_new_instance_blob}
  0x0000017ac302a058: e883 d2ab 

  0x0000017ac302a05c: ; ImmutableOopMap {[232]=Oop [520]=Oop }
                      ;*new {reexecute=0 rethrow=0 return_oop=0}
                      ; - java.util.Objects::requireNonNull@4 (line 220)
                      ; - java.lang.invoke.VarHandleInts$FieldInstanceReadWrite::getAndSet@16 (line 250)
                      ; - java.lang.invoke.VarHandleGuards::guard_LI_I@45 (line 185)
                      ; - java.util.concurrent.atomic.AtomicBoolean::getAndSet@13 (line 171)
                      ; - com.sun.javafx.tk.quantum.GlassScene::setPainting@5 (line 293)
                      ; - com.sun.javafx.tk.quantum.PresentingPainter::run@644 (line 124)
  0x0000017ac302a05c: 06e9 a6e4 

  0x0000017ac302a060: ;   {metadata(nullptr)}
  0x0000017ac302a060: ffff 48ba | 0000 0000 | 0000 0000 | b800 0f05 

  0x0000017ac302a070: ;   {runtime_call C1 Runtime load_klass_patching_blob}
  0x0000017ac302a070: 0ae8 6a14 

  0x0000017ac302a074: ; ImmutableOopMap {rbx=Oop [232]=Oop [520]=Oop }
                      ;*new {reexecute=1 rethrow=0 return_oop=0}
                      ; - (reexecute) java.lang.Class::cast@12 (line 3492)
                      ; - java.lang.invoke.VarHandleInts$FieldInstanceReadWrite::getAndSet@13 (line 250)
                      ; - java.lang.invoke.VarHandleGuards::guard_LI_I@45 (line 185)
                      ; - java.util.concurrent.atomic.AtomicBoolean::getAndSet@13 (line 171)
                      ; - com.sun.javafx.tk.quantum.GlassScene::setPainting@5 (line 293)
                      ; - com.sun.javafx.tk.quantum.PresentingPainter::run@644 (line 124)
  0x0000017ac302a074: ac06 e9d5 | e4ff ff48 

  0x0000017ac302a07c: ;   {runtime_call C1 Runtime fast_new_instance_blob}
  0x0000017ac302a07c: 8bd2 e85d 

  0x0000017ac302a080: ; ImmutableOopMap {rbx=Oop [232]=Oop [520]=Oop }
                      ;*new {reexecute=0 rethrow=0 return_oop=0}
                      ; - java.lang.Class::cast@12 (line 3492)
                      ; - java.lang.invoke.VarHandleInts$FieldInstanceReadWrite::getAndSet@13 (line 250)
                      ; - java.lang.invoke.VarHandleGuards::guard_LI_I@45 (line 185)
                      ; - java.util.concurrent.atomic.AtomicBoolean::getAndSet@13 (line 171)
                      ; - com.sun.javafx.tk.quantum.GlassScene::setPainting@5 (line 293)
                      ; - com.sun.javafx.tk.quantum.PresentingPainter::run@644 (line 124)
  0x0000017ac302a080: d2ab 06e9 | 1ce5 ffff 

  0x0000017ac302a088: ;   {metadata(nullptr)}
  0x0000017ac302a088: 48ba 0000 | 0000 0000 | 0000 b800 

  0x0000017ac302a094: ;   {runtime_call C1 Runtime load_klass_patching_blob}
  0x0000017ac302a094: 0f05 0ae8 

  0x0000017ac302a098: ; ImmutableOopMap {[232]=Oop [520]=Oop [560]=Oop }
                      ;*new {reexecute=1 rethrow=0 return_oop=0}
                      ; - (reexecute) com.sun.glass.ui.View::checkNotClosed@9 (line 435)
                      ; - com.sun.glass.ui.View::unlock@1 (line 741)
                      ; - com.sun.prism.PresentableState::unlock@11 (line 296)
                      ; - com.sun.javafx.tk.quantum.PresentingPainter::run@626 (line 120)
  0x0000017ac302a098: 4414 ac06 | e98f e5ff 

  0x0000017ac302a0a0: ;   {runtime_call C1 Runtime throw_null_pointer_exception_blob}
  0x0000017ac302a0a0: ffe8 3ac9 

  0x0000017ac302a0a4: ; ImmutableOopMap {[232]=Oop [520]=Oop [560]=Oop }
                      ;*new {reexecute=0 rethrow=0 return_oop=0}
                      ; - com.sun.glass.ui.View::checkNotClosed@9 (line 435)
                      ; - com.sun.glass.ui.View::unlock@1 (line 741)
                      ; - com.sun.prism.PresentableState::unlock@11 (line 296)
                      ; - com.sun.javafx.tk.quantum.PresentingPainter::run@626 (line 120)
  0x0000017ac302a0a4: ab06 488b 

  0x0000017ac302a0a8: ;   {runtime_call C1 Runtime fast_new_instance_init_check_blob}
  0x0000017ac302a0a8: d2e8 32d5 

  0x0000017ac302a0ac: ; ImmutableOopMap {[232]=Oop [520]=Oop [560]=Oop }
                      ;*new {reexecute=0 rethrow=0 return_oop=0}
                      ; - com.sun.glass.ui.View::checkNotClosed@9 (line 435)
                      ; - com.sun.glass.ui.View::unlock@1 (line 741)
                      ; - com.sun.prism.PresentableState::unlock@11 (line 296)
                      ; - com.sun.javafx.tk.quantum.PresentingPainter::run@626 (line 120)
  0x0000017ac302a0ac: ab06 e9de 

  0x0000017ac302a0b0: ;   {metadata(nullptr)}
  0x0000017ac302a0b0: e5ff ff48 | ba00 0000 | 0000 0000 | 00b8 000f 

  0x0000017ac302a0c0: ;   {runtime_call C1 Runtime load_klass_patching_blob}
  0x0000017ac302a0c0: 050a e819 

  0x0000017ac302a0c4: ; ImmutableOopMap {[232]=Oop }
                      ;*new {reexecute=1 rethrow=0 return_oop=0}
                      ; - (reexecute) java.util.Objects::requireNonNull@4 (line 220)
                      ; - java.lang.invoke.VarHandleInts$FieldInstanceReadWrite::getAndSet@16 (line 250)
                      ; - java.lang.invoke.VarHandleGuards::guard_LI_I@45 (line 185)
                      ; - java.util.concurrent.atomic.AtomicBoolean::getAndSet@13 (line 171)
                      ; - com.sun.javafx.tk.quantum.GlassScene::setPainting@5 (line 293)
                      ; - com.sun.javafx.tk.quantum.PresentingPainter::run@578 (line 124)
  0x0000017ac302a0c4: 14ac 06e9 | 14e6 ffff 

  0x0000017ac302a0cc: ;   {runtime_call C1 Runtime fast_new_instance_blob}
  0x0000017ac302a0cc: 488b d2e8 

  0x0000017ac302a0d0: ; ImmutableOopMap {[232]=Oop }
                      ;*new {reexecute=0 rethrow=0 return_oop=0}
                      ; - java.util.Objects::requireNonNull@4 (line 220)
                      ; - java.lang.invoke.VarHandleInts$FieldInstanceReadWrite::getAndSet@16 (line 250)
                      ; - java.lang.invoke.VarHandleGuards::guard_LI_I@45 (line 185)
                      ; - java.util.concurrent.atomic.AtomicBoolean::getAndSet@13 (line 171)
                      ; - com.sun.javafx.tk.quantum.GlassScene::setPainting@5 (line 293)
                      ; - com.sun.javafx.tk.quantum.PresentingPainter::run@578 (line 124)
  0x0000017ac302a0d0: 0cd2 ab06 | e95f e6ff 

  0x0000017ac302a0d8: ;   {metadata(nullptr)}
  0x0000017ac302a0d8: ff48 ba00 | 0000 0000 | 0000 00b8 | 000f 050a 

  0x0000017ac302a0e8: ;   {runtime_call C1 Runtime load_klass_patching_blob}
  0x0000017ac302a0e8: e8f3 13ac 

  0x0000017ac302a0ec: ; ImmutableOopMap {rbx=Oop [232]=Oop }
                      ;*new {reexecute=1 rethrow=0 return_oop=0}
                      ; - (reexecute) java.lang.Class::cast@12 (line 3492)
                      ; - java.lang.invoke.VarHandleInts$FieldInstanceReadWrite::getAndSet@13 (line 250)
                      ; - java.lang.invoke.VarHandleGuards::guard_LI_I@45 (line 185)
                      ; - java.util.concurrent.atomic.AtomicBoolean::getAndSet@13 (line 171)
                      ; - com.sun.javafx.tk.quantum.GlassScene::setPainting@5 (line 293)
                      ; - com.sun.javafx.tk.quantum.PresentingPainter::run@578 (line 124)
  0x0000017ac302a0ec: 06e9 8ee6 | ffff 488b 

  0x0000017ac302a0f4: ;   {runtime_call C1 Runtime fast_new_instance_blob}
  0x0000017ac302a0f4: d2e8 e6d1 

  0x0000017ac302a0f8: ; ImmutableOopMap {rbx=Oop [232]=Oop }
                      ;*new {reexecute=0 rethrow=0 return_oop=0}
                      ; - java.lang.Class::cast@12 (line 3492)
                      ; - java.lang.invoke.VarHandleInts$FieldInstanceReadWrite::getAndSet@13 (line 250)
                      ; - java.lang.invoke.VarHandleGuards::guard_LI_I@45 (line 185)
                      ; - java.util.concurrent.atomic.AtomicBoolean::getAndSet@13 (line 171)
                      ; - com.sun.javafx.tk.quantum.GlassScene::setPainting@5 (line 293)
                      ; - com.sun.javafx.tk.quantum.PresentingPainter::run@578 (line 124)
  0x0000017ac302a0f8: ab06 e9d5 

  0x0000017ac302a0fc: ;   {metadata(nullptr)}
  0x0000017ac302a0fc: e6ff ff48 | ba00 0000 | 0000 0000 | 00b8 000f 

  0x0000017ac302a10c: ;   {runtime_call C1 Runtime load_klass_patching_blob}
  0x0000017ac302a10c: 050a e8cd 

  0x0000017ac302a110: ; ImmutableOopMap {[232]=Oop [592]=Oop }
                      ;*new {reexecute=1 rethrow=0 return_oop=0}
                      ; - (reexecute) com.sun.glass.ui.View::checkNotClosed@9 (line 435)
                      ; - com.sun.glass.ui.View::unlock@1 (line 741)
                      ; - com.sun.prism.PresentableState::unlock@11 (line 296)
                      ; - com.sun.javafx.tk.quantum.PresentingPainter::run@560 (line 120)
  0x0000017ac302a110: 13ac 06e9 | 48e7 ffff 

  0x0000017ac302a118: ;   {runtime_call C1 Runtime throw_null_pointer_exception_blob}
  0x0000017ac302a118: e8c3 c8ab 

  0x0000017ac302a11c: ; ImmutableOopMap {[232]=Oop [592]=Oop }
                      ;*new {reexecute=0 rethrow=0 return_oop=0}
                      ; - com.sun.glass.ui.View::checkNotClosed@9 (line 435)
                      ; - com.sun.glass.ui.View::unlock@1 (line 741)
                      ; - com.sun.prism.PresentableState::unlock@11 (line 296)
                      ; - com.sun.javafx.tk.quantum.PresentingPainter::run@560 (line 120)
  0x0000017ac302a11c: 0648 8bd2 

  0x0000017ac302a120: ;   {runtime_call C1 Runtime fast_new_instance_init_check_blob}
  0x0000017ac302a120: e8bb d4ab 

  0x0000017ac302a124: ; ImmutableOopMap {[232]=Oop [592]=Oop }
                      ;*new {reexecute=0 rethrow=0 return_oop=0}
                      ; - com.sun.glass.ui.View::checkNotClosed@9 (line 435)
                      ; - com.sun.glass.ui.View::unlock@1 (line 741)
                      ; - com.sun.prism.PresentableState::unlock@11 (line 296)
                      ; - com.sun.javafx.tk.quantum.PresentingPainter::run@560 (line 120)
  0x0000017ac302a124: 06e9 97e7 | ffff c784 | 24f0 0100 | 0000 0000 | 00e9 2bc5 | ffff c784 | 2400 0200 | 0000 0000 
  0x0000017ac302a144: 00c7 8424 | f401 0000 | 0000 0000 | e9bb d4ff | ffc7 8424 | f001 0000 | 0000 0000 | e900 c5ff 
  0x0000017ac302a164: ffc7 8424 | 0002 0000 | 0000 0000 | c784 24f4 | 0100 0000 | 0000 00e9 | 90d4 ffff | c784 24f0 
  0x0000017ac302a184: 0100 0000 | 0000 00e9 | d5c4 ffff | c784 2400 | 0200 0000 | 0000 00c7 | 8424 f401 | 0000 0000 
  0x0000017ac302a1a4: 0000 e965 | d4ff ffc7 | 8424 f001 | 0000 0100 | 0000 e9aa | c4ff ffc7 | 8424 0002 | 0000 0000 
  0x0000017ac302a1c4: 0000 c784 | 24f4 0100 | 0001 0000 | 00e9 3ad4 | ffff c784 | 24f0 0100 | 0001 0000 | 00e9 7fc4 
  0x0000017ac302a1e4: ffff c784 | 2400 0200 | 0000 0000 | 00c7 8424 | f401 0000 | 0100 0000 | e90f d4ff | ffc7 8424 
  0x0000017ac302a204: f001 0000 | 0100 0000 | e954 c4ff | ffc7 8424 | 0002 0000 | 0000 0000 

  0x0000017ac302a21c: ;   {other}
  0x0000017ac302a21c: c784 24f4 | 0100 0001 | 0000 00e9 | e4d3 ffff | c784 24f0 | 0100 0001 | 0000 00e9 | 29c4 ffff 
  0x0000017ac302a23c: c784 2400 | 0200 0000 | 0000 00c7 | 8424 f401 | 0000 0100 | 0000 e9b9 | d3ff ffc7 | 8424 f001 
  0x0000017ac302a25c: 0000 0100 | 0000 e9fe | c3ff ffc7 | 8424 0002 | 0000 0000 | 0000 c784 | 24f4 0100 | 0001 0000 
  0x0000017ac302a27c: 00e9 8ed3 | ffff c784 | 24f0 0100 | 0001 0000 | 00e9 d3c3 | ffff c784 | 2400 0200 | 0000 0000 
  0x0000017ac302a29c: 00c7 8424 | f401 0000 | 0100 0000 | e963 d3ff | ffc7 8424 | f001 0000 | 0100 0000 | e9a8 c3ff 
  0x0000017ac302a2bc: ffc7 8424 | 0002 0000 | 0000 0000 | c784 24f4 | 0100 0001 | 0000 00e9 | 38d3 ffff | c784 24f0 
  0x0000017ac302a2dc: 0100 0001 | 0000 00e9 | 7dc3 ffff | c784 2400 | 0200 0000 | 0000 00c7 | 8424 f401 | 0000 0100 
  0x0000017ac302a2fc: 0000 e90d | d3ff ffc7 | 8424 f001 | 0000 0100 | 0000 e952 | c3ff ffc7 | 8424 0002 | 0000 0000 
  0x0000017ac302a31c: ;   {other}
  0x0000017ac302a31c: 0000 c784 | 24f4 0100 | 0001 0000 | 00e9 e2d2 | ffff c784 | 24f0 0100 | 0001 0000 | 00e9 27c3 
  0x0000017ac302a33c: ffff c784 | 2400 0200 | 0000 0000 | 00c7 8424 | f401 0000 | 0100 0000 | e9b7 d2ff | ffc7 8424 
  0x0000017ac302a35c: f001 0000 | 0100 0000 | e9fc c2ff | ffc7 8424 | 0002 0000 | 0000 0000 | c784 24f4 | 0100 0001 
  0x0000017ac302a37c: 0000 00e9 | 8cd2 ffff | c784 24f0 | 0100 0001 | 0000 00e9 | d1c2 ffff | c784 2400 | 0200 0000 
  0x0000017ac302a39c: 0000 00c7 | 8424 f401 | 0000 0100 | 0000 e961 | d2ff ffc7 | 8424 f001 | 0000 0100 | 0000 e9a6 
  0x0000017ac302a3bc: c2ff ffc7 | 8424 0002 | 0000 0000 | 0000 c784 | 24f4 0100 | 0001 0000 | 00e9 36d2 | ffff c784 
  0x0000017ac302a3dc: 24f0 0100 | 0001 0000 | 00e9 7bc2 | ffff c784 | 2400 0200 | 0000 0000 | 00c7 8424 | f401 0000 
  0x0000017ac302a3fc: 0100 0000 | e90b d2ff | ffc7 8424 | f001 0000 | 0100 0000 | e950 c2ff | ffc7 8424 | 0002 0000 
  0x0000017ac302a41c: ;   {other}
  0x0000017ac302a41c: 0000 0000 | c784 24f4 | 0100 0001 | 0000 00e9 | e0d1 ffff | c784 24f0 | 0100 0001 | 0000 00e9 
  0x0000017ac302a43c: 25c2 ffff | c784 2400 | 0200 0000 | 0000 00c7 | 8424 f401 | 0000 0100 | 0000 e9b5 | d1ff ffc7 
  0x0000017ac302a45c: 8424 f001 | 0000 0100 | 0000 e9fa | c1ff ffc7 | 8424 0002 | 0000 0000 | 0000 c784 | 24f4 0100 
  0x0000017ac302a47c: 0001 0000 | 00e9 8ad1 | ffff c784 | 24f0 0100 | 0001 0000 | 00e9 cfc1 | ffff c784 | 2400 0200 
  0x0000017ac302a49c: 0000 0000 | 00c7 8424 | f401 0000 | 0100 0000 | e95f d1ff | ffc7 8424 | f001 0000 | 0100 0000 
  0x0000017ac302a4bc: e9a4 c1ff | ffc7 8424 | 0002 0000 | 0000 0000 | c784 24f4 | 0100 0001 | 0000 00e9 | 34d1 ffff 
  0x0000017ac302a4dc: c784 24f0 | 0100 0001 | 0000 00e9 | 79c1 ffff | c784 2400 | 0200 0000 | 0000 00c7 | 8424 f401 
  0x0000017ac302a4fc: 0000 0100 | 0000 e909 | d1ff ffc7 | 8424 f001 | 0000 0100 | 0000 e94e | c1ff ffc7 | 8424 0002 
  0x0000017ac302a51c: ;   {other}
  0x0000017ac302a51c: 0000 0000 | 0000 c784 | 24f4 0100 | 0001 0000 | 00e9 ded0 | ffff c784 | 24f0 0100 | 0001 0000 
  0x0000017ac302a53c: 00e9 23c1 | ffff c784 | 2400 0200 | 0000 0000 | 00c7 8424 | f401 0000 | 0100 0000 | e9b3 d0ff 
  0x0000017ac302a55c: ffc7 8424 | f001 0000 | 0100 0000 | e9f8 c0ff | ffc7 8424 | 0002 0000 | 0000 0000 | c784 24f4 
  0x0000017ac302a57c: 0100 0001 | 0000 00e9 | 88d0 ffff | c784 24f0 | 0100 0001 | 0000 00e9 | cdc0 ffff | c784 2400 
  0x0000017ac302a59c: 0200 0000 | 0000 00c7 | 8424 f401 | 0000 0100 | 0000 e95d | d0ff ffc7 | 8424 f001 | 0000 0100 
  0x0000017ac302a5bc: 0000 e9a2 | c0ff ffc7 | 8424 0002 | 0000 0000 | 0000 c784 | 24f4 0100 | 0001 0000 | 00e9 32d0 
  0x0000017ac302a5dc: ffff c784 | 24f0 0100 | 0001 0000 | 00e9 77c0 | ffff c784 | 2400 0200 | 0000 0000 | 00c7 8424 
  0x0000017ac302a5fc: f401 0000 | 0100 0000 | e907 d0ff | ffc7 8424 | f001 0000 | 0100 0000 | e94c c0ff 

  0x0000017ac302a618: ;   {other}
  0x0000017ac302a618: ffc7 8424 | 0002 0000 | 0000 0000 | c784 24f4 | 0100 0001 | 0000 00e9 | dccf ffff | c784 24f0 
  0x0000017ac302a638: 0100 0001 | 0000 00e9 | 21c0 ffff | c784 2400 | 0200 0000 | 0000 00c7 | 8424 f401 | 0000 0100 
  0x0000017ac302a658: 0000 e9b1 | cfff ffc7 | 8424 f001 | 0000 0100 | 0000 e9f6 | bfff ffc7 | 8424 0002 | 0000 0000 
  0x0000017ac302a678: 0000 c784 | 24f4 0100 | 0001 0000 | 00e9 86cf | ffff c784 | 24f0 0100 | 0001 0000 | 00e9 cbbf 
  0x0000017ac302a698: ffff c784 | 2400 0200 | 0000 0000 | 00c7 8424 | f401 0000 | 0100 0000 | e95b cfff | ffc7 8424 
  0x0000017ac302a6b8: f001 0000 | 0000 0000 | e9a0 bfff | ffc7 8424 | 0002 0000 | 0000 0000 | c784 24f4 | 0100 0000 
  0x0000017ac302a6d8: 0000 00e9 | 30cf ffff | c784 24f0 | 0100 0000 | 0000 00e9 | 75bf ffff | c784 2400 | 0200 0000 
  0x0000017ac302a6f8: 0000 00c7 | 8424 f401 | 0000 0000 | 0000 e905 | cfff ffc7 | 8424 f001 | 0000 0100 | 0000 e94a 
  0x0000017ac302a718: ;   {other}
  0x0000017ac302a718: bfff ffc7 | 8424 0002 | 0000 0000 | 0000 c784 | 24f4 0100 | 0001 0000 | 00e9 dace | ffff c784 
  0x0000017ac302a738: 2400 0200 | 0001 0000 | 0044 8b94 | 24f0 0100 | 0044 8994 | 24f4 0100 | 00e9 bace | ffff c784 
  0x0000017ac302a758: 2400 0200 | 0001 0000 | 0044 8b94 | 24f0 0100 | 0044 8994 | 24f4 0100 | 00e9 9ace | ffff c784 
  0x0000017ac302a778: 24f0 0100 | 0000 0000 | 00e9 dfbe | ffff c784 | 2400 0200 | 0000 0000 | 00c7 8424 | f401 0000 
  0x0000017ac302a798: 0000 0000 | e96f ceff | ffc7 8424 | f001 0000 | 0000 0000 | e9b4 beff | ffc7 8424 | 0002 0000 
  0x0000017ac302a7b8: 0000 0000 | c784 24f4 | 0100 0000 | 0000 00e9 | 44ce ffff | c784 24f0 | 0100 0000 | 0000 00e9 
  0x0000017ac302a7d8: 89be ffff | c784 2400 | 0200 0000 | 0000 00c7 | 8424 f401 | 0000 0000 | 0000 e919 | ceff ffc7 
  0x0000017ac302a7f8: 8424 f001 | 0000 0100 | 0000 e95e | beff ffc7 | 8424 0002 | 0000 0000 | 0000 c784 | 24f4 0100 
  0x0000017ac302a818: ;   {other}
  0x0000017ac302a818: 0001 0000 | 00e9 eecd | ffff c784 | 24f0 0100 | 0001 0000 | 00e9 33be | ffff c784 | 2400 0200 
  0x0000017ac302a838: 0000 0000 | 00c7 8424 | f401 0000 | 0100 0000 | e9c3 cdff | ffc7 8424 | f001 0000 | 0100 0000 
  0x0000017ac302a858: e908 beff | ffc7 8424 | 0002 0000 | 0000 0000 | c784 24f4 | 0100 0001 | 0000 00e9 | 98cd ffff 
  0x0000017ac302a878: c784 24f0 | 0100 0001 | 0000 00e9 | ddbd ffff | c784 2400 | 0200 0000 | 0000 00c7 | 8424 f401 
  0x0000017ac302a898: 0000 0100 | 0000 e96d | cdff ffc7 | 8424 f001 | 0000 0100 | 0000 e9b2 | bdff ffc7 | 8424 0002 
  0x0000017ac302a8b8: 0000 0000 | 0000 c784 | 24f4 0100 | 0001 0000 | 00e9 42cd | ffff c784 | 24f0 0100 | 0001 0000 
  0x0000017ac302a8d8: 00e9 87bd | ffff c784 | 2400 0200 | 0000 0000 | 00c7 8424 | f401 0000 | 0100 0000 | e917 cdff 
  0x0000017ac302a8f8: ffc7 8424 | f001 0000 | 0100 0000 | e95c bdff | ffc7 8424 | 0002 0000 | 0000 0000 | c784 24f4 
  0x0000017ac302a918: ;   {other}
  0x0000017ac302a918: 0100 0001 | 0000 00e9 | eccc ffff | c784 24f0 | 0100 0001 | 0000 00e9 | 31bd ffff | c784 2400 
  0x0000017ac302a938: 0200 0000 | 0000 00c7 | 8424 f401 | 0000 0100 | 0000 e9c1 | ccff ffc7 | 8424 f001 | 0000 0100 
  0x0000017ac302a958: 0000 e906 | bdff ffc7 | 8424 0002 | 0000 0000 | 0000 c784 | 24f4 0100 | 0001 0000 | 00e9 96cc 
  0x0000017ac302a978: ffff c784 | 24f0 0100 | 0001 0000 | 00e9 dbbc | ffff c784 | 2400 0200 | 0000 0000 | 00c7 8424 
  0x0000017ac302a998: f401 0000 | 0100 0000 | e96b ccff | ffc7 8424 | f001 0000 | 0100 0000 | e9b0 bcff | ffc7 8424 
  0x0000017ac302a9b8: 0002 0000 | 0000 0000 | c784 24f4 | 0100 0001 | 0000 00e9 | 40cc ffff | c784 24f0 | 0100 0001 
  0x0000017ac302a9d8: 0000 00e9 | 85bc ffff | c784 2400 | 0200 0000 | 0000 00c7 | 8424 f401 | 0000 0100 | 0000 e915 
  0x0000017ac302a9f8: ccff ffc7 | 8424 f001 | 0000 0100 | 0000 e95a | bcff ffc7 | 8424 0002 | 0000 0000 

  0x0000017ac302aa14: ;   {other}
  0x0000017ac302aa14: 0000 c784 | 24f4 0100 | 0001 0000 | 00e9 eacb | ffff c784 | 24f0 0100 | 0001 0000 | 00e9 2fbc 
  0x0000017ac302aa34: ffff c784 | 2400 0200 | 0000 0000 | 00c7 8424 | f401 0000 | 0100 0000 | e9bf cbff | ffc7 8424 
  0x0000017ac302aa54: f001 0000 | 0100 0000 | e904 bcff | ffc7 8424 | 0002 0000 | 0000 0000 | c784 24f4 | 0100 0001 
  0x0000017ac302aa74: 0000 00e9 | 94cb ffff | c784 24f0 | 0100 0001 | 0000 00e9 | d9bb ffff | c784 2400 | 0200 0000 
  0x0000017ac302aa94: 0000 00c7 | 8424 f401 | 0000 0100 | 0000 e969 | cbff ffc7 | 8424 f001 | 0000 0100 | 0000 e9ae 
  0x0000017ac302aab4: bbff ffc7 | 8424 0002 | 0000 0000 | 0000 c784 | 24f4 0100 | 0001 0000 | 00e9 3ecb | ffff c784 
  0x0000017ac302aad4: 24f0 0100 | 0001 0000 | 00e9 83bb | ffff c784 | 2400 0200 | 0000 0000 | 00c7 8424 | f401 0000 
  0x0000017ac302aaf4: 0100 0000 | e913 cbff | ffc7 8424 | f001 0000 | 0100 0000 | e958 bbff | ffc7 8424 | 0002 0000 
  0x0000017ac302ab14: ;   {other}
  0x0000017ac302ab14: 0000 0000 | c784 24f4 | 0100 0001 | 0000 00e9 | e8ca ffff | c784 24f0 | 0100 0001 | 0000 00e9 
  0x0000017ac302ab34: 2dbb ffff | c784 2400 | 0200 0000 | 0000 00c7 | 8424 f401 | 0000 0100 | 0000 e9bd | caff ffc7 
  0x0000017ac302ab54: 8424 f001 | 0000 0100 | 0000 e902 | bbff ffc7 | 8424 0002 | 0000 0000 | 0000 c784 | 24f4 0100 
  0x0000017ac302ab74: 0001 0000 | 00e9 92ca | ffff c784 | 24f0 0100 | 0001 0000 | 00e9 d7ba | ffff c784 | 2400 0200 
  0x0000017ac302ab94: 0000 0000 | 00c7 8424 | f401 0000 | 0100 0000 | e967 caff | ffc7 8424 | f001 0000 | 0100 0000 
  0x0000017ac302abb4: e9ac baff | ffc7 8424 | 0002 0000 | 0000 0000 | c784 24f4 | 0100 0001 | 0000 00e9 | 3cca ffff 
  0x0000017ac302abd4: c784 24f0 | 0100 0001 | 0000 00e9 | 81ba ffff | c784 2400 | 0200 0000 | 0000 00c7 | 8424 f401 
  0x0000017ac302abf4: 0000 0100 | 0000 e911 | caff ffc7 | 8424 f001 | 0000 0100 | 0000 e956 | baff ffc7 | 8424 0002 
  0x0000017ac302ac14: ;   {other}
  0x0000017ac302ac14: 0000 0000 | 0000 c784 | 24f4 0100 | 0001 0000 | 00e9 e6c9 | ffff c784 | 24f0 0100 | 0001 0000 
  0x0000017ac302ac34: 00e9 2bba | ffff c784 | 2400 0200 | 0000 0000 | 00c7 8424 | f401 0000 | 0100 0000 | e9bb c9ff 
  0x0000017ac302ac54: ffc7 8424 | f001 0000 | 0100 0000 | e900 baff | ffc7 8424 | 0002 0000 | 0000 0000 | c784 24f4 
  0x0000017ac302ac74: 0100 0001 | 0000 00e9 | 90c9 ffff | c784 24f0 | 0100 0001 | 0000 00e9 | d5b9 ffff | c784 2400 
  0x0000017ac302ac94: 0200 0000 | 0000 00c7 | 8424 f401 | 0000 0100 | 0000 e965 | c9ff ffc7 | 8424 f001 | 0000 0100 
  0x0000017ac302acb4: 0000 e9aa | b9ff ffc7 | 8424 0002 | 0000 0000 | 0000 c784 | 24f4 0100 | 0001 0000 | 00e9 3ac9 
  0x0000017ac302acd4: ffff c784 | 24f0 0100 | 0001 0000 | 00e9 7fb9 | ffff c784 | 2400 0200 | 0000 0000 | 00c7 8424 
  0x0000017ac302acf4: f401 0000 | 0100 0000 | e90f c9ff | ffc7 8424 | f001 0000 | 0100 0000 | e954 b9ff | ffc7 8424 
  0x0000017ac302ad14: ;   {other}
  0x0000017ac302ad14: 0002 0000 | 0000 0000 | c784 24f4 | 0100 0001 | 0000 00e9 | e4c8 ffff | c784 24f0 | 0100 0001 
  0x0000017ac302ad34: 0000 00e9 | 29b9 ffff | c784 2400 | 0200 0000 | 0000 00c7 | 8424 f401 | 0000 0100 | 0000 e9b9 
  0x0000017ac302ad54: c8ff ffc7 | 8424 f001 | 0000 0100 | 0000 e9fe | b8ff ffc7 | 8424 0002 | 0000 0000 | 0000 c784 
  0x0000017ac302ad74: 24f4 0100 | 0001 0000 | 00e9 8ec8 | ffff c784 | 24f0 0100 | 0001 0000 | 00e9 d3b8 | ffff c784 
  0x0000017ac302ad94: 2400 0200 | 0000 0000 | 00c7 8424 | f401 0000 | 0100 0000 | e963 c8ff | ffc7 8424 | f001 0000 
  0x0000017ac302adb4: 0100 0000 | e9a8 b8ff | ffc7 8424 | 0002 0000 | 0000 0000 | c784 24f4 | 0100 0001 | 0000 00e9 
  0x0000017ac302add4: 38c8 ffff | c784 24f0 | 0100 0001 | 0000 00e9 | 7db8 ffff | c784 2400 | 0200 0000 | 0000 00c7 
  0x0000017ac302adf4: 8424 f401 | 0000 0100 | 0000 e90d | c8ff ffc7 | 8424 f001 | 0000 0100 | 0000 e952 

  0x0000017ac302ae10: ;   {other}
  0x0000017ac302ae10: b8ff ffc7 | 8424 0002 | 0000 0000 | 0000 c784 | 24f4 0100 | 0001 0000 | 00e9 e2c7 | ffff c784 
  0x0000017ac302ae30: 24f0 0100 | 0001 0000 | 00e9 27b8 | ffff c784 | 2400 0200 | 0000 0000 | 00c7 8424 | f401 0000 
  0x0000017ac302ae50: 0100 0000 | e9b7 c7ff | ffc7 8424 | f001 0000 | 0100 0000 | e9fc b7ff | ffc7 8424 | 0002 0000 
  0x0000017ac302ae70: 0000 0000 | c784 24f4 | 0100 0001 | 0000 00e9 | 8cc7 ffff | c784 24f0 | 0100 0001 | 0000 00e9 
  0x0000017ac302ae90: d1b7 ffff | c784 2400 | 0200 0000 | 0000 00c7 | 8424 f401 | 0000 0100 | 0000 e961 | c7ff ffc7 
  0x0000017ac302aeb0: 8424 f001 | 0000 0100 | 0000 e9a6 | b7ff ffc7 | 8424 0002 | 0000 0000 | 0000 c784 | 24f4 0100 
  0x0000017ac302aed0: 0001 0000 | 00e9 36c7 | ffff c784 | 24f0 0100 | 0001 0000 | 00e9 7bb7 | ffff c784 | 2400 0200 
  0x0000017ac302aef0: 0000 0000 | 00c7 8424 | f401 0000 | 0100 0000 | e90b c7ff | ffc7 8424 | f001 0000 | 0100 0000 
  0x0000017ac302af10: ;   {other}
  0x0000017ac302af10: e950 b7ff | ffc7 8424 | 0002 0000 | 0000 0000 | c784 24f4 | 0100 0001 | 0000 00e9 | e0c6 ffff 
  0x0000017ac302af30: c784 24f0 | 0100 0001 | 0000 00e9 | 25b7 ffff | c784 2400 | 0200 0000 | 0000 00c7 | 8424 f401 
  0x0000017ac302af50: 0000 0100 | 0000 e9b5 | c6ff ffc7 | 8424 f001 | 0000 0100 | 0000 e9fa | b6ff ffc7 | 8424 0002 
  0x0000017ac302af70: 0000 0000 | 0000 c784 | 24f4 0100 | 0001 0000 | 00e9 8ac6 | ffff c784 | 24f0 0100 | 0001 0000 
  0x0000017ac302af90: 00e9 cfb6 | ffff c784 | 2400 0200 | 0000 0000 | 00c7 8424 | f401 0000 | 0100 0000 | e95f c6ff 
  0x0000017ac302afb0: ffc7 8424 | f001 0000 | 0000 0000 | e9a4 b6ff | ffc7 8424 | 0002 0000 | 0000 0000 | c784 24f4 
  0x0000017ac302afd0: 0100 0000 | 0000 00e9 | 34c6 ffff | c784 24f0 | 0100 0000 | 0000 00e9 | 79b6 ffff | c784 2400 
  0x0000017ac302aff0: 0200 0000 | 0000 00c7 | 8424 f401 | 0000 0000 | 0000 e909 | c6ff ffc7 | 8424 0002 | 0000 0100 
  0x0000017ac302b010: ;   {other}
  0x0000017ac302b010: 0000 448b | 9424 f001 | 0000 4489 | 9424 f401 | 0000 e9e9 | c5ff ffc7 | 8424 0002 | 0000 0100 
  0x0000017ac302b030: 0000 448b | 9424 f001 | 0000 4489 | 9424 f401 | 0000 e9c9 | c5ff ff49 | 8b87 8805 | 0000 49c7 
  0x0000017ac302b050: 8788 0500 | 0000 0000 | 0049 c787 | 9005 0000 | 0000 0000 | 4881 c470 | 0200 005d 

  0x0000017ac302b06c: ;   {runtime_call C1 Runtime unwind_exception_blob}
  0x0000017ac302b06c: e96f aaab | 06f4 f4f4 | f4f4 f4f4 
[Stub Code]
  0x0000017ac302b078: ;   {other}
  0x0000017ac302b078: 0f1f 4400 

  0x0000017ac302b07c: ;   {static_stub}
  0x0000017ac302b07c: 0048 bb00 | 0000 0000 

  0x0000017ac302b084: ;   {runtime_call nmethod}
  0x0000017ac302b084: 0000 00e9 | fbff ffff 

  0x0000017ac302b08c: ;   {static_stub}
  0x0000017ac302b08c: 9048 bb00 | 0000 0000 

  0x0000017ac302b094: ;   {runtime_call nmethod}
  0x0000017ac302b094: 0000 00e9 | fbff ffff 

  0x0000017ac302b09c: ;   {static_stub}
  0x0000017ac302b09c: 9048 bb00 | 0000 0000 

  0x0000017ac302b0a4: ;   {runtime_call nmethod}
  0x0000017ac302b0a4: 0000 00e9 | fbff ffff 

  0x0000017ac302b0ac: ;   {static_stub}
  0x0000017ac302b0ac: 9048 bb00 | 0000 0000 

  0x0000017ac302b0b4: ;   {runtime_call nmethod}
  0x0000017ac302b0b4: 0000 00e9 | fbff ffff 

  0x0000017ac302b0bc: ;   {static_stub}
  0x0000017ac302b0bc: 9048 bb00 | 0000 0000 

  0x0000017ac302b0c4: ;   {runtime_call nmethod}
  0x0000017ac302b0c4: 0000 00e9 | fbff ffff 

  0x0000017ac302b0cc: ;   {static_stub}
  0x0000017ac302b0cc: 9048 bb00 | 0000 0000 

  0x0000017ac302b0d4: ;   {runtime_call nmethod}
  0x0000017ac302b0d4: 0000 00e9 | fbff ffff 

  0x0000017ac302b0dc: ;   {static_stub}
  0x0000017ac302b0dc: 9048 bb00 | 0000 0000 

  0x0000017ac302b0e4: ;   {runtime_call nmethod}
  0x0000017ac302b0e4: 0000 00e9 | fbff ffff 

  0x0000017ac302b0ec: ;   {static_stub}
  0x0000017ac302b0ec: 9048 bb00 | 0000 0000 

  0x0000017ac302b0f4: ;   {runtime_call nmethod}
  0x0000017ac302b0f4: 0000 00e9 | fbff ffff 

  0x0000017ac302b0fc: ;   {static_stub}
  0x0000017ac302b0fc: 9048 bb00 | 0000 0000 

  0x0000017ac302b104: ;   {runtime_call nmethod}
  0x0000017ac302b104: 0000 00e9 | fbff ffff 

  0x0000017ac302b10c: ;   {static_stub}
  0x0000017ac302b10c: 9048 bb00 | 0000 0000 

  0x0000017ac302b114: ;   {runtime_call nmethod}
  0x0000017ac302b114: 0000 00e9 | fbff ffff 

  0x0000017ac302b11c: ;   {static_stub}
  0x0000017ac302b11c: 9048 bb00 | 0000 0000 

  0x0000017ac302b124: ;   {runtime_call nmethod}
  0x0000017ac302b124: 0000 00e9 | fbff ffff 

  0x0000017ac302b12c: ;   {static_stub}
  0x0000017ac302b12c: 9048 bbb8 | 9eac da7a 

  0x0000017ac302b134: ;   {runtime_call I2C/C2I adapters}
  0x0000017ac302b134: 0100 00e9 | faaa 9f06 

  0x0000017ac302b13c: ;   {static_stub}
  0x0000017ac302b13c: 9048 bb00 | 0000 0000 

  0x0000017ac302b144: ;   {runtime_call nmethod}
  0x0000017ac302b144: 0000 00e9 | fbff ffff 

  0x0000017ac302b14c: ;   {static_stub}
  0x0000017ac302b14c: 9048 bb60 | ba4d da7a 

  0x0000017ac302b154: ;   {runtime_call I2C/C2I adapters}
  0x0000017ac302b154: 0100 00e9 | daaa 9f06 

  0x0000017ac302b15c: ;   {static_stub}
  0x0000017ac302b15c: 9048 bb40 | 3654 da7a 

  0x0000017ac302b164: ;   {runtime_call I2C/C2I adapters}
  0x0000017ac302b164: 0100 00e9 | d003 ad06 

  0x0000017ac302b16c: ;   {static_stub}
  0x0000017ac302b16c: 9048 bb00 | 0000 0000 

  0x0000017ac302b174: ;   {runtime_call nmethod}
  0x0000017ac302b174: 0000 00e9 | fbff ffff 

  0x0000017ac302b17c: ;   {static_stub}
  0x0000017ac302b17c: 9048 bb00 | 0000 0000 

  0x0000017ac302b184: ;   {runtime_call nmethod}
  0x0000017ac302b184: 0000 00e9 | fbff ffff 

  0x0000017ac302b18c: ;   {static_stub}
  0x0000017ac302b18c: 9048 bb00 | 0000 0000 

  0x0000017ac302b194: ;   {runtime_call nmethod}
  0x0000017ac302b194: 0000 00e9 | fbff ffff 

  0x0000017ac302b19c: ;   {static_stub}
  0x0000017ac302b19c: 9048 bb00 | 0000 0000 

  0x0000017ac302b1a4: ;   {runtime_call nmethod}
  0x0000017ac302b1a4: 0000 00e9 | fbff ffff 

  0x0000017ac302b1ac: ;   {static_stub}
  0x0000017ac302b1ac: 9048 bb00 | 0000 0000 

  0x0000017ac302b1b4: ;   {runtime_call nmethod}
  0x0000017ac302b1b4: 0000 00e9 | fbff ffff 

  0x0000017ac302b1bc: ;   {static_stub}
  0x0000017ac302b1bc: 9048 bb00 | 0000 0000 

  0x0000017ac302b1c4: ;   {runtime_call nmethod}
  0x0000017ac302b1c4: 0000 00e9 | fbff ffff 

  0x0000017ac302b1cc: ;   {static_stub}
  0x0000017ac302b1cc: 9048 bb00 | 0000 0000 

  0x0000017ac302b1d4: ;   {runtime_call nmethod}
  0x0000017ac302b1d4: 0000 00e9 | fbff ffff 

  0x0000017ac302b1dc: ;   {static_stub}
  0x0000017ac302b1dc: 9048 bb00 | 0000 0000 

  0x0000017ac302b1e4: ;   {runtime_call nmethod}
  0x0000017ac302b1e4: 0000 00e9 | fbff ffff 

  0x0000017ac302b1ec: ;   {static_stub}
  0x0000017ac302b1ec: 9048 bb00 | 0000 0000 

  0x0000017ac302b1f4: ;   {runtime_call nmethod}
  0x0000017ac302b1f4: 0000 00e9 | fbff ffff 

  0x0000017ac302b1fc: ;   {static_stub}
  0x0000017ac302b1fc: 9048 bb00 | 0000 0000 

  0x0000017ac302b204: ;   {runtime_call nmethod}
  0x0000017ac302b204: 0000 00e9 | fbff ffff 

  0x0000017ac302b20c: ;   {static_stub}
  0x0000017ac302b20c: 9048 bb00 | 0000 0000 

  0x0000017ac302b214: ;   {runtime_call nmethod}
  0x0000017ac302b214: 0000 00e9 | fbff ffff 

  0x0000017ac302b21c: ;   {static_stub}
  0x0000017ac302b21c: 9048 bb00 | 0000 0000 

  0x0000017ac302b224: ;   {runtime_call nmethod}
  0x0000017ac302b224: 0000 00e9 | fbff ffff 

  0x0000017ac302b22c: ;   {static_stub}
  0x0000017ac302b22c: 9048 bb00 | 0000 0000 

  0x0000017ac302b234: ;   {runtime_call nmethod}
  0x0000017ac302b234: 0000 00e9 | fbff ffff 

  0x0000017ac302b23c: ;   {static_stub}
  0x0000017ac302b23c: 9048 bb00 | 0000 0000 

  0x0000017ac302b244: ;   {runtime_call nmethod}
  0x0000017ac302b244: 0000 00e9 | fbff ffff 

  0x0000017ac302b24c: ;   {static_stub}
  0x0000017ac302b24c: 9048 bb00 | 0000 0000 

  0x0000017ac302b254: ;   {runtime_call nmethod}
  0x0000017ac302b254: 0000 00e9 | fbff ffff 

  0x0000017ac302b25c: ;   {static_stub}
  0x0000017ac302b25c: 9048 bb00 | 0000 0000 

  0x0000017ac302b264: ;   {runtime_call nmethod}
  0x0000017ac302b264: 0000 00e9 | fbff ffff 

  0x0000017ac302b26c: ;   {static_stub}
  0x0000017ac302b26c: 9048 bb00 | 0000 0000 

  0x0000017ac302b274: ;   {runtime_call nmethod}
  0x0000017ac302b274: 0000 00e9 | fbff ffff 

  0x0000017ac302b27c: ;   {static_stub}
  0x0000017ac302b27c: 9048 bbb0 | 131a da7a 

  0x0000017ac302b284: ;   {runtime_call I2C/C2I adapters}
  0x0000017ac302b284: 0100 00e9 | aaa9 9f06 

  0x0000017ac302b28c: ;   {static_stub}
  0x0000017ac302b28c: 9048 bb00 | 0000 0000 

  0x0000017ac302b294: ;   {runtime_call nmethod}
  0x0000017ac302b294: 0000 00e9 | fbff ffff 

  0x0000017ac302b29c: ;   {static_stub}
  0x0000017ac302b29c: 9048 bb00 | 0000 0000 

  0x0000017ac302b2a4: ;   {runtime_call nmethod}
  0x0000017ac302b2a4: 0000 00e9 | fbff ffff 

  0x0000017ac302b2ac: ;   {static_stub}
  0x0000017ac302b2ac: 9048 bb00 | 0000 0000 

  0x0000017ac302b2b4: ;   {runtime_call nmethod}
  0x0000017ac302b2b4: 0000 00e9 | fbff ffff 

  0x0000017ac302b2bc: ;   {static_stub}
  0x0000017ac302b2bc: 9048 bb00 | 0000 0000 

  0x0000017ac302b2c4: ;   {runtime_call nmethod}
  0x0000017ac302b2c4: 0000 00e9 | fbff ffff 

  0x0000017ac302b2cc: ;   {static_stub}
  0x0000017ac302b2cc: 9048 bb00 | 0000 0000 

  0x0000017ac302b2d4: ;   {runtime_call nmethod}
  0x0000017ac302b2d4: 0000 00e9 | fbff ffff 

  0x0000017ac302b2dc: ;   {static_stub}
  0x0000017ac302b2dc: 9048 bb00 | 0000 0000 

  0x0000017ac302b2e4: ;   {runtime_call nmethod}
  0x0000017ac302b2e4: 0000 00e9 | fbff ffff 

  0x0000017ac302b2ec: ;   {static_stub}
  0x0000017ac302b2ec: 9048 bb00 | 0000 0000 

  0x0000017ac302b2f4: ;   {runtime_call nmethod}
  0x0000017ac302b2f4: 0000 00e9 | fbff ffff 

  0x0000017ac302b2fc: ;   {static_stub}
  0x0000017ac302b2fc: 9048 bb00 | 0000 0000 

  0x0000017ac302b304: ;   {runtime_call nmethod}
  0x0000017ac302b304: 0000 00e9 | fbff ffff 

  0x0000017ac302b30c: ;   {static_stub}
  0x0000017ac302b30c: 48bb 0000 | 0000 0000 

  0x0000017ac302b314: ;   {runtime_call nmethod}
  0x0000017ac302b314: 0000 e9fb 

  0x0000017ac302b318: ;   {static_stub}
  0x0000017ac302b318: ffff ff48 | bb00 0000 | 0000 0000 

  0x0000017ac302b324: ;   {runtime_call nmethod}
  0x0000017ac302b324: 00e9 fbff 

  0x0000017ac302b328: ;   {static_stub}
  0x0000017ac302b328: ffff 48bb | 0000 0000 | 0000 0000 

  0x0000017ac302b334: ;   {runtime_call nmethod}
  0x0000017ac302b334: e9fb ffff 

  0x0000017ac302b338: ;   {static_stub}
  0x0000017ac302b338: ff48 bb00 | 0000 0000 

  0x0000017ac302b340: ;   {runtime_call nmethod}
  0x0000017ac302b340: 0000 00e9 | fbff ffff 

  0x0000017ac302b348: ;   {static_stub}
  0x0000017ac302b348: 48bb 0000 | 0000 0000 

  0x0000017ac302b350: ;   {runtime_call nmethod}
  0x0000017ac302b350: 0000 e9fb 

  0x0000017ac302b354: ;   {static_stub}
  0x0000017ac302b354: ffff ff48 | bb00 0000 | 0000 0000 

  0x0000017ac302b360: ;   {runtime_call nmethod}
  0x0000017ac302b360: 00e9 fbff 

  0x0000017ac302b364: ;   {static_stub}
  0x0000017ac302b364: ffff 48bb | 0072 1a3d | 0000 0000 

  0x0000017ac302b370: ;   {runtime_call I2C/C2I adapters}
  0x0000017ac302b370: e9c1 a89f 

  0x0000017ac302b374: ;   {static_stub}
  0x0000017ac302b374: 0648 bb00 | 0000 0000 

  0x0000017ac302b37c: ;   {runtime_call nmethod}
  0x0000017ac302b37c: 0000 00e9 | fbff ffff 

  0x0000017ac302b384: ;   {static_stub}
  0x0000017ac302b384: 48bb 0000 | 0000 0000 

  0x0000017ac302b38c: ;   {runtime_call nmethod}
  0x0000017ac302b38c: 0000 e9fb 

  0x0000017ac302b390: ;   {static_stub}
  0x0000017ac302b390: ffff ff48 | bb00 0000 | 0000 0000 

  0x0000017ac302b39c: ;   {runtime_call nmethod}
  0x0000017ac302b39c: 00e9 fbff 

  0x0000017ac302b3a0: ;   {static_stub}
  0x0000017ac302b3a0: ffff 48bb | 0000 0000 | 0000 0000 

  0x0000017ac302b3ac: ;   {runtime_call nmethod}
  0x0000017ac302b3ac: e9fb ffff 

  0x0000017ac302b3b0: ;   {static_stub}
  0x0000017ac302b3b0: ff48 bb00 | 0000 0000 

  0x0000017ac302b3b8: ;   {runtime_call nmethod}
  0x0000017ac302b3b8: 0000 00e9 | fbff ffff 

  0x0000017ac302b3c0: ;   {static_stub}
  0x0000017ac302b3c0: 48bb 0000 | 0000 0000 

  0x0000017ac302b3c8: ;   {runtime_call nmethod}
  0x0000017ac302b3c8: 0000 e9fb 

  0x0000017ac302b3cc: ;   {static_stub}
  0x0000017ac302b3cc: ffff ff48 | bb00 0000 | 0000 0000 

  0x0000017ac302b3d8: ;   {runtime_call nmethod}
  0x0000017ac302b3d8: 00e9 fbff 

  0x0000017ac302b3dc: ;   {static_stub}
  0x0000017ac302b3dc: ffff 48bb | 30f2 abda | 7a01 0000 

  0x0000017ac302b3e8: ;   {runtime_call I2C/C2I adapters}
  0x0000017ac302b3e8: e9c1 539f 

  0x0000017ac302b3ec: ;   {runtime_call C1 Runtime handle_exception_from_callee_blob}
  0x0000017ac302b3ec: 06e8 eed3 

  0x0000017ac302b3f0: ;   {external_word}
  0x0000017ac302b3f0: ab06 48b9 | 4808 e366 | f87f 0000 | 4883 e4f0 

  0x0000017ac302b400: ;   {runtime_call}
  0x0000017ac302b400: 48b8 008d | a666 f87f | 0000 ffd0 

  0x0000017ac302b40c: ;   {section_word}
  0x0000017ac302b40c: f449 ba0d | b402 c37a | 0100 0041 

  0x0000017ac302b418: ;   {runtime_call DeoptimizationBlob}
  0x0000017ac302b418: 52e9 425e | 9f06 f4f4 
[/MachCode]


---------------  P R O C E S S  ---------------

Threads class SMR info:
_java_thread_list=0x0000017ab553b610, length=18, elements={
0x0000017ab7908f50, 0x0000017ad9248ec0, 0x0000017ad9249a80, 0x0000017ad9256520,
0x0000017ad90fbee0, 0x0000017ad925b3e0, 0x0000017ad925d320, 0x0000017ad9268da0,
0x0000017ad92730f0, 0x0000017ad925bbb0, 0x0000017ad9262140, 0x0000017ad92611a0,
0x0000017ade8b1420, 0x0000017ade8b4300, 0x0000017ade8b52a0, 0x0000017aded1f850,
0x0000017adf020950, 0x0000017adf01f1e0
}

Java Threads: ( => current thread )
  0x0000017ab7908f50 JavaThread "main"                              [_thread_blocked, id=18060, stack(0x00000045cc600000,0x00000045cc700000) (1024K)]
  0x0000017ad9248ec0 JavaThread "Reference Handler"          daemon [_thread_blocked, id=42236, stack(0x00000045cce00000,0x00000045ccf00000) (1024K)]
  0x0000017ad9249a80 JavaThread "Finalizer"                  daemon [_thread_blocked, id=22732, stack(0x00000045ccf00000,0x00000045cd000000) (1024K)]
  0x0000017ad9256520 JavaThread "Signal Dispatcher"          daemon [_thread_blocked, id=42904, stack(0x00000045cd000000,0x00000045cd100000) (1024K)]
  0x0000017ad90fbee0 JavaThread "Attach Listener"            daemon [_thread_blocked, id=41080, stack(0x00000045cd100000,0x00000045cd200000) (1024K)]
  0x0000017ad925b3e0 JavaThread "Service Thread"             daemon [_thread_blocked, id=43680, stack(0x00000045cd200000,0x00000045cd300000) (1024K)]
  0x0000017ad925d320 JavaThread "Monitor Deflation Thread"   daemon [_thread_blocked, id=38040, stack(0x00000045cd300000,0x00000045cd400000) (1024K)]
  0x0000017ad9268da0 JavaThread "C2 CompilerThread0"         daemon [_thread_blocked, id=352, stack(0x00000045cd400000,0x00000045cd500000) (1024K)]
  0x0000017ad92730f0 JavaThread "C1 CompilerThread0"         daemon [_thread_blocked, id=44272, stack(0x00000045cd500000,0x00000045cd600000) (1024K)]
  0x0000017ad925bbb0 JavaThread "Common-Cleaner"             daemon [_thread_blocked, id=40864, stack(0x00000045cd600000,0x00000045cd700000) (1024K)]
  0x0000017ad9262140 JavaThread "Notification Thread"        daemon [_thread_blocked, id=38388, stack(0x00000045cd900000,0x00000045cda00000) (1024K)]
  0x0000017ad92611a0 JavaThread "JavaFX-Launcher"                   [_thread_blocked, id=11096, stack(0x00000045cda00000,0x00000045cdb00000) (1024K)]
=>0x0000017ade8b1420 JavaThread "QuantumRenderer-0"          daemon [_thread_in_native, id=40384, stack(0x00000045cd800000,0x00000045cd900000) (1024K)]
  0x0000017ade8b4300 JavaThread "InvokeLaterDispatcher"      daemon [_thread_blocked, id=13468, stack(0x00000045cd700000,0x00000045cd800000) (1024K)]
  0x0000017ade8b52a0 JavaThread "JavaFX Application Thread"         [_thread_in_native, id=29728, stack(0x00000045cdf00000,0x00000045ce000000) (1024K)]
  0x0000017aded1f850 JavaThread "Thread-2"                   daemon [_thread_in_native, id=13384, stack(0x00000045ce100000,0x00000045ce200000) (1024K)]
  0x0000017adf020950 JavaThread "Prism Font Disposer"        daemon [_thread_blocked, id=44180, stack(0x00000045ceb00000,0x00000045cec00000) (1024K)]
  0x0000017adf01f1e0 JavaThread "Cleaner-0"                  daemon [_thread_blocked, id=36792, stack(0x00000045ce700000,0x00000045ce800000) (1024K)]
Total: 18

Other Threads:
  0x0000017ad9236ff0 VMThread "VM Thread"                           [id=28072, stack(0x00000045ccd00000,0x00000045cce00000) (1024K)]
  0x0000017ad9229640 WatcherThread "VM Periodic Task Thread"        [id=38236, stack(0x00000045ccc00000,0x00000045ccd00000) (1024K)]
  0x0000017ab9c8e360 WorkerThread "GC Thread#0"                     [id=42248, stack(0x00000045cc700000,0x00000045cc800000) (1024K)]
  0x0000017adf040a40 WorkerThread "GC Thread#1"                     [id=23092, stack(0x00000045ce200000,0x00000045ce300000) (1024K)]
  0x0000017adf1160d0 WorkerThread "GC Thread#2"                     [id=43808, stack(0x00000045ce300000,0x00000045ce400000) (1024K)]
  0x0000017adf004510 WorkerThread "GC Thread#3"                     [id=16760, stack(0x00000045ce400000,0x00000045ce500000) (1024K)]
  0x0000017adf004940 WorkerThread "GC Thread#4"                     [id=25268, stack(0x00000045ce500000,0x00000045ce600000) (1024K)]
  0x0000017adf004d70 WorkerThread "GC Thread#5"                     [id=27360, stack(0x00000045ce600000,0x00000045ce700000) (1024K)]
  0x0000017aed6a6fc0 WorkerThread "GC Thread#6"                     [id=5812, stack(0x00000045ced00000,0x00000045cee00000) (1024K)]
  0x0000017aed6a62d0 WorkerThread "GC Thread#7"                     [id=13648, stack(0x00000045cee00000,0x00000045cef00000) (1024K)]
  0x0000017aed6a7860 WorkerThread "GC Thread#8"                     [id=17464, stack(0x00000045cef00000,0x00000045cf000000) (1024K)]
  0x0000017aed6a6720 WorkerThread "GC Thread#9"                     [id=41608, stack(0x00000045cf000000,0x00000045cf100000) (1024K)]
  0x0000017ab9ca7ae0 ConcurrentGCThread "G1 Main Marker"            [id=42012, stack(0x00000045cc800000,0x00000045cc900000) (1024K)]
  0x0000017ab9caad30 WorkerThread "G1 Conc#0"                       [id=24656, stack(0x00000045cc900000,0x00000045cca00000) (1024K)]
  0x0000017ade50b940 WorkerThread "G1 Conc#1"                       [id=8652, stack(0x00000045cc300000,0x00000045cc400000) (1024K)]
  0x0000017ade50a800 WorkerThread "G1 Conc#2"                       [id=30016, stack(0x00000045cc400000,0x00000045cc500000) (1024K)]
  0x0000017ad90f5de0 ConcurrentGCThread "G1 Refine#0"               [id=10016, stack(0x00000045cca00000,0x00000045ccb00000) (1024K)]
  0x0000017ad90f66a0 ConcurrentGCThread "G1 Service"                [id=23036, stack(0x00000045ccb00000,0x00000045ccc00000) (1024K)]
Total: 18

Threads with active compile tasks:
Total: 0

VM state: not at safepoint (normal execution)

VM Mutex/Monitor currently owned by a thread: None

Heap address: 0x0000000705800000, size: 4008 MB, Compressed Oops mode: Zero based, Oop shift amount: 3

CDS archive(s) mapped at: [0x000000003d000000-0x000000003ddd0000-0x000000003ddd0000), size 14483456, SharedBaseAddress: 0x000000003d000000, ArchiveRelocationMode: 1.
Compressed class space mapped at: 0x000000003e000000-0x000000007e000000, reserved size: 1073741824
UseCompressedClassPointers 1, UseCompactObjectHeaders 0
Narrow klass pointer bits 32, Max shift 3
Narrow klass base: 0x000000003d000000, Narrow klass shift: 0
Encoding Range: [0x000000003d000000 - 0x000000013d000000), (4294967296 bytes)
Klass Range:    [0x000000003d010000 - 0x000000007e000000), (1090453504 bytes)
Klass ID Range:  [65536 - 1090519033) (1090453497)
Protection zone: [0x000000003d000000 - 0x000000003d010000), (65536 bytes)

GC Precious Log:
 CardTable entry size: 512
 Card Set container configuration: InlinePtr #cards 4 size 8 Array Of Cards #cards 16 size 48 Howl #buckets 8 coarsen threshold 3686 Howl Bitmap #cards 512 size 80 coarsen threshold 460 Card regions per heap region 1 cards per card region 4096
 CPUs: 12 total, 12 available
 Memory: 16024M
 Large Page Support: Disabled
 NUMA Support: Disabled
 Compressed Oops: Enabled (Zero based)
 Heap Region Size: 2M
 Heap Min Capacity: 8M
 Heap Initial Capacity: 252M
 Heap Max Capacity: 4008M
 Pre-touch: Disabled
 Parallel Workers: 10
 Concurrent Workers: 3
 Concurrent Refinement Workers: 10
 Periodic GC: Disabled

Heap:
 garbage-first heap   total reserved 4104192K, committed 391168K, used 239805K [0x0000000705800000, 0x0000000800000000)
  region size 2048K, 12 young (24576K), 5 survivors (10240K)

Heap Regions: E=young(eden), S=young(survivor), O=old, HS=humongous(starts), HC=humongous(continues), CS=collection set, F=free, TAMS=top-at-mark-start, PB=parsable bottom
|   0|0x0000000705800000, 0x0000000705a00000, 0x0000000705a00000|100%|HS|  |TAMS 0x0000000705800000| PB 0x0000000705800000| Complete |  0
|   1|0x0000000705a00000, 0x0000000705c00000, 0x0000000705c00000|100%| O|  |TAMS 0x0000000705a00000| PB 0x0000000705a00000| Untracked |  0
|   2|0x0000000705c00000, 0x0000000705e00000, 0x0000000705e00000|100%| O|  |TAMS 0x0000000705c00000| PB 0x0000000705c00000| Untracked |  0
|   3|0x0000000705e00000, 0x0000000706000000, 0x0000000706000000|100%| O|  |TAMS 0x0000000705e00000| PB 0x0000000705e00000| Untracked |  0
|   4|0x0000000706000000, 0x0000000706200000, 0x0000000706200000|100%| O|  |TAMS 0x0000000706000000| PB 0x0000000706000000| Untracked |  0
|   5|0x0000000706200000, 0x0000000706400000, 0x0000000706400000|100%| O|  |TAMS 0x0000000706200000| PB 0x0000000706200000| Untracked |  0
|   6|0x0000000706400000, 0x0000000706600000, 0x0000000706600000|100%| O|  |TAMS 0x0000000706400000| PB 0x0000000706400000| Untracked |  0
|   7|0x0000000706600000, 0x0000000706800000, 0x0000000706800000|100%| O|  |TAMS 0x0000000706600000| PB 0x0000000706600000| Untracked |  0
|   8|0x0000000706800000, 0x0000000706a00000, 0x0000000706a00000|100%| O|  |TAMS 0x0000000706800000| PB 0x0000000706800000| Untracked |  0
|   9|0x0000000706a00000, 0x0000000706c00000, 0x0000000706c00000|100%| O|  |TAMS 0x0000000706a00000| PB 0x0000000706a00000| Untracked |  0
|  10|0x0000000706c00000, 0x0000000706e00000, 0x0000000706e00000|100%| O|Cm|TAMS 0x0000000706c00000| PB 0x0000000706c00000| Complete |  0
|  11|0x0000000706e00000, 0x0000000707000000, 0x0000000707000000|100%| O|Cm|TAMS 0x0000000706e00000| PB 0x0000000706e00000| Complete |  0
|  12|0x0000000707000000, 0x0000000707200000, 0x0000000707200000|100%| O|  |TAMS 0x0000000707000000| PB 0x0000000707000000| Untracked |  0
|  13|0x0000000707200000, 0x0000000707400000, 0x0000000707400000|100%| O|  |TAMS 0x0000000707200000| PB 0x0000000707200000| Untracked |  0
|  14|0x0000000707400000, 0x0000000707600000, 0x0000000707600000|100%| O|  |TAMS 0x0000000707400000| PB 0x0000000707400000| Untracked |  0
|  15|0x0000000707600000, 0x0000000707800000, 0x0000000707800000|100%| O|  |TAMS 0x0000000707600000| PB 0x0000000707600000| Untracked |  0
|  16|0x0000000707800000, 0x0000000707a00000, 0x0000000707a00000|100%| O|Cm|TAMS 0x0000000707800000| PB 0x0000000707800000| Complete |  0
|  17|0x0000000707a00000, 0x0000000707c00000, 0x0000000707c00000|100%| O|Cm|TAMS 0x0000000707a00000| PB 0x0000000707a00000| Complete |  0
|  18|0x0000000707c00000, 0x0000000707e00000, 0x0000000707e00000|100%| O|  |TAMS 0x0000000707c00000| PB 0x0000000707c00000| Untracked |  0
|  19|0x0000000707e00000, 0x0000000708000000, 0x0000000708000000|100%| O|  |TAMS 0x0000000707e00000| PB 0x0000000707e00000| Untracked |  0
|  20|0x0000000708000000, 0x0000000708200000, 0x0000000708200000|100%| O|  |TAMS 0x0000000708000000| PB 0x0000000708000000| Untracked |  0
|  21|0x0000000708200000, 0x0000000708200000, 0x0000000708400000|  0%| F|  |TAMS 0x0000000708200000| PB 0x0000000708200000| Untracked |  0
|  22|0x0000000708400000, 0x0000000708400000, 0x0000000708600000|  0%| F|  |TAMS 0x0000000708400000| PB 0x0000000708400000| Untracked |  0
|  23|0x0000000708600000, 0x0000000708600000, 0x0000000708800000|  0%| F|  |TAMS 0x0000000708600000| PB 0x0000000708600000| Untracked |  0
|  24|0x0000000708800000, 0x0000000708800000, 0x0000000708a00000|  0%| F|  |TAMS 0x0000000708800000| PB 0x0000000708800000| Untracked |  0
|  25|0x0000000708a00000, 0x0000000708c00000, 0x0000000708c00000|100%| O|  |TAMS 0x0000000708a00000| PB 0x0000000708a00000| Untracked |  0
|  26|0x0000000708c00000, 0x0000000708e00000, 0x0000000708e00000|100%| O|  |TAMS 0x0000000708c00000| PB 0x0000000708c00000| Untracked |  0
|  27|0x0000000708e00000, 0x0000000709000000, 0x0000000709000000|100%| O|Cm|TAMS 0x0000000708e00000| PB 0x0000000708e00000| Complete |  0
|  28|0x0000000709000000, 0x0000000709200000, 0x0000000709200000|100%| O|  |TAMS 0x0000000709000000| PB 0x0000000709000000| Untracked |  0
|  29|0x0000000709200000, 0x0000000709400000, 0x0000000709400000|100%| O|Cm|TAMS 0x0000000709200000| PB 0x0000000709200000| Complete |  0
|  30|0x0000000709400000, 0x0000000709600000, 0x0000000709600000|100%| O|Cm|TAMS 0x0000000709400000| PB 0x0000000709400000| Complete |  0
|  31|0x0000000709600000, 0x0000000709800000, 0x0000000709800000|100%| O|  |TAMS 0x0000000709600000| PB 0x0000000709600000| Untracked |  0
|  32|0x0000000709800000, 0x0000000709a00000, 0x0000000709a00000|100%| O|  |TAMS 0x0000000709800000| PB 0x0000000709800000| Untracked |  0
|  33|0x0000000709a00000, 0x0000000709c00000, 0x0000000709c00000|100%| O|Cm|TAMS 0x0000000709a00000| PB 0x0000000709a00000| Complete |  0
|  34|0x0000000709c00000, 0x0000000709e00000, 0x0000000709e00000|100%| O|  |TAMS 0x0000000709c00000| PB 0x0000000709c00000| Untracked |  0
|  35|0x0000000709e00000, 0x000000070a000000, 0x000000070a000000|100%| O|Cm|TAMS 0x0000000709e00000| PB 0x0000000709e00000| Complete |  0
|  36|0x000000070a000000, 0x000000070a200000, 0x000000070a200000|100%| O|  |TAMS 0x000000070a000000| PB 0x000000070a000000| Untracked |  0
|  37|0x000000070a200000, 0x000000070a400000, 0x000000070a400000|100%| O|  |TAMS 0x000000070a200000| PB 0x000000070a200000| Untracked |  0
|  38|0x000000070a400000, 0x000000070a400000, 0x000000070a600000|  0%| F|  |TAMS 0x000000070a400000| PB 0x000000070a400000| Untracked |  0
|  39|0x000000070a600000, 0x000000070a800000, 0x000000070a800000|100%|HS|  |TAMS 0x000000070a600000| PB 0x000000070a600000| Complete |  0
|  40|0x000000070a800000, 0x000000070aa00000, 0x000000070aa00000|100%|HC|  |TAMS 0x000000070a800000| PB 0x000000070a800000| Complete |  0
|  41|0x000000070aa00000, 0x000000070ac00000, 0x000000070ac00000|100%| O|  |TAMS 0x000000070aa00000| PB 0x000000070aa00000| Untracked |  0
|  42|0x000000070ac00000, 0x000000070ae00000, 0x000000070ae00000|100%| O|  |TAMS 0x000000070ac00000| PB 0x000000070ac00000| Untracked |  0
|  43|0x000000070ae00000, 0x000000070b000000, 0x000000070b000000|100%| O|  |TAMS 0x000000070ae00000| PB 0x000000070ae00000| Untracked |  0
|  44|0x000000070b000000, 0x000000070b200000, 0x000000070b200000|100%| O|  |TAMS 0x000000070b000000| PB 0x000000070b000000| Untracked |  0
|  45|0x000000070b200000, 0x000000070b400000, 0x000000070b400000|100%| O|  |TAMS 0x000000070b200000| PB 0x000000070b200000| Untracked |  0
|  46|0x000000070b400000, 0x000000070b600000, 0x000000070b600000|100%| O|Cm|TAMS 0x000000070b400000| PB 0x000000070b400000| Complete |  0
|  47|0x000000070b600000, 0x000000070b800000, 0x000000070b800000|100%| O|  |TAMS 0x000000070b600000| PB 0x000000070b600000| Untracked |  0
|  48|0x000000070b800000, 0x000000070ba00000, 0x000000070ba00000|100%| O|Cm|TAMS 0x000000070b800000| PB 0x000000070b800000| Complete |  0
|  49|0x000000070ba00000, 0x000000070ba00000, 0x000000070bc00000|  0%| F|  |TAMS 0x000000070ba00000| PB 0x000000070ba00000| Untracked |  0
|  50|0x000000070bc00000, 0x000000070bc00000, 0x000000070be00000|  0%| F|  |TAMS 0x000000070bc00000| PB 0x000000070bc00000| Untracked |  0
|  51|0x000000070be00000, 0x000000070be00000, 0x000000070c000000|  0%| F|  |TAMS 0x000000070be00000| PB 0x000000070be00000| Untracked |  0
|  52|0x000000070c000000, 0x000000070c200000, 0x000000070c200000|100%| O|Cm|TAMS 0x000000070c000000| PB 0x000000070c000000| Complete |  0
|  53|0x000000070c200000, 0x000000070c200000, 0x000000070c400000|  0%| F|  |TAMS 0x000000070c200000| PB 0x000000070c200000| Untracked |  0
|  54|0x000000070c400000, 0x000000070c400000, 0x000000070c600000|  0%| F|  |TAMS 0x000000070c400000| PB 0x000000070c400000| Untracked |  0
|  55|0x000000070c600000, 0x000000070c800000, 0x000000070c800000|100%| O|  |TAMS 0x000000070c600000| PB 0x000000070c600000| Untracked |  0
|  56|0x000000070c800000, 0x000000070ca00000, 0x000000070ca00000|100%| O|  |TAMS 0x000000070c800000| PB 0x000000070c800000| Untracked |  0
|  57|0x000000070ca00000, 0x000000070cc00000, 0x000000070cc00000|100%| O|  |TAMS 0x000000070ca00000| PB 0x000000070ca00000| Untracked |  0
|  58|0x000000070cc00000, 0x000000070ce00000, 0x000000070ce00000|100%| O|  |TAMS 0x000000070cc00000| PB 0x000000070cc00000| Untracked |  0
|  59|0x000000070ce00000, 0x000000070ce00000, 0x000000070d000000|  0%| F|  |TAMS 0x000000070ce00000| PB 0x000000070ce00000| Untracked |  0
|  60|0x000000070d000000, 0x000000070d200000, 0x000000070d200000|100%| O|Cm|TAMS 0x000000070d000000| PB 0x000000070d000000| Complete |  0
|  61|0x000000070d200000, 0x000000070d400000, 0x000000070d400000|100%|HS|  |TAMS 0x000000070d200000| PB 0x000000070d200000| Complete |  0
|  62|0x000000070d400000, 0x000000070d600000, 0x000000070d600000|100%|HC|  |TAMS 0x000000070d400000| PB 0x000000070d400000| Complete |  0
|  63|0x000000070d600000, 0x000000070d800000, 0x000000070d800000|100%| O|  |TAMS 0x000000070d600000| PB 0x000000070d600000| Untracked |  0
|  64|0x000000070d800000, 0x000000070d800000, 0x000000070da00000|  0%| F|  |TAMS 0x000000070d800000| PB 0x000000070d800000| Untracked |  0
|  65|0x000000070da00000, 0x000000070da00000, 0x000000070dc00000|  0%| F|  |TAMS 0x000000070da00000| PB 0x000000070da00000| Untracked |  0
|  66|0x000000070dc00000, 0x000000070de00000, 0x000000070de00000|100%| O|Cm|TAMS 0x000000070dc00000| PB 0x000000070dc00000| Complete |  0
|  67|0x000000070de00000, 0x000000070e000000, 0x000000070e000000|100%| O|  |TAMS 0x000000070de00000| PB 0x000000070de00000| Untracked |  0
|  68|0x000000070e000000, 0x000000070e000000, 0x000000070e200000|  0%| F|  |TAMS 0x000000070e000000| PB 0x000000070e000000| Untracked |  0
|  69|0x000000070e200000, 0x000000070e400000, 0x000000070e400000|100%| O|  |TAMS 0x000000070e200000| PB 0x000000070e200000| Untracked |  0
|  70|0x000000070e400000, 0x000000070e600000, 0x000000070e600000|100%| O|  |TAMS 0x000000070e400000| PB 0x000000070e400000| Untracked |  0
|  71|0x000000070e600000, 0x000000070e800000, 0x000000070e800000|100%| O|Cm|TAMS 0x000000070e600000| PB 0x000000070e600000| Complete |  0
|  72|0x000000070e800000, 0x000000070ea00000, 0x000000070ea00000|100%| O|  |TAMS 0x000000070e800000| PB 0x000000070e800000| Untracked |  0
|  73|0x000000070ea00000, 0x000000070ec00000, 0x000000070ec00000|100%| O|  |TAMS 0x000000070ea00000| PB 0x000000070ea00000| Untracked |  0
|  74|0x000000070ec00000, 0x000000070ee00000, 0x000000070ee00000|100%| O|  |TAMS 0x000000070ec00000| PB 0x000000070ec00000| Untracked |  0
|  75|0x000000070ee00000, 0x000000070f000000, 0x000000070f000000|100%| O|  |TAMS 0x000000070ee00000| PB 0x000000070ee00000| Untracked |  0
|  76|0x000000070f000000, 0x000000070f000000, 0x000000070f200000|  0%| F|  |TAMS 0x000000070f000000| PB 0x000000070f000000| Untracked |  0
|  77|0x000000070f200000, 0x000000070f400000, 0x000000070f400000|100%| O|Cm|TAMS 0x000000070f200000| PB 0x000000070f200000| Complete |  0
|  78|0x000000070f400000, 0x000000070f600000, 0x000000070f600000|100%| O|Cm|TAMS 0x000000070f400000| PB 0x000000070f400000| Complete |  0
|  79|0x000000070f600000, 0x000000070f800000, 0x000000070f800000|100%| O|Cm|TAMS 0x000000070f600000| PB 0x000000070f600000| Complete |  0
|  80|0x000000070f800000, 0x000000070fa00000, 0x000000070fa00000|100%| O|Cm|TAMS 0x000000070f800000| PB 0x000000070f800000| Complete |  0
|  81|0x000000070fa00000, 0x000000070fc00000, 0x000000070fc00000|100%| O|Cm|TAMS 0x000000070fa00000| PB 0x000000070fa00000| Complete |  0
|  82|0x000000070fc00000, 0x000000070fc00000, 0x000000070fe00000|  0%| F|  |TAMS 0x000000070fc00000| PB 0x000000070fc00000| Untracked |  0
|  83|0x000000070fe00000, 0x000000070fe00000, 0x0000000710000000|  0%| F|  |TAMS 0x000000070fe00000| PB 0x000000070fe00000| Untracked |  0
|  84|0x0000000710000000, 0x0000000710200000, 0x0000000710200000|100%| O|Cm|TAMS 0x0000000710000000| PB 0x0000000710000000| Complete |  0
|  85|0x0000000710200000, 0x0000000710400000, 0x0000000710400000|100%| O|Cm|TAMS 0x0000000710200000| PB 0x0000000710200000| Complete |  0
|  86|0x0000000710400000, 0x0000000710600000, 0x0000000710600000|100%| O|Cm|TAMS 0x0000000710400000| PB 0x0000000710400000| Complete |  0
|  87|0x0000000710600000, 0x0000000710800000, 0x0000000710800000|100%| O|  |TAMS 0x0000000710600000| PB 0x0000000710600000| Untracked |  0
|  88|0x0000000710800000, 0x0000000710a00000, 0x0000000710a00000|100%| O|  |TAMS 0x0000000710800000| PB 0x0000000710800000| Untracked |  0
|  89|0x0000000710a00000, 0x0000000710c00000, 0x0000000710c00000|100%| O|Cm|TAMS 0x0000000710a00000| PB 0x0000000710a00000| Complete |  0
|  90|0x0000000710c00000, 0x0000000710c00000, 0x0000000710e00000|  0%| F|  |TAMS 0x0000000710c00000| PB 0x0000000710c00000| Untracked |  0
|  91|0x0000000710e00000, 0x0000000710e00000, 0x0000000711000000|  0%| F|  |TAMS 0x0000000710e00000| PB 0x0000000710e00000| Untracked |  0
|  92|0x0000000711000000, 0x0000000711200000, 0x0000000711200000|100%| O|Cm|TAMS 0x0000000711000000| PB 0x0000000711000000| Complete |  1
|  93|0x0000000711200000, 0x0000000711400000, 0x0000000711400000|100%| O|Cm|TAMS 0x0000000711200000| PB 0x0000000711200000| Complete |  0
|  94|0x0000000711400000, 0x0000000711600000, 0x0000000711600000|100%| O|Cm|TAMS 0x0000000711400000| PB 0x0000000711400000| Complete |  0
|  95|0x0000000711600000, 0x0000000711800000, 0x0000000711800000|100%| O|  |TAMS 0x0000000711600000| PB 0x0000000711600000| Untracked |  0
|  96|0x0000000711800000, 0x0000000711a00000, 0x0000000711a00000|100%| O|  |TAMS 0x0000000711800000| PB 0x0000000711800000| Untracked |  0
|  97|0x0000000711a00000, 0x0000000711a00000, 0x0000000711c00000|  0%| F|  |TAMS 0x0000000711a00000| PB 0x0000000711a00000| Untracked |  0
|  98|0x0000000711c00000, 0x0000000711e00000, 0x0000000711e00000|100%| O|Cm|TAMS 0x0000000711c00000| PB 0x0000000711c00000| Complete |  0
|  99|0x0000000711e00000, 0x0000000711e00000, 0x0000000712000000|  0%| F|  |TAMS 0x0000000711e00000| PB 0x0000000711e00000| Untracked |  0
| 100|0x0000000712000000, 0x0000000712000000, 0x0000000712200000|  0%| F|  |TAMS 0x0000000712000000| PB 0x0000000712000000| Untracked |  0
| 101|0x0000000712200000, 0x0000000712400000, 0x0000000712400000|100%| O|Cm|TAMS 0x0000000712200000| PB 0x0000000712200000| Complete |  0
| 102|0x0000000712400000, 0x0000000712600000, 0x0000000712600000|100%| O|  |TAMS 0x0000000712400000| PB 0x0000000712400000| Untracked |  0
| 103|0x0000000712600000, 0x0000000712800000, 0x0000000712800000|100%| O|Cm|TAMS 0x0000000712600000| PB 0x0000000712600000| Complete |  0
| 104|0x0000000712800000, 0x0000000712800000, 0x0000000712a00000|  0%| F|  |TAMS 0x0000000712800000| PB 0x0000000712800000| Untracked |  0
| 105|0x0000000712a00000, 0x0000000712a00000, 0x0000000712c00000|  0%| F|  |TAMS 0x0000000712a00000| PB 0x0000000712a00000| Untracked |  0
| 106|0x0000000712c00000, 0x0000000712c00000, 0x0000000712e00000|  0%| F|  |TAMS 0x0000000712c00000| PB 0x0000000712c00000| Untracked |  0
| 107|0x0000000712e00000, 0x0000000713000000, 0x0000000713000000|100%| O|  |TAMS 0x0000000712e00000| PB 0x0000000712e00000| Untracked |  0
| 108|0x0000000713000000, 0x0000000713200000, 0x0000000713200000|100%| O|Cm|TAMS 0x0000000713000000| PB 0x0000000713000000| Complete |  0
| 109|0x0000000713200000, 0x0000000713400000, 0x0000000713400000|100%|HS|  |TAMS 0x0000000713200000| PB 0x0000000713200000| Complete |  0
| 110|0x0000000713400000, 0x0000000713600000, 0x0000000713600000|100%|HC|  |TAMS 0x0000000713400000| PB 0x0000000713400000| Complete |  0
| 111|0x0000000713600000, 0x0000000713800000, 0x0000000713800000|100%| O|  |TAMS 0x0000000713600000| PB 0x0000000713600000| Untracked |  0
| 112|0x0000000713800000, 0x0000000713a00000, 0x0000000713a00000|100%| O|  |TAMS 0x0000000713800000| PB 0x0000000713800000| Untracked |  0
| 113|0x0000000713a00000, 0x0000000713c00000, 0x0000000713c00000|100%| O|  |TAMS 0x0000000713a00000| PB 0x0000000713a00000| Untracked |  0
| 114|0x0000000713c00000, 0x0000000713e00000, 0x0000000713e00000|100%| O|  |TAMS 0x0000000713c00000| PB 0x0000000713c00000| Untracked |  0
| 115|0x0000000713e00000, 0x0000000714000000, 0x0000000714000000|100%| O|  |TAMS 0x0000000713e00000| PB 0x0000000713e00000| Untracked |  0
| 116|0x0000000714000000, 0x0000000714200000, 0x0000000714200000|100%| O|  |TAMS 0x0000000714000000| PB 0x0000000714000000| Untracked |  0
| 117|0x0000000714200000, 0x0000000714400000, 0x0000000714400000|100%| O|  |TAMS 0x0000000714200000| PB 0x0000000714200000| Untracked |  0
| 118|0x0000000714400000, 0x0000000714600000, 0x0000000714600000|100%| O|  |TAMS 0x0000000714400000| PB 0x0000000714400000| Untracked |  0
| 119|0x0000000714600000, 0x0000000714800000, 0x0000000714800000|100%| O|Cm|TAMS 0x0000000714600000| PB 0x0000000714600000| Complete |  0
| 120|0x0000000714800000, 0x0000000714a00000, 0x0000000714a00000|100%| O|Cm|TAMS 0x0000000714800000| PB 0x0000000714800000| Complete |  0
| 121|0x0000000714a00000, 0x0000000714a00000, 0x0000000714c00000|  0%| F|  |TAMS 0x0000000714a00000| PB 0x0000000714a00000| Untracked |  0
| 122|0x0000000714c00000, 0x0000000714e00000, 0x0000000714e00000|100%| O|  |TAMS 0x0000000714c00000| PB 0x0000000714c00000| Untracked |  0
| 123|0x0000000714e00000, 0x0000000715000000, 0x0000000715000000|100%| O|  |TAMS 0x0000000714e00000| PB 0x0000000714e00000| Untracked |  0
| 124|0x0000000715000000, 0x0000000715200000, 0x0000000715200000|100%| O|  |TAMS 0x0000000715000000| PB 0x0000000715000000| Untracked |  0
| 125|0x0000000715200000, 0x0000000715400000, 0x0000000715400000|100%| O|  |TAMS 0x0000000715200000| PB 0x0000000715200000| Untracked |  0
| 126|0x0000000715400000, 0x0000000715600000, 0x0000000715600000|100%| O|  |TAMS 0x0000000715400000| PB 0x0000000715400000| Untracked |  0
| 127|0x0000000715600000, 0x0000000715800000, 0x0000000715800000|100%| O|  |TAMS 0x0000000715600000| PB 0x0000000715600000| Untracked |  0
| 128|0x0000000715800000, 0x0000000715a00000, 0x0000000715a00000|100%| O|  |TAMS 0x0000000715800000| PB 0x0000000715800000| Untracked |  0
| 129|0x0000000715a00000, 0x0000000715c00000, 0x0000000715c00000|100%| O|  |TAMS 0x0000000715a00000| PB 0x0000000715a00000| Untracked |  0
| 130|0x0000000715c00000, 0x0000000715e00000, 0x0000000715e00000|100%| O|  |TAMS 0x0000000715c00000| PB 0x0000000715c00000| Untracked |  0
| 131|0x0000000715e00000, 0x0000000715f0a040, 0x0000000716000000| 51%| O|  |TAMS 0x0000000715e00000| PB 0x0000000715e00000| Untracked |  0
| 132|0x0000000716000000, 0x0000000716000000, 0x0000000716200000|  0%| F|  |TAMS 0x0000000716000000| PB 0x0000000716000000| Untracked |  0
| 133|0x0000000716200000, 0x0000000716200000, 0x0000000716400000|  0%| F|  |TAMS 0x0000000716200000| PB 0x0000000716200000| Untracked |  0
| 134|0x0000000716400000, 0x0000000716400000, 0x0000000716600000|  0%| F|  |TAMS 0x0000000716400000| PB 0x0000000716400000| Untracked |  0
| 135|0x0000000716600000, 0x0000000716600000, 0x0000000716800000|  0%| F|  |TAMS 0x0000000716600000| PB 0x0000000716600000| Untracked |  0
| 136|0x0000000716800000, 0x0000000716800000, 0x0000000716a00000|  0%| F|  |TAMS 0x0000000716800000| PB 0x0000000716800000| Untracked |  0
| 137|0x0000000716a00000, 0x0000000716a00000, 0x0000000716c00000|  0%| F|  |TAMS 0x0000000716a00000| PB 0x0000000716a00000| Untracked |  0
| 138|0x0000000716c00000, 0x0000000716c00000, 0x0000000716e00000|  0%| F|  |TAMS 0x0000000716c00000| PB 0x0000000716c00000| Untracked |  0
| 139|0x0000000716e00000, 0x0000000716e00000, 0x0000000717000000|  0%| F|  |TAMS 0x0000000716e00000| PB 0x0000000716e00000| Untracked |  0
| 140|0x0000000717000000, 0x0000000717000000, 0x0000000717200000|  0%| F|  |TAMS 0x0000000717000000| PB 0x0000000717000000| Untracked |  0
| 141|0x0000000717200000, 0x0000000717200000, 0x0000000717400000|  0%| F|  |TAMS 0x0000000717200000| PB 0x0000000717200000| Untracked |  0
| 142|0x0000000717400000, 0x0000000717400000, 0x0000000717600000|  0%| F|  |TAMS 0x0000000717400000| PB 0x0000000717400000| Untracked |  0
| 143|0x0000000717600000, 0x0000000717600000, 0x0000000717800000|  0%| F|  |TAMS 0x0000000717600000| PB 0x0000000717600000| Untracked |  0
| 144|0x0000000717800000, 0x0000000717800000, 0x0000000717a00000|  0%| F|  |TAMS 0x0000000717800000| PB 0x0000000717800000| Untracked |  0
| 145|0x0000000717a00000, 0x0000000717a00000, 0x0000000717c00000|  0%| F|  |TAMS 0x0000000717a00000| PB 0x0000000717a00000| Untracked |  0
| 146|0x0000000717c00000, 0x0000000717e00000, 0x0000000717e00000|100%| S|CS|TAMS 0x0000000717c00000| PB 0x0000000717c00000| Complete |  0
| 147|0x0000000717e00000, 0x0000000718000000, 0x0000000718000000|100%| S|CS|TAMS 0x0000000717e00000| PB 0x0000000717e00000| Complete |  0
| 148|0x0000000718000000, 0x0000000718200000, 0x0000000718200000|100%| S|CS|TAMS 0x0000000718000000| PB 0x0000000718000000| Complete |  0
| 149|0x0000000718200000, 0x0000000718400000, 0x0000000718400000|100%| S|CS|TAMS 0x0000000718200000| PB 0x0000000718200000| Complete |  0
| 150|0x0000000718400000, 0x0000000718600000, 0x0000000718600000|100%| S|CS|TAMS 0x0000000718400000| PB 0x0000000718400000| Complete |  0
| 151|0x0000000718600000, 0x0000000718600000, 0x0000000718800000|  0%| F|  |TAMS 0x0000000718600000| PB 0x0000000718600000| Untracked |  0
| 152|0x0000000718800000, 0x0000000718800000, 0x0000000718a00000|  0%| F|  |TAMS 0x0000000718800000| PB 0x0000000718800000| Untracked |  0
| 153|0x0000000718a00000, 0x0000000718a00000, 0x0000000718c00000|  0%| F|  |TAMS 0x0000000718a00000| PB 0x0000000718a00000| Untracked |  0
| 154|0x0000000718c00000, 0x0000000718c00000, 0x0000000718e00000|  0%| F|  |TAMS 0x0000000718c00000| PB 0x0000000718c00000| Untracked |  0
| 155|0x0000000718e00000, 0x0000000718e00000, 0x0000000719000000|  0%| F|  |TAMS 0x0000000718e00000| PB 0x0000000718e00000| Untracked |  0
| 156|0x0000000719000000, 0x0000000719000000, 0x0000000719200000|  0%| F|  |TAMS 0x0000000719000000| PB 0x0000000719000000| Untracked |  0
| 157|0x0000000719200000, 0x0000000719200000, 0x0000000719400000|  0%| F|  |TAMS 0x0000000719200000| PB 0x0000000719200000| Untracked |  0
| 158|0x0000000719400000, 0x0000000719400000, 0x0000000719600000|  0%| F|  |TAMS 0x0000000719400000| PB 0x0000000719400000| Untracked |  0
| 159|0x0000000719600000, 0x0000000719600000, 0x0000000719800000|  0%| F|  |TAMS 0x0000000719600000| PB 0x0000000719600000| Untracked |  0
| 160|0x0000000719800000, 0x0000000719800000, 0x0000000719a00000|  0%| F|  |TAMS 0x0000000719800000| PB 0x0000000719800000| Untracked |  0
| 161|0x0000000719a00000, 0x0000000719a00000, 0x0000000719c00000|  0%| F|  |TAMS 0x0000000719a00000| PB 0x0000000719a00000| Untracked |  0
| 162|0x0000000719c00000, 0x0000000719c00000, 0x0000000719e00000|  0%| F|  |TAMS 0x0000000719c00000| PB 0x0000000719c00000| Untracked |  0
| 163|0x0000000719e00000, 0x0000000719e00000, 0x000000071a000000|  0%| F|  |TAMS 0x0000000719e00000| PB 0x0000000719e00000| Untracked |  0
| 164|0x000000071a000000, 0x000000071a000000, 0x000000071a200000|  0%| F|  |TAMS 0x000000071a000000| PB 0x000000071a000000| Untracked |  0
| 165|0x000000071a200000, 0x000000071a200000, 0x000000071a400000|  0%| F|  |TAMS 0x000000071a200000| PB 0x000000071a200000| Untracked |  0
|1979|0x00000007fce00000, 0x00000007fce00000, 0x00000007fd000000|  0%| F|  |TAMS 0x00000007fce00000| PB 0x00000007fce00000| Untracked |  0
|1980|0x00000007fd000000, 0x00000007fd000000, 0x00000007fd200000|  0%| F|  |TAMS 0x00000007fd000000| PB 0x00000007fd000000| Untracked |  0
|1981|0x00000007fd200000, 0x00000007fd200000, 0x00000007fd400000|  0%| F|  |TAMS 0x00000007fd200000| PB 0x00000007fd200000| Untracked |  0
|1982|0x00000007fd400000, 0x00000007fd400000, 0x00000007fd600000|  0%| F|  |TAMS 0x00000007fd400000| PB 0x00000007fd400000| Untracked |  0
|1983|0x00000007fd600000, 0x00000007fd600000, 0x00000007fd800000|  0%| F|  |TAMS 0x00000007fd600000| PB 0x00000007fd600000| Untracked |  0
|1984|0x00000007fd800000, 0x00000007fd800000, 0x00000007fda00000|  0%| F|  |TAMS 0x00000007fd800000| PB 0x00000007fd800000| Untracked |  0
|1985|0x00000007fda00000, 0x00000007fda00000, 0x00000007fdc00000|  0%| F|  |TAMS 0x00000007fda00000| PB 0x00000007fda00000| Untracked |  0
|1986|0x00000007fdc00000, 0x00000007fdc00000, 0x00000007fde00000|  0%| F|  |TAMS 0x00000007fdc00000| PB 0x00000007fdc00000| Untracked |  0
|1987|0x00000007fde00000, 0x00000007fde00000, 0x00000007fe000000|  0%| F|  |TAMS 0x00000007fde00000| PB 0x00000007fde00000| Untracked |  0
|1988|0x00000007fe000000, 0x00000007fe000000, 0x00000007fe200000|  0%| F|  |TAMS 0x00000007fe000000| PB 0x00000007fe000000| Untracked |  0
|1989|0x00000007fe200000, 0x00000007fe200000, 0x00000007fe400000|  0%| F|  |TAMS 0x00000007fe200000| PB 0x00000007fe200000| Untracked |  0
|1990|0x00000007fe400000, 0x00000007fe400000, 0x00000007fe600000|  0%| F|  |TAMS 0x00000007fe400000| PB 0x00000007fe400000| Untracked |  0
|1991|0x00000007fe600000, 0x00000007fe600000, 0x00000007fe800000|  0%| F|  |TAMS 0x00000007fe600000| PB 0x00000007fe600000| Untracked |  0
|1992|0x00000007fe800000, 0x00000007fe800000, 0x00000007fea00000|  0%| F|  |TAMS 0x00000007fe800000| PB 0x00000007fe800000| Untracked |  0
|1993|0x00000007fea00000, 0x00000007fea00000, 0x00000007fec00000|  0%| F|  |TAMS 0x00000007fea00000| PB 0x00000007fea00000| Untracked |  0
|1994|0x00000007fec00000, 0x00000007fec00000, 0x00000007fee00000|  0%| F|  |TAMS 0x00000007fec00000| PB 0x00000007fec00000| Untracked |  0
|1995|0x00000007fee00000, 0x00000007fee00000, 0x00000007ff000000|  0%| F|  |TAMS 0x00000007fee00000| PB 0x00000007fee00000| Untracked |  0
|1996|0x00000007ff000000, 0x00000007ff0fbf00, 0x00000007ff200000| 49%| E|  |TAMS 0x00000007ff000000| PB 0x00000007ff000000| Complete |  0
|1997|0x00000007ff200000, 0x00000007ff400000, 0x00000007ff400000|100%| E|CS|TAMS 0x00000007ff200000| PB 0x00000007ff200000| Complete |  0
|1998|0x00000007ff400000, 0x00000007ff600000, 0x00000007ff600000|100%| E|CS|TAMS 0x00000007ff400000| PB 0x00000007ff400000| Complete |  0
|1999|0x00000007ff600000, 0x00000007ff800000, 0x00000007ff800000|100%| E|CS|TAMS 0x00000007ff600000| PB 0x00000007ff600000| Complete |  0
|2000|0x00000007ff800000, 0x00000007ffa00000, 0x00000007ffa00000|100%| E|CS|TAMS 0x00000007ff800000| PB 0x00000007ff800000| Complete |  0
|2001|0x00000007ffa00000, 0x00000007ffc00000, 0x00000007ffc00000|100%| E|CS|TAMS 0x00000007ffa00000| PB 0x00000007ffa00000| Complete |  0
|2002|0x00000007ffc00000, 0x00000007ffe00000, 0x00000007ffe00000|100%| E|CS|TAMS 0x00000007ffc00000| PB 0x00000007ffc00000| Complete |  0
|2003|0x00000007ffe00000, 0x00000007fff256a0, 0x0000000800000000| 57%| O|  |TAMS 0x00000007ffe00000| PB 0x00000007ffe00000| Untracked |  0

Card table byte_map: [0x0000017ad21d0000,0x0000017ad29b0000] _byte_map_base: 0x0000017ace9a4000

Marking Bits: (CMBitMap*) 0x0000017ab9c8eaf0
 Bits: [0x0000017ad29b0000, 0x0000017ad6850000)

Polling page: 0x0000017ab7ab0000

Metaspace:
Metaspace        used 20764K, committed 21056K, reserved 1114112K
 class space     used 2587K, committed 2752K, reserved 1048576K

Usage:
  Non-class:     17.75 MB used.
      Class:      2.53 MB used.
       Both:     20.28 MB used.

Virtual space:
  Non-class space:       64.00 MB reserved,      17.88 MB ( 28%) committed,  1 nodes.
      Class space:        1.00 GB reserved,       2.69 MB ( <1%) committed,  1 nodes.
             Both:        1.06 GB reserved,      20.56 MB (  2%) committed. 

Chunk freelists:
   Non-Class:  13.59 MB
       Class:  13.36 MB
        Both:  26.95 MB

MaxMetaspaceSize: unlimited
CompressedClassSpaceSize: 1.00 GB
Initial GC threshold: 21.00 MB
Current GC threshold: 34.31 MB
CDS: on
 - commit_granule_bytes: 65536.
 - commit_granule_words: 8192.
 - virtual_space_node_default_size: 8388608.
 - enlarge_chunks_in_place: 1.
UseCompressedClassPointers 1, UseCompactObjectHeaders 0
Narrow klass pointer bits 32, Max shift 3
Narrow klass base: 0x000000003d000000, Narrow klass shift: 0
Encoding Range: [0x000000003d000000 - 0x000000013d000000), (4294967296 bytes)
Klass Range:    [0x000000003d010000 - 0x000000007e000000), (1090453504 bytes)
Klass ID Range:  [65536 - 1090519033) (1090453497)
Protection zone: [0x000000003d000000 - 0x000000003d010000), (65536 bytes)


Internal statistics:

num_allocs_failed_limit: 0.
num_arena_births: 258.
num_arena_deaths: 0.
num_vsnodes_births: 2.
num_vsnodes_deaths: 0.
num_space_committed: 329.
num_space_uncommitted: 0.
num_chunks_returned_to_freelist: 0.
num_chunks_taken_from_freelist: 924.
num_chunk_merges: 0.
num_chunk_splits: 664.
num_chunks_enlarged: 547.
num_inconsistent_stats: 0.

CodeHeap 'non-profiled nmethods': size=120064Kb used=3844Kb max_used=4440Kb free=116219Kb
 bounds [0x0000017ac9f60000, 0x0000017aca3c0000, 0x0000017ad14a0000]
CodeHeap 'profiled nmethods': size=120000Kb used=9230Kb max_used=13229Kb free=110769Kb
 bounds [0x0000017ac24a0000, 0x0000017ac3190000, 0x0000017ac99d0000]
CodeHeap 'non-nmethods': size=5696Kb used=1719Kb max_used=1839Kb free=3977Kb
 bounds [0x0000017ac99d0000, 0x0000017ac9c40000, 0x0000017ac9f60000]
CodeCache: size=245760Kb, used=14793Kb, max_used=19508Kb, free=230965Kb
 total_blobs=7166, nmethods=6325, adapters=744, full_count=0
Compilation: enabled, stopped_count=0, restarted_count=0

Compilation events (20 events):
Event: 228.037 Thread 0x0000017ad92730f0 8056       3       javafx.scene.shape.LineTo$3::<init> (10 bytes)
Event: 228.037 Thread 0x0000017ad92730f0 nmethod 8056 0x0000017ac2718608 code [0x0000017ac2718700, 0x0000017ac2718b40]
Event: 228.037 Thread 0x0000017ad92730f0 8057       3       com.sun.javafx.scene.shape.LineToHelper::initHelper (8 bytes)
Event: 228.037 Thread 0x0000017ad92730f0 nmethod 8057 0x0000017ac255e508 code [0x0000017ac255e600, 0x0000017ac255e8c8]
Event: 228.037 Thread 0x0000017ad92730f0 8058       3       com.sun.javafx.scene.shape.LineToHelper::getInstance (4 bytes)
Event: 228.037 Thread 0x0000017ad92730f0 nmethod 8058 0x0000017ac25e4b88 code [0x0000017ac25e4c80, 0x0000017ac25e4d70]
Event: 228.037 Thread 0x0000017ad92730f0 8051       3       javafx.scene.shape.MoveTo::yProperty (24 bytes)
Event: 228.038 Thread 0x0000017ad92730f0 nmethod 8051 0x0000017ac250b688 code [0x0000017ac250b780, 0x0000017ac250bc88]
Event: 228.038 Thread 0x0000017ad92730f0 8052       3       javafx.scene.shape.MoveTo$3::<init> (10 bytes)
Event: 228.038 Thread 0x0000017ad92730f0 nmethod 8052 0x0000017ac275a608 code [0x0000017ac275a700, 0x0000017ac275ab40]
Event: 231.955 Thread 0x0000017ad9268da0 8061       4       javafx.scene.control.skin.VirtualFlow$ArrayLinkedList::isEmpty (14 bytes)
Event: 231.956 Thread 0x0000017ad9268da0 nmethod 8061 0x0000017ac9f9e908 code [0x0000017ac9f9ea00, 0x0000017ac9f9ea88]
Event: 233.633 Thread 0x0000017ad92730f0 8062   !   3       com.sun.scenario.effect.impl.prism.PrEffectHelper::render (626 bytes)
Event: 233.636 Thread 0x0000017ad92730f0 nmethod 8062 0x0000017ac27dd288 code [0x0000017ac27dd3a0, 0x0000017ac27e0d00]
Event: 234.835 Thread 0x0000017ad92730f0 8063       3       javafx.animation.Animation::getCycleDuration (24 bytes)
Event: 234.836 Thread 0x0000017ad92730f0 nmethod 8063 0x0000017ac256aa08 code [0x0000017ac256ab00, 0x0000017ac256ade8]
Event: 235.719 Thread 0x0000017ad9268da0 8064       4       java.nio.ByteBuffer::array (35 bytes)
Event: 235.719 Thread 0x0000017ad92730f0 8065       3       java.nio.CharBuffer::arrayOffset (35 bytes)
Event: 235.720 Thread 0x0000017ad92730f0 nmethod 8065 0x0000017ac25ab108 code [0x0000017ac25ab200, 0x0000017ac25ab4c0]
Event: 235.720 Thread 0x0000017ad9268da0 nmethod 8064 0x0000017ac9fc1088 code [0x0000017ac9fc1180, 0x0000017ac9fc1238]

GC Heap Usage History (20 events):
Event: 209.130 {heap Before GC invocations=28 (full 0):
 garbage-first heap   total reserved 4104192K, committed 325632K, used 255125K [0x0000000705800000, 0x0000000800000000)
  region size 2048K, 23 young (47104K), 3 survivors (6144K)
}
Event: 209.156 {heap After GC invocations=29 (full 0):
 garbage-first heap   total reserved 4104192K, committed 325632K, used 198805K [0x0000000705800000, 0x0000000800000000)
  region size 2048K, 3 young (6144K), 3 survivors (6144K)
}
Event: 209.756 {heap Before GC invocations=29 (full 0):
 garbage-first heap   total reserved 4104192K, committed 325632K, used 247957K [0x0000000705800000, 0x0000000800000000)
  region size 2048K, 25 young (51200K), 3 survivors (6144K)
}
Event: 209.774 {heap After GC invocations=30 (full 0):
 garbage-first heap   total reserved 4104192K, committed 391168K, used 217052K [0x0000000705800000, 0x0000000800000000)
  region size 2048K, 4 young (8192K), 4 survivors (8192K)
}
Event: 210.558 {heap Before GC invocations=30 (full 0):
 garbage-first heap   total reserved 4104192K, committed 391168K, used 217052K [0x0000000705800000, 0x0000000800000000)
  region size 2048K, 5 young (10240K), 4 survivors (8192K)
}
Event: 210.567 {heap After GC invocations=31 (full 0):
 garbage-first heap   total reserved 4104192K, committed 391168K, used 221346K [0x0000000705800000, 0x0000000800000000)
  region size 2048K, 2 young (4096K), 2 survivors (4096K)
}
Event: 218.531 {heap Before GC invocations=32 (full 0):
 garbage-first heap   total reserved 4104192K, committed 391168K, used 241826K [0x0000000705800000, 0x0000000800000000)
  region size 2048K, 32 young (65536K), 2 survivors (4096K)
}
Event: 218.546 {heap After GC invocations=33 (full 0):
 garbage-first heap   total reserved 4104192K, committed 391168K, used 203925K [0x0000000705800000, 0x0000000800000000)
  region size 2048K, 4 young (8192K), 4 survivors (8192K)
}
Event: 221.327 {heap Before GC invocations=33 (full 0):
 garbage-first heap   total reserved 4104192K, committed 391168K, used 287893K [0x0000000705800000, 0x0000000800000000)
  region size 2048K, 39 young (79872K), 4 survivors (8192K)
}
Event: 221.352 {heap After GC invocations=34 (full 0):
 garbage-first heap   total reserved 4104192K, committed 391168K, used 197781K [0x0000000705800000, 0x0000000800000000)
  region size 2048K, 5 young (10240K), 5 survivors (10240K)
}
Event: 225.570 {heap Before GC invocations=34 (full 0):
 garbage-first heap   total reserved 4104192K, committed 391168K, used 287893K [0x0000000705800000, 0x0000000800000000)
  region size 2048K, 43 young (88064K), 5 survivors (10240K)
}
Event: 225.595 {heap After GC invocations=35 (full 0):
 garbage-first heap   total reserved 4104192K, committed 391168K, used 209045K [0x0000000705800000, 0x0000000800000000)
  region size 2048K, 6 young (12288K), 6 survivors (12288K)
}
Event: 228.654 {heap Before GC invocations=35 (full 0):
 garbage-first heap   total reserved 4104192K, committed 391168K, used 295061K [0x0000000705800000, 0x0000000800000000)
  region size 2048K, 42 young (86016K), 6 survivors (12288K)
}
Event: 228.682 {heap After GC invocations=36 (full 0):
 garbage-first heap   total reserved 4104192K, committed 391168K, used 236693K [0x0000000705800000, 0x0000000800000000)
  region size 2048K, 6 young (12288K), 6 survivors (12288K)
}
Event: 229.367 {heap Before GC invocations=36 (full 0):
 garbage-first heap   total reserved 4104192K, committed 391168K, used 244885K [0x0000000705800000, 0x0000000800000000)
  region size 2048K, 11 young (22528K), 6 survivors (12288K)
}
Event: 229.380 {heap After GC invocations=37 (full 0):
 garbage-first heap   total reserved 4104192K, committed 391168K, used 243370K [0x0000000705800000, 0x0000000800000000)
  region size 2048K, 3 young (6144K), 3 survivors (6144K)
}
Event: 230.518 {heap Before GC invocations=38 (full 0):
 garbage-first heap   total reserved 4104192K, committed 391168K, used 272042K [0x0000000705800000, 0x0000000800000000)
  region size 2048K, 34 young (69632K), 3 survivors (6144K)
}
Event: 230.541 {heap After GC invocations=39 (full 0):
 garbage-first heap   total reserved 4104192K, committed 391168K, used 232597K [0x0000000705800000, 0x0000000800000000)
  region size 2048K, 5 young (10240K), 5 survivors (10240K)
}
Event: 234.960 {heap Before GC invocations=39 (full 0):
 garbage-first heap   total reserved 4104192K, committed 391168K, used 314517K [0x0000000705800000, 0x0000000800000000)
  region size 2048K, 39 young (79872K), 5 survivors (10240K)
}
Event: 234.980 {heap After GC invocations=40 (full 0):
 garbage-first heap   total reserved 4104192K, committed 391168K, used 227517K [0x0000000705800000, 0x0000000800000000)
  region size 2048K, 5 young (10240K), 5 survivors (10240K)
}

Metaspace Usage History (20 events):
Event: 209.130 {metaspace Before GC invocations=28 (full 0):
 Metaspace       used 20756K, committed 21056K, reserved 1114112K
  class space    used 2587K, committed 2752K, reserved 1048576K
}
Event: 209.156 {metaspace After GC invocations=29 (full 0):
 Metaspace       used 20756K, committed 21056K, reserved 1114112K
  class space    used 2587K, committed 2752K, reserved 1048576K
}
Event: 209.756 {metaspace Before GC invocations=29 (full 0):
 Metaspace       used 20756K, committed 21056K, reserved 1114112K
  class space    used 2587K, committed 2752K, reserved 1048576K
}
Event: 209.774 {metaspace After GC invocations=30 (full 0):
 Metaspace       used 20756K, committed 21056K, reserved 1114112K
  class space    used 2587K, committed 2752K, reserved 1048576K
}
Event: 210.558 {metaspace Before GC invocations=30 (full 0):
 Metaspace       used 20756K, committed 21056K, reserved 1114112K
  class space    used 2587K, committed 2752K, reserved 1048576K
}
Event: 210.567 {metaspace After GC invocations=31 (full 0):
 Metaspace       used 20756K, committed 21056K, reserved 1114112K
  class space    used 2587K, committed 2752K, reserved 1048576K
}
Event: 218.531 {metaspace Before GC invocations=32 (full 0):
 Metaspace       used 20756K, committed 21056K, reserved 1114112K
  class space    used 2587K, committed 2752K, reserved 1048576K
}
Event: 218.546 {metaspace After GC invocations=33 (full 0):
 Metaspace       used 20756K, committed 21056K, reserved 1114112K
  class space    used 2587K, committed 2752K, reserved 1048576K
}
Event: 221.327 {metaspace Before GC invocations=33 (full 0):
 Metaspace       used 20756K, committed 21056K, reserved 1114112K
  class space    used 2587K, committed 2752K, reserved 1048576K
}
Event: 221.353 {metaspace After GC invocations=34 (full 0):
 Metaspace       used 20756K, committed 21056K, reserved 1114112K
  class space    used 2587K, committed 2752K, reserved 1048576K
}
Event: 225.570 {metaspace Before GC invocations=34 (full 0):
 Metaspace       used 20759K, committed 21056K, reserved 1114112K
  class space    used 2587K, committed 2752K, reserved 1048576K
}
Event: 225.595 {metaspace After GC invocations=35 (full 0):
 Metaspace       used 20759K, committed 21056K, reserved 1114112K
  class space    used 2587K, committed 2752K, reserved 1048576K
}
Event: 228.654 {metaspace Before GC invocations=35 (full 0):
 Metaspace       used 20760K, committed 21056K, reserved 1114112K
  class space    used 2587K, committed 2752K, reserved 1048576K
}
Event: 228.682 {metaspace After GC invocations=36 (full 0):
 Metaspace       used 20760K, committed 21056K, reserved 1114112K
  class space    used 2587K, committed 2752K, reserved 1048576K
}
Event: 229.367 {metaspace Before GC invocations=36 (full 0):
 Metaspace       used 20760K, committed 21056K, reserved 1114112K
  class space    used 2587K, committed 2752K, reserved 1048576K
}
Event: 229.380 {metaspace After GC invocations=37 (full 0):
 Metaspace       used 20760K, committed 21056K, reserved 1114112K
  class space    used 2587K, committed 2752K, reserved 1048576K
}
Event: 230.518 {metaspace Before GC invocations=38 (full 0):
 Metaspace       used 20760K, committed 21056K, reserved 1114112K
  class space    used 2587K, committed 2752K, reserved 1048576K
}
Event: 230.541 {metaspace After GC invocations=39 (full 0):
 Metaspace       used 20760K, committed 21056K, reserved 1114112K
  class space    used 2587K, committed 2752K, reserved 1048576K
}
Event: 234.960 {metaspace Before GC invocations=39 (full 0):
 Metaspace       used 20760K, committed 21056K, reserved 1114112K
  class space    used 2587K, committed 2752K, reserved 1048576K
}
Event: 234.980 {metaspace After GC invocations=40 (full 0):
 Metaspace       used 20760K, committed 21056K, reserved 1114112K
  class space    used 2587K, committed 2752K, reserved 1048576K
}

Dll operation events (20 events):
Event: 0.703 Loaded shared library C:\Users\carol\.openjfx\cache\21.0.6+3\amd64\api-ms-win-crt-locale-l1-1-0.dll
Event: 0.705 Loaded shared library C:\Users\carol\.openjfx\cache\21.0.6+3\amd64\api-ms-win-crt-math-l1-1-0.dll
Event: 0.707 Loaded shared library C:\Users\carol\.openjfx\cache\21.0.6+3\amd64\api-ms-win-crt-multibyte-l1-1-0.dll
Event: 0.713 Loaded shared library C:\Users\carol\.openjfx\cache\21.0.6+3\amd64\api-ms-win-crt-private-l1-1-0.dll
Event: 0.717 Loaded shared library C:\Users\carol\.openjfx\cache\21.0.6+3\amd64\api-ms-win-crt-process-l1-1-0.dll
Event: 0.720 Loaded shared library C:\Users\carol\.openjfx\cache\21.0.6+3\amd64\api-ms-win-crt-runtime-l1-1-0.dll
Event: 0.724 Loaded shared library C:\Users\carol\.openjfx\cache\21.0.6+3\amd64\api-ms-win-crt-stdio-l1-1-0.dll
Event: 0.726 Loaded shared library C:\Users\carol\.openjfx\cache\21.0.6+3\amd64\api-ms-win-crt-string-l1-1-0.dll
Event: 0.728 Loaded shared library C:\Users\carol\.openjfx\cache\21.0.6+3\amd64\api-ms-win-crt-time-l1-1-0.dll
Event: 0.731 Loaded shared library C:\Users\carol\.openjfx\cache\21.0.6+3\amd64\api-ms-win-crt-utility-l1-1-0.dll
Event: 0.748 Loaded shared library C:\Users\carol\.openjfx\cache\21.0.6+3\amd64\ucrtbase.dll
Event: 0.755 Loaded shared library C:\Users\carol\.openjfx\cache\21.0.6+3\amd64\vcruntime140.dll
Event: 0.758 Loaded shared library C:\Users\carol\.openjfx\cache\21.0.6+3\amd64\vcruntime140_1.dll
Event: 0.768 Loaded shared library C:\Users\carol\.openjfx\cache\21.0.6+3\amd64\msvcp140.dll
Event: 0.771 Loaded shared library C:\Users\carol\.openjfx\cache\21.0.6+3\amd64\msvcp140_1.dll
Event: 0.776 Loaded shared library C:\Users\carol\.openjfx\cache\21.0.6+3\amd64\msvcp140_2.dll
Event: 0.821 Loaded shared library C:\Users\carol\.openjfx\cache\21.0.6+3\amd64\prism_d3d.dll
Event: 0.956 Loaded shared library C:\Users\carol\.openjfx\cache\21.0.6+3\amd64\glass.dll
Event: 1.090 Loaded shared library C:\Program Files\Java\jdk-25\bin\jimage.dll
Event: 1.338 Loaded shared library C:\Users\carol\.openjfx\cache\21.0.6+3\amd64\javafx_font.dll

Deoptimization events (20 events):
Event: 235.709 Thread 0x0000017ade8b1420 Uncommon trap: trap_request=0xffffff45 fr.pc=0x0000017aca379d38 relative=0x0000000000001638
Event: 235.709 Thread 0x0000017ade8b1420 Uncommon trap: reason=unstable_if action=reinterpret pc=0x0000017aca379d38 method=com.sun.prism.d3d.D3DResourceFactory.createTexture(Lcom/sun/prism/PixelFormat;Lcom/sun/prism/Texture$Usage;Lcom/sun/prism/Texture$WrapMode;IIZ)Lcom/sun/prism/d3d/D3DTexture;
Event: 235.709 Thread 0x0000017ade8b1420 DEOPT PACKING pc=0x0000017aca379d38 sp=0x00000045cd8fda20
Event: 235.710 Thread 0x0000017ade8b1420 DEOPT UNPACKING pc=0x0000017ac9aeec82 sp=0x00000045cd8fd968 mode 2
Event: 235.710 Thread 0x0000017ade8b1420 Uncommon trap: trap_request=0xffffff45 fr.pc=0x0000017aca37d638 relative=0x00000000000009b8
Event: 235.710 Thread 0x0000017ade8b1420 Uncommon trap: reason=unstable_if action=reinterpret pc=0x0000017aca37d638 method=com.sun.prism.impl.BaseResourceFactory.createTexture(Lcom/sun/prism/Image;Lcom/sun/prism/Texture$Usage;Lcom/sun/prism/Texture$WrapMode;Z)Lcom/sun/prism/Texture; @ 45 c2
Event: 235.710 Thread 0x0000017ade8b1420 DEOPT PACKING pc=0x0000017aca37d638 sp=0x00000045cd8fdb10
Event: 235.710 Thread 0x0000017ade8b1420 DEOPT UNPACKING pc=0x0000017ac9aeec82 sp=0x00000045cd8fda10 mode 2
Event: 235.710 Thread 0x0000017ade8b1420 Uncommon trap: trap_request=0xfffffff4 fr.pc=0x0000017aca1c41bc relative=0x000000000000079c
Event: 235.710 Thread 0x0000017ade8b1420 Uncommon trap: reason=null_check action=make_not_entrant pc=0x0000017aca1c41bc method=com.sun.prism.impl.ps.BaseShaderGraphics.drawTexture(Lcom/sun/prism/Texture;FFFFFFFF)V @ 1 c2
Event: 235.710 Thread 0x0000017ade8b1420 DEOPT PACKING pc=0x0000017aca1c41bc sp=0x00000045cd8fdba0
Event: 235.710 Thread 0x0000017ade8b1420 DEOPT UNPACKING pc=0x0000017ac9aeec82 sp=0x00000045cd8fda90 mode 2
Event: 235.710 Thread 0x0000017ade8b1420 Uncommon trap: trap_request=0xfffffff6 fr.pc=0x0000017aca1b918c relative=0x000000000000048c
Event: 235.710 Thread 0x0000017ade8b1420 Uncommon trap: reason=null_check action=maybe_recompile pc=0x0000017aca1b918c method=com.sun.prism.impl.BaseGraphics.drawTexture(Lcom/sun/prism/Texture;FFFFFFFF)V @ 20 c2
Event: 235.710 Thread 0x0000017ade8b1420 DEOPT PACKING pc=0x0000017aca1b918c sp=0x00000045cd8fda10
Event: 235.710 Thread 0x0000017ade8b1420 DEOPT UNPACKING pc=0x0000017ac9aeec82 sp=0x00000045cd8fd988 mode 2
Event: 235.722 Thread 0x0000017ade8b1420 Uncommon trap: trap_request=0xffffff45 fr.pc=0x0000017aca2fbbe8 relative=0x00000000000001e8
Event: 235.722 Thread 0x0000017ade8b1420 Uncommon trap: reason=unstable_if action=reinterpret pc=0x0000017aca2fbbe8 method=com.sun.prism.impl.BaseResourcePool.freeDisposalRequestedAndCheckResources(Z)V @ 71 c2
Event: 235.722 Thread 0x0000017ade8b1420 DEOPT PACKING pc=0x0000017aca2fbbe8 sp=0x00000045cd8fed70
Event: 235.722 Thread 0x0000017ade8b1420 DEOPT UNPACKING pc=0x0000017ac9aeec82 sp=0x00000045cd8fed00 mode 2

Classes loaded (20 events):
Event: 4.593 Loading class java/io/SequenceInputStream
Event: 4.593 Loading class java/io/SequenceInputStream done
Event: 4.901 Loading class java/lang/invoke/TypeConvertingMethodAdapter$1
Event: 4.901 Loading class java/lang/invoke/TypeConvertingMethodAdapter$1 done
Event: 4.901 Loading class java/lang/invoke/TypeConvertingMethodAdapter$BoxHolder
Event: 4.901 Loading class java/lang/invoke/TypeConvertingMethodAdapter$BoxHolder done
Event: 4.989 Loading class java/lang/FdLibm$Hypot
Event: 4.989 Loading class java/lang/FdLibm$Hypot done
Event: 5.053 Loading class java/lang/FdLibm$Acos
Event: 5.053 Loading class java/lang/FdLibm$Acos done
Event: 6.484 Loading class java/lang/foreign/MemorySegment
Event: 6.485 Loading class java/lang/foreign/MemorySegment done
Event: 10.015 Loading class java/lang/Math$RandomNumberGeneratorHolder
Event: 10.016 Loading class java/lang/Math$RandomNumberGeneratorHolder done
Event: 235.710 Loading class java/lang/Throwable$WrappedPrintStream
Event: 235.711 Loading class java/lang/Throwable$PrintStreamOrWriter
Event: 235.712 Loading class java/lang/Throwable$PrintStreamOrWriter done
Event: 235.712 Loading class java/lang/Throwable$WrappedPrintStream done
Event: 235.717 Loading class java/lang/StackTraceElement$HashedModules
Event: 235.717 Loading class java/lang/StackTraceElement$HashedModules done

Classes unloaded (0 events):
No events

Classes redefined (0 events):
No events

Internal exceptions (20 events):
Event: 4.463 Thread 0x0000017ade8b52a0 Exception <a 'java/lang/NoSuchMethodError'{0x0000000713429100}: 'void java.lang.invoke.Invokers$Holder.invokeExact_MT(java.lang.Object, java.lang.Object, int, java.lang.Object)'> (0x0000000713429100) 
thrown [s\open\src\hotspot\share\interpreter\linkResolver.cpp, line 804]
Event: 4.494 Thread 0x0000017ade8b52a0 Exception <a 'java/lang/NoSuchMethodError'{0x00000007134ebd18}: 'double java.lang.invoke.DelegatingMethodHandle$Holder.reinvoke_L(java.lang.Object, java.lang.Object)'> (0x00000007134ebd18) 
thrown [s\open\src\hotspot\share\interpreter\linkResolver.cpp, line 804]
Event: 4.521 Thread 0x0000017ade8b52a0 Exception <a 'java/lang/NoSuchMethodError'{0x00000007132404c0}: 'void java.lang.invoke.DirectMethodHandle$Holder.invokeSpecial(java.lang.Object, java.lang.Object, int)'> (0x00000007132404c0) 
thrown [s\open\src\hotspot\share\interpreter\linkResolver.cpp, line 804]
Event: 4.739 Thread 0x0000017ade8b52a0 Exception <a 'java/lang/ClassNotFoundException'{0x00000007126ca1a0}: com/sun/javafx/scene/control/skin/resources/controls> (0x00000007126ca1a0) 
thrown [s\open\src\hotspot\share\prims\jni.cpp, line 534]
Event: 4.740 Thread 0x0000017ade8b52a0 Exception <a 'java/lang/ClassNotFoundException'{0x00000007126d7af0}: com/sun/javafx/scene/control/skin/resources/controls_es> (0x00000007126d7af0) 
thrown [s\open\src\hotspot\share\prims\jni.cpp, line 534]
Event: 4.741 Thread 0x0000017ade8b52a0 Exception <a 'java/lang/ClassNotFoundException'{0x00000007126e4de8}: com/sun/javafx/scene/control/skin/resources/controls_es_ES> (0x00000007126e4de8) 
thrown [s\open\src\hotspot\share\prims\jni.cpp, line 534]
Event: 4.996 Thread 0x0000017ade8b52a0 Exception <a 'java/lang/NoSuchMethodError'{0x00000007110abb30}: 'void java.lang.invoke.DirectMethodHandle$Holder.invokeSpecial(java.lang.Object, java.lang.Object, int, int)'> (0x00000007110abb30) 
thrown [s\open\src\hotspot\share\interpreter\linkResolver.cpp, line 804]
Event: 4.997 Thread 0x0000017ade8b52a0 Exception <a 'java/lang/NoSuchMethodError'{0x00000007110bb6d8}: 'java.lang.Object java.lang.invoke.DirectMethodHandle$Holder.newInvokeSpecial(java.lang.Object, java.lang.Object, int, int)'> (0x00000007110bb6d8) 
thrown [s\open\src\hotspot\share\interpreter\linkResolver.cpp, line 804]
Event: 5.310 Thread 0x0000017ade8b1420 Exception <a 'java/lang/NoSuchMethodError'{0x0000000710fa0cb0}: 'java.lang.Object java.lang.invoke.DirectMethodHandle$Holder.invokeStaticInit(java.lang.Object, int)'> (0x0000000710fa0cb0) 
thrown [s\open\src\hotspot\share\interpreter\linkResolver.cpp, line 804]
Event: 12.157 Thread 0x0000017ade8b52a0 Implicit null exception at 0x0000017aca1a5469 to 0x0000017aca1a6ad0
Event: 12.157 Thread 0x0000017ade8b52a0 Implicit null exception at 0x0000017aca18156d to 0x0000017aca181954
Event: 78.492 Thread 0x0000017ade8b1420 Implicit null exception at 0x0000017aca1c7018 to 0x0000017aca1c71c0
Event: 78.492 Thread 0x0000017ade8b1420 Implicit null exception at 0x0000017aca0ddd1a to 0x0000017aca0dddac
Event: 78.492 Thread 0x0000017ade8b1420 Implicit null exception at 0x0000017aca0dd74a to 0x0000017aca0dd794
Event: 78.493 Thread 0x0000017ade8b1420 Implicit null exception at 0x0000017aca1c6207 to 0x0000017aca1c643c
Event: 117.172 Thread 0x0000017ade8b1420 Implicit null exception at 0x0000017aca2bb6ae to 0x0000017aca2bb720
Event: 167.857 Thread 0x0000017ade8b52a0 Exception <a 'java/lang/NoSuchMethodError'{0x000000070f57c8a8}: 'java.lang.Object java.lang.invoke.DirectMethodHandle$Holder.newInvokeSpecial(java.lang.Object, java.lang.Object, java.lang.Object, int, int, int, int, int)'> (0x000000070f57c8a8) 
thrown [s\open\src\hotspot\share\interpreter\linkResolver.cpp, line 804]
Event: 235.710 Thread 0x0000017ade8b1420 Implicit null exception at 0x0000017aca37cf98 to 0x0000017aca37d618
Event: 235.710 Thread 0x0000017ade8b1420 Implicit null exception at 0x0000017aca1c3b23 to 0x0000017aca1c4180
Event: 235.710 Thread 0x0000017ade8b1420 Implicit null exception at 0x0000017aca1b8d77 to 0x0000017aca1b9182

VM Operations (20 events):
Event: 210.665 Executing safepoint VM operation: G1PauseCleanup
Event: 210.665 Executing safepoint VM operation: G1PauseCleanup done
Event: 218.531 Executing safepoint VM operation: G1CollectForAllocation (G1 Evacuation Pause)
Event: 218.546 Executing safepoint VM operation: G1CollectForAllocation (G1 Evacuation Pause) done
Event: 221.327 Executing safepoint VM operation: G1CollectForAllocation (G1 Evacuation Pause)
Event: 221.353 Executing safepoint VM operation: G1CollectForAllocation (G1 Evacuation Pause) done
Event: 225.570 Executing safepoint VM operation: G1CollectForAllocation (G1 Evacuation Pause)
Event: 225.595 Executing safepoint VM operation: G1CollectForAllocation (G1 Evacuation Pause) done
Event: 228.654 Executing safepoint VM operation: G1CollectForAllocation (G1 Evacuation Pause)
Event: 228.682 Executing safepoint VM operation: G1CollectForAllocation (G1 Evacuation Pause) done
Event: 229.367 Executing safepoint VM operation: G1TryInitiateConcMark (G1 Humongous Allocation)
Event: 229.380 Executing safepoint VM operation: G1TryInitiateConcMark (G1 Humongous Allocation) done
Event: 229.498 Executing safepoint VM operation: G1PauseRemark
Event: 229.505 Executing safepoint VM operation: G1PauseRemark done
Event: 229.534 Executing safepoint VM operation: G1PauseCleanup
Event: 229.534 Executing safepoint VM operation: G1PauseCleanup done
Event: 230.518 Executing safepoint VM operation: G1CollectForAllocation (G1 Evacuation Pause)
Event: 230.541 Executing safepoint VM operation: G1CollectForAllocation (G1 Evacuation Pause) done
Event: 234.960 Executing safepoint VM operation: G1CollectForAllocation (G1 Evacuation Pause)
Event: 234.980 Executing safepoint VM operation: G1CollectForAllocation (G1 Evacuation Pause) done

Memory protections (0 events):
No events

Nmethod flushes (20 events):
Event: 210.636 Thread 0x0000017ad9236ff0 flushing  nmethod 0x0000017ac3016d88
Event: 210.636 Thread 0x0000017ad9236ff0 flushing  nmethod 0x0000017ac2c9f808
Event: 210.636 Thread 0x0000017ad9236ff0 flushing  nmethod 0x0000017ac2e4b388
Event: 210.636 Thread 0x0000017ad9236ff0 flushing  nmethod 0x0000017aca2fad08
Event: 210.636 Thread 0x0000017ad9236ff0 flushing  nmethod 0x0000017ac2a71f08
Event: 210.636 Thread 0x0000017ad9236ff0 flushing  nmethod 0x0000017ac2a72b08
Event: 210.636 Thread 0x0000017ad9236ff0 flushing  nmethod 0x0000017ac2a73708
Event: 210.636 Thread 0x0000017ad9236ff0 flushing  nmethod 0x0000017ac25b4b88
Event: 210.636 Thread 0x0000017ad9236ff0 flushing  nmethod 0x0000017ac2a90008
Event: 210.636 Thread 0x0000017ad9236ff0 flushing  nmethod 0x0000017aca124788
Event: 210.636 Thread 0x0000017ad9236ff0 flushing osr nmethod 0x0000017aca3a0488
Event: 210.636 Thread 0x0000017ad9236ff0 flushing  nmethod 0x0000017ac2d0c488
Event: 210.636 Thread 0x0000017ad9236ff0 flushing  nmethod 0x0000017ac3181988
Event: 210.636 Thread 0x0000017ad9236ff0 flushing osr nmethod 0x0000017ac3182b88
Event: 210.636 Thread 0x0000017ad9236ff0 flushing  nmethod 0x0000017ac3183988
Event: 229.504 Thread 0x0000017ad9236ff0 flushing  nmethod 0x0000017ac2c52008
Event: 229.504 Thread 0x0000017ad9236ff0 flushing  nmethod 0x0000017ac2bf0988
Event: 229.504 Thread 0x0000017ad9236ff0 flushing  nmethod 0x0000017ac2cc2c88
Event: 229.504 Thread 0x0000017ad9236ff0 flushing  nmethod 0x0000017ac2cf8e08
Event: 229.504 Thread 0x0000017ad9236ff0 flushing  nmethod 0x0000017ac2c71988

Events (20 events):
Event: 13.005 Thread 0x0000017adedaa140 Thread exited: 0x0000017adedaa140
Event: 13.005 Thread 0x0000017adeda68d0 Thread exited: 0x0000017adeda68d0
Event: 13.418 Thread 0x0000017ad92730f0 Thread added: 0x0000017adeda68d0
Event: 13.751 Thread 0x0000017adeda68d0 Thread exited: 0x0000017adeda68d0
Event: 13.762 Thread 0x0000017ad9268da0 Thread added: 0x0000017adedaa140
Event: 13.939 Thread 0x0000017ad92730f0 Thread added: 0x0000017adeda68d0
Event: 14.427 Thread 0x0000017adeda68d0 Thread exited: 0x0000017adeda68d0
Event: 14.427 Thread 0x0000017adedaa140 Thread exited: 0x0000017adedaa140
Event: 14.444 Thread 0x0000017ad92730f0 Thread added: 0x0000017adedaa140
Event: 14.596 Thread 0x0000017adedaa140 Thread exited: 0x0000017adedaa140
Event: 14.635 Thread 0x0000017ad92730f0 Thread added: 0x0000017adedaa140
Event: 14.635 Thread 0x0000017ad92730f0 Thread added: 0x0000017adeda68d0
Event: 14.985 Thread 0x0000017adedaa140 Thread exited: 0x0000017adedaa140
Event: 14.985 Thread 0x0000017adeda68d0 Thread exited: 0x0000017adeda68d0
Event: 16.054 Thread 0x0000017ad92730f0 Thread added: 0x0000017adeda68d0
Event: 16.605 Thread 0x0000017adeda68d0 Thread exited: 0x0000017adeda68d0
Event: 16.692 Thread 0x0000017ad92730f0 Thread added: 0x0000017adedab160
Event: 16.839 Thread 0x0000017adedab160 Thread exited: 0x0000017adedab160
Event: 33.234 Thread 0x0000017ad92730f0 Thread added: 0x0000017adedab160
Event: 33.592 Thread 0x0000017adedab160 Thread exited: 0x0000017adedab160


Dynamic libraries:
0x00007ff7db1b0000 - 0x00007ff7db1c0000 	C:\Program Files\Java\jdk-25\bin\java.exe
0x00007ff930580000 - 0x00007ff9307e7000 	C:\WINDOWS\SYSTEM32\ntdll.dll
0x00007ff92ed20000 - 0x00007ff92ede9000 	C:\WINDOWS\System32\KERNEL32.DLL
0x00007ff92dae0000 - 0x00007ff92ded7000 	C:\WINDOWS\System32\KERNELBASE.dll
0x00007ff92cfe0000 - 0x00007ff92d12b000 	C:\WINDOWS\System32\ucrtbase.dll
0x00007ff909390000 - 0x00007ff9093a7000 	C:\Program Files\Java\jdk-25\bin\jli.dll
0x00007ff9080b0000 - 0x00007ff9080ce000 	C:\Program Files\Java\jdk-25\bin\VCRUNTIME140.dll
0x00007ff92f510000 - 0x00007ff92f6d6000 	C:\WINDOWS\System32\USER32.dll
0x00007ff92cfb0000 - 0x00007ff92cfd7000 	C:\WINDOWS\System32\win32u.dll
0x00007ff90c930000 - 0x00007ff90cbc2000 	C:\WINDOWS\WinSxS\amd64_microsoft.windows.common-controls_6595b64144ccf1df_6.0.26100.8457_none_3e0b2faee331e92d\COMCTL32.dll
0x00007ff930510000 - 0x00007ff93053b000 	C:\WINDOWS\System32\GDI32.dll
0x00007ff92f3a0000 - 0x00007ff92f449000 	C:\WINDOWS\System32\msvcrt.dll
0x00007ff92e060000 - 0x00007ff92e18c000 	C:\WINDOWS\System32\gdi32full.dll
0x00007ff92d130000 - 0x00007ff92d1d3000 	C:\WINDOWS\System32\msvcp_win.dll
0x00007ff92ee80000 - 0x00007ff92eeb2000 	C:\WINDOWS\System32\IMM32.DLL
0x00007ff9115e0000 - 0x00007ff9115ec000 	C:\Program Files\Java\jdk-25\bin\vcruntime140_1.dll
0x00007ff8a9750000 - 0x00007ff8a97dd000 	C:\Program Files\Java\jdk-25\bin\msvcp140.dll
0x00007ff866380000 - 0x00007ff8671df000 	C:\Program Files\Java\jdk-25\bin\server\jvm.dll
0x00007ff92f450000 - 0x00007ff92f506000 	C:\WINDOWS\System32\ADVAPI32.dll
0x00007ff92ea80000 - 0x00007ff92eb27000 	C:\WINDOWS\System32\sechost.dll
0x00007ff92e300000 - 0x00007ff92e418000 	C:\WINDOWS\System32\RPCRT4.dll
0x00007ff92edf0000 - 0x00007ff92ee70000 	C:\WINDOWS\System32\WS2_32.dll
0x00007ff92ce30000 - 0x00007ff92ce8e000 	C:\WINDOWS\SYSTEM32\POWRPROF.dll
0x00007ff921ee0000 - 0x00007ff921f16000 	C:\WINDOWS\SYSTEM32\WINMM.dll
0x00007ff91c9c0000 - 0x00007ff91c9cb000 	C:\WINDOWS\SYSTEM32\VERSION.dll
0x00007ff92cdf0000 - 0x00007ff92ce04000 	C:\WINDOWS\SYSTEM32\UMPDC.dll
0x00007ff92bd40000 - 0x00007ff92bd5b000 	C:\WINDOWS\SYSTEM32\kernel.appcore.dll
0x00007ff909620000 - 0x00007ff90962a000 	C:\Program Files\Java\jdk-25\bin\jimage.dll
0x00007ff92aed0000 - 0x00007ff92b112000 	C:\WINDOWS\SYSTEM32\DBGHELP.DLL
0x00007ff92e580000 - 0x00007ff92e903000 	C:\WINDOWS\System32\combase.dll
0x00007ff92e4a0000 - 0x00007ff92e579000 	C:\WINDOWS\System32\OLEAUT32.dll
0x00007ff90a8a0000 - 0x00007ff90a8db000 	C:\WINDOWS\SYSTEM32\dbgcore.DLL
0x00007ff92e190000 - 0x00007ff92e238000 	C:\WINDOWS\System32\bcryptPrimitives.dll
0x00007ff908010000 - 0x00007ff90802f000 	C:\Program Files\Java\jdk-25\bin\java.dll
0x00007ff92eb30000 - 0x00007ff92ecc7000 	C:\WINDOWS\System32\ole32.dll
0x00007ff92f6e0000 - 0x00007ff92fe4e000 	C:\WINDOWS\System32\SHELL32.dll
0x00007ff92d1e0000 - 0x00007ff92da4c000 	C:\WINDOWS\System32\windows.storage.dll
0x00007ff92fe60000 - 0x00007ff92ff56000 	C:\WINDOWS\System32\SHCORE.dll
0x00007ff92f1a0000 - 0x00007ff92f206000 	C:\WINDOWS\System32\shlwapi.dll
0x00007ff92ced0000 - 0x00007ff92cef9000 	C:\WINDOWS\SYSTEM32\profapi.dll
0x00007ff907f90000 - 0x00007ff907fa2000 	C:\Program Files\Java\jdk-25\bin\net.dll
0x00007ff92c2b0000 - 0x00007ff92c31c000 	C:\WINDOWS\system32\mswsock.dll
0x00007ff907f70000 - 0x00007ff907f86000 	C:\Program Files\Java\jdk-25\bin\nio.dll
0x00007ff8fdce0000 - 0x00007ff8fdcf7000 	C:\Program Files\Java\jdk-25\bin\zip.dll
0x0000017ab9bc0000 - 0x0000017ab9bc3000 	C:\Users\carol\.openjfx\cache\21.0.6+3\amd64\api-ms-win-core-console-l1-1-0.dll
0x0000017ab9bd0000 - 0x0000017ab9bd3000 	C:\Users\carol\.openjfx\cache\21.0.6+3\amd64\api-ms-win-core-console-l1-2-0.dll
0x0000017ad9a70000 - 0x0000017ad9a73000 	C:\Users\carol\.openjfx\cache\21.0.6+3\amd64\api-ms-win-core-datetime-l1-1-0.dll
0x0000017ad9a80000 - 0x0000017ad9a83000 	C:\Users\carol\.openjfx\cache\21.0.6+3\amd64\api-ms-win-core-debug-l1-1-0.dll
0x0000017ad9a90000 - 0x0000017ad9a93000 	C:\Users\carol\.openjfx\cache\21.0.6+3\amd64\api-ms-win-core-errorhandling-l1-1-0.dll
0x0000017ad9aa0000 - 0x0000017ad9aa4000 	C:\Users\carol\.openjfx\cache\21.0.6+3\amd64\api-ms-win-core-file-l1-1-0.dll
0x0000017ad9ab0000 - 0x0000017ad9ab3000 	C:\Users\carol\.openjfx\cache\21.0.6+3\amd64\api-ms-win-core-file-l1-2-0.dll
0x0000017ad9ac0000 - 0x0000017ad9ac3000 	C:\Users\carol\.openjfx\cache\21.0.6+3\amd64\api-ms-win-core-file-l2-1-0.dll
0x0000017ad9ad0000 - 0x0000017ad9ad3000 	C:\Users\carol\.openjfx\cache\21.0.6+3\amd64\api-ms-win-core-handle-l1-1-0.dll
0x0000017ad9ae0000 - 0x0000017ad9ae3000 	C:\Users\carol\.openjfx\cache\21.0.6+3\amd64\api-ms-win-core-heap-l1-1-0.dll
0x0000017ad9af0000 - 0x0000017ad9af3000 	C:\Users\carol\.openjfx\cache\21.0.6+3\amd64\api-ms-win-core-interlocked-l1-1-0.dll
0x0000017ad9b00000 - 0x0000017ad9b03000 	C:\Users\carol\.openjfx\cache\21.0.6+3\amd64\api-ms-win-core-libraryloader-l1-1-0.dll
0x0000017ad9b10000 - 0x0000017ad9b13000 	C:\Users\carol\.openjfx\cache\21.0.6+3\amd64\api-ms-win-core-localization-l1-2-0.dll
0x0000017ad9b20000 - 0x0000017ad9b23000 	C:\Users\carol\.openjfx\cache\21.0.6+3\amd64\api-ms-win-core-memory-l1-1-0.dll
0x0000017ad9b30000 - 0x0000017ad9b33000 	C:\Users\carol\.openjfx\cache\21.0.6+3\amd64\api-ms-win-core-namedpipe-l1-1-0.dll
0x0000017ad9b40000 - 0x0000017ad9b43000 	C:\Users\carol\.openjfx\cache\21.0.6+3\amd64\api-ms-win-core-processenvironment-l1-1-0.dll
0x0000017ad9b50000 - 0x0000017ad9b53000 	C:\Users\carol\.openjfx\cache\21.0.6+3\amd64\api-ms-win-core-processthreads-l1-1-0.dll
0x0000017ad9b60000 - 0x0000017ad9b63000 	C:\Users\carol\.openjfx\cache\21.0.6+3\amd64\api-ms-win-core-processthreads-l1-1-1.dll
0x0000017ad9b70000 - 0x0000017ad9b73000 	C:\Users\carol\.openjfx\cache\21.0.6+3\amd64\api-ms-win-core-profile-l1-1-0.dll
0x0000017ad9b80000 - 0x0000017ad9b83000 	C:\Users\carol\.openjfx\cache\21.0.6+3\amd64\api-ms-win-core-rtlsupport-l1-1-0.dll
0x0000017ad9b90000 - 0x0000017ad9b93000 	C:\Users\carol\.openjfx\cache\21.0.6+3\amd64\api-ms-win-core-string-l1-1-0.dll
0x0000017ad9ba0000 - 0x0000017ad9ba3000 	C:\Users\carol\.openjfx\cache\21.0.6+3\amd64\api-ms-win-core-synch-l1-1-0.dll
0x0000017ad9bb0000 - 0x0000017ad9bb3000 	C:\Users\carol\.openjfx\cache\21.0.6+3\amd64\api-ms-win-core-synch-l1-2-0.dll
0x0000017ad9bc0000 - 0x0000017ad9bc3000 	C:\Users\carol\.openjfx\cache\21.0.6+3\amd64\api-ms-win-core-sysinfo-l1-1-0.dll
0x0000017ad9bd0000 - 0x0000017ad9bd3000 	C:\Users\carol\.openjfx\cache\21.0.6+3\amd64\api-ms-win-core-timezone-l1-1-0.dll
0x0000017ad9be0000 - 0x0000017ad9be3000 	C:\Users\carol\.openjfx\cache\21.0.6+3\amd64\api-ms-win-core-util-l1-1-0.dll
0x0000017ad9bf0000 - 0x0000017ad9bf3000 	C:\Users\carol\.openjfx\cache\21.0.6+3\amd64\api-ms-win-crt-conio-l1-1-0.dll
0x0000017ad9c00000 - 0x0000017ad9c04000 	C:\Users\carol\.openjfx\cache\21.0.6+3\amd64\api-ms-win-crt-convert-l1-1-0.dll
0x0000017ad9c10000 - 0x0000017ad9c13000 	C:\Users\carol\.openjfx\cache\21.0.6+3\amd64\api-ms-win-crt-environment-l1-1-0.dll
0x0000017ad9c20000 - 0x0000017ad9c23000 	C:\Users\carol\.openjfx\cache\21.0.6+3\amd64\api-ms-win-crt-filesystem-l1-1-0.dll
0x0000017ad9c30000 - 0x0000017ad9c33000 	C:\Users\carol\.openjfx\cache\21.0.6+3\amd64\api-ms-win-crt-heap-l1-1-0.dll
0x0000017ad9c40000 - 0x0000017ad9c43000 	C:\Users\carol\.openjfx\cache\21.0.6+3\amd64\api-ms-win-crt-locale-l1-1-0.dll
0x0000017ad9c50000 - 0x0000017ad9c55000 	C:\Users\carol\.openjfx\cache\21.0.6+3\amd64\api-ms-win-crt-math-l1-1-0.dll
0x0000017ad9c60000 - 0x0000017ad9c65000 	C:\Users\carol\.openjfx\cache\21.0.6+3\amd64\api-ms-win-crt-multibyte-l1-1-0.dll
0x0000017ad9c70000 - 0x0000017ad9c80000 	C:\Users\carol\.openjfx\cache\21.0.6+3\amd64\api-ms-win-crt-private-l1-1-0.dll
0x0000017ad9c80000 - 0x0000017ad9c83000 	C:\Users\carol\.openjfx\cache\21.0.6+3\amd64\api-ms-win-crt-process-l1-1-0.dll
0x0000017ad9c90000 - 0x0000017ad9c94000 	C:\Users\carol\.openjfx\cache\21.0.6+3\amd64\api-ms-win-crt-runtime-l1-1-0.dll
0x0000017ad9ca0000 - 0x0000017ad9ca4000 	C:\Users\carol\.openjfx\cache\21.0.6+3\amd64\api-ms-win-crt-stdio-l1-1-0.dll
0x0000017ad9cb0000 - 0x0000017ad9cb4000 	C:\Users\carol\.openjfx\cache\21.0.6+3\amd64\api-ms-win-crt-string-l1-1-0.dll
0x0000017ad9cc0000 - 0x0000017ad9cc3000 	C:\Users\carol\.openjfx\cache\21.0.6+3\amd64\api-ms-win-crt-time-l1-1-0.dll
0x0000017ad9cd0000 - 0x0000017ad9cd3000 	C:\Users\carol\.openjfx\cache\21.0.6+3\amd64\api-ms-win-crt-utility-l1-1-0.dll
0x00007ff8f3cc0000 - 0x00007ff8f3dbc000 	C:\Users\carol\.openjfx\cache\21.0.6+3\amd64\ucrtbase.dll
0x00007ff909760000 - 0x00007ff90977b000 	C:\Users\carol\.openjfx\cache\21.0.6+3\amd64\vcruntime140.dll
0x00007ff911630000 - 0x00007ff91163c000 	C:\Users\carol\.openjfx\cache\21.0.6+3\amd64\vcruntime140_1.dll
0x00007ff8f3c30000 - 0x00007ff8f3cbe000 	C:\Users\carol\.openjfx\cache\21.0.6+3\amd64\msvcp140.dll
0x00007ff9115b0000 - 0x00007ff9115b9000 	C:\Users\carol\.openjfx\cache\21.0.6+3\amd64\msvcp140_1.dll
0x00007ff8fdb30000 - 0x00007ff8fdb71000 	C:\Users\carol\.openjfx\cache\21.0.6+3\amd64\msvcp140_2.dll
0x00007ff906670000 - 0x00007ff9066a0000 	C:\Users\carol\.openjfx\cache\21.0.6+3\amd64\prism_d3d.dll
0x00007ff907560000 - 0x00007ff907713000 	C:\WINDOWS\system32\d3d9.dll
0x00007ff928150000 - 0x00007ff92817f000 	C:\WINDOWS\SYSTEM32\dwmapi.dll
0x00007ff927f90000 - 0x00007ff927fd5000 	C:\WINDOWS\SYSTEM32\dxcore.dll
0x00007ff927eb0000 - 0x00007ff927f5a000 	C:\WINDOWS\system32\uxtheme.dll
0x00007ff8a9ff0000 - 0x00007ff8aa0b0000 	C:\WINDOWS\SYSTEM32\d3d9on12.dll
0x00007ff927fe0000 - 0x00007ff92811e000 	C:\WINDOWS\SYSTEM32\dxgi.dll
0x00007ff8a3830000 - 0x00007ff8a3855000 	C:\WINDOWS\SYSTEM32\d3d12.dll
0x00007ff92cb20000 - 0x00007ff92cb71000 	C:\WINDOWS\SYSTEM32\cfgmgr32.dll
0x00007ff8a34d0000 - 0x00007ff8a3828000 	C:\WINDOWS\SYSTEM32\D3D12Core.dll
0x00007ff8a33d0000 - 0x00007ff8a34c3000 	C:\WINDOWS\System32\DriverStore\FileRepository\iigd_dch.inf_amd64_3a1075f314aa12bf\igd12umd64.dll
0x00007ff8583a0000 - 0x00007ff859625000 	C:\WINDOWS\System32\DriverStore\FileRepository\iigd_dch.inf_amd64_3a1075f314aa12bf\igd12um64xel.dll
0x00007ff92dee0000 - 0x00007ff92e058000 	C:\WINDOWS\System32\CRYPT32.dll
0x00007ff92cea0000 - 0x00007ff92ceca000 	C:\WINDOWS\SYSTEM32\bcrypt.dll
0x00007ff91ac80000 - 0x00007ff91adf8000 	C:\WINDOWS\SYSTEM32\drvstore.dll
0x00007ff8a3320000 - 0x00007ff8a3346000 	C:\WINDOWS\System32\DriverStore\FileRepository\iigd_dch.inf_amd64_3a1075f314aa12bf\igdext64.dll
0x00007ff8932b0000 - 0x00007ff8932f9000 	C:\WINDOWS\SYSTEM32\ControlLib.dll
0x00007ff921d60000 - 0x00007ff921df1000 	C:\WINDOWS\System32\DriverStore\FileRepository\iigd_dch.inf_amd64_3a1075f314aa12bf\IntelControlLib.dll
0x00007ff9255d0000 - 0x00007ff925631000 	C:\WINDOWS\SYSTEM32\directxdatabasehelper.dll
0x00007ff921650000 - 0x00007ff921a8e000 	C:\WINDOWS\System32\DriverStore\FileRepository\iigd_dch.inf_amd64_3a1075f314aa12bf\igdgmm64.dll
0x00007ff91cfc0000 - 0x00007ff921014000 	C:\WINDOWS\System32\DriverStore\FileRepository\iigd_dch.inf_amd64_3a1075f314aa12bf\igc64.dll
0x00007ff8a3230000 - 0x00007ff8a3315000 	C:\WINDOWS\SYSTEM32\D3DSCache.dll
0x00007ff92c360000 - 0x00007ff92c393000 	C:\WINDOWS\SYSTEM32\USERENV.dll
0x00007ff8a2f20000 - 0x00007ff8a322c000 	C:\WINDOWS\System32\DriverStore\FileRepository\iigd_dch.inf_amd64_3a1075f314aa12bf\igd12dxva64.dll
0x00007ff930070000 - 0x00007ff9304f7000 	C:\WINDOWS\System32\SETUPAPI.dll
0x00007ff8b0b80000 - 0x00007ff8b1d5d000 	C:\WINDOWS\System32\DriverStore\FileRepository\iigd_dch.inf_amd64_3a1075f314aa12bf\igddxvacommon64.dll
0x00007ff8aee50000 - 0x00007ff8b0b7b000 	C:\WINDOWS\System32\DriverStore\FileRepository\iigd_dch.inf_amd64_3a1075f314aa12bf\media_bin_64.dll
0x00007ff8b3370000 - 0x00007ff8b3397000 	C:\WINDOWS\System32\DriverStore\FileRepository\iigd_dch.inf_amd64_3a1075f314aa12bf\igdinfo64.dll
0x00007ff8fcd40000 - 0x00007ff8fcd82000 	C:\Users\carol\.openjfx\cache\21.0.6+3\amd64\glass.dll
0x00007ff92f0a0000 - 0x00007ff92f190000 	C:\WINDOWS\System32\COMDLG32.dll
0x00007ff92e910000 - 0x00007ff92ea6c000 	C:\WINDOWS\System32\MSCTF.dll
0x00007ff9096c0000 - 0x00007ff9096d5000 	C:\Users\carol\.openjfx\cache\21.0.6+3\amd64\javafx_font.dll
0x00007ff9265b0000 - 0x00007ff926817000 	C:\WINDOWS\SYSTEM32\dwrite.dll
0x00007ff92f2e0000 - 0x00007ff92f38e000 	C:\WINDOWS\System32\clbcatq.dll
0x00007ff926380000 - 0x00007ff9265ad000 	C:\WINDOWS\SYSTEM32\WindowsCodecs.dll
0x00007ff8e6ff0000 - 0x00007ff8e704a000 	C:\WINDOWS\system32\dataexchange.dll
0x00007ff9220c0000 - 0x00007ff92230e000 	C:\WINDOWS\system32\twinapi.appcore.dll

JVMTI agents: none

dbghelp: loaded successfully - version: 4.0.5 - missing functions: none
symbol engine: initialized successfully - sym options: 0x614 - pdb path: .;C:\Program Files\Java\jdk-25\bin;C:\WINDOWS\SYSTEM32;C:\WINDOWS\WinSxS\amd64_microsoft.windows.common-controls_6595b64144ccf1df_6.0.26100.8457_none_3e0b2faee331e92d;C:\Program Files\Java\jdk-25\bin\server;C:\Users\carol\.openjfx\cache\21.0.6+3\amd64;C:\WINDOWS\System32\DriverStore\FileRepository\iigd_dch.inf_amd64_3a1075f314aa12bf;C:\Program Files\Common Files\Microsoft Shared\Ink

VM Arguments:
jvm_args: -Dfile.encoding=IBM850 --module-path=C:\Users\carol\IdeaProjects\JuegoPracticaFinal\target\classes;C:\Users\carol\.m2\repository\ch\qos\logback\logback-classic\1.5.18\logback-classic-1.5.18.jar;C:\Users\carol\.m2\repository\ch\qos\logback\logback-core\1.5.18\logback-core-1.5.18.jar;C:\Users\carol\.m2\repository\com\dlsc\formsfx\formsfx-core\11.6.0\formsfx-core-11.6.0.jar;C:\Users\carol\.m2\repository\com\fasterxml\jackson\core\jackson-annotations\2.14.2\jackson-annotations-2.14.2.jar;C:\Users\carol\.m2\repository\com\fasterxml\jackson\core\jackson-core\2.14.2\jackson-core-2.14.2.jar;C:\Users\carol\.m2\repository\com\fasterxml\jackson\core\jackson-databind\2.14.2\jackson-databind-2.14.2.jar;C:\Users\carol\.m2\repository\com\github\almasb\fxgl\17.3\fxgl-17.3.jar;C:\Users\carol\.m2\repository\com\github\almasb\fxgl-core\17.3\fxgl-core-17.3.jar;C:\Users\carol\.m2\repository\com\github\almasb\fxgl-entity\17.3\fxgl-entity-17.3.jar;C:\Users\carol\.m2\repository\com\github\almasb\fxgl-gameplay\17.3\fxgl-gameplay-17.3.jar;C:\Users\carol\.m2\repository\com\github\almasb\fxgl-io\17.3\fxgl-io-17.3.jar;C:\Users\carol\.m2\repository\com\github\almasb\fxgl-scene\17.3\fxgl-scene-17.3.jar;C:\Users\carol\.m2\repository\com\gluonhq\attach\audio\4.0.17\audio-4.0.17.jar;C:\Users\carol\.m2\repository\com\gluonhq\attach\lifecycle\4.0.17\lifecycle-4.0.17.jar;C:\Users\carol\.m2\repository\com\gluonhq\attach\storage\4.0.17\storage-4.0.17.jar;C:\Users\carol\.m2\repository\com\gluonhq\attach\util\4.0.17\util-4.0.17.jar;C:\Users\carol\.m2\repository\com\google\code\gson\gson\2.10.1\gson-2.10.1.jar;C:\Users\carol\.m2\repository\eu\hansolo\tilesfx\21.0.9\tilesfx-21.0.9.jar;C:\Users\carol\.m2\repository\eu\hansolo\toolbox\21.0.9\toolbox-21.0.9.jar;C:\Users\carol\.m2\repository\eu\hansolo\toolboxfx\21.0.5\toolboxfx-21.0.5.jar;C:\Users\carol\.m2\repository\eu\hansolo\fx\countries\21.0.17\countries-21.0.17.jar;C:\Users\carol\.m2\repository\eu\hansolo\fx\heatmap\21.0.5\heatmap-21.0.5.jar;C:\Users\carol\.m2\repository\net\s--add-modules=jueguito.juegopracticafinal -Djdk.module.main=jueguito.juegopracticafinal 
java_command: jueguito.juegopracticafinal/jueguito.juegopracticafinal.App.Launcher
java_class_path (initial): C:\Users\carol\.m2\repository\org\jetbrains\kotlin\kotlin-stdlib-common\1.8.10\kotlin-stdlib-common-1.8.10.jar;C:\Users\carol\.m2\repository\org\openjfx\javafx-base\21.0.6\javafx-base-21.0.6.jar;C:\Users\carol\.m2\repository\org\openjfx\javafx-controls\21.0.6\javafx-controls-21.0.6.jar;C:\Users\carol\.m2\repository\org\openjfx\javafx-fxml\21.0.6\javafx-fxml-21.0.6.jar;C:\Users\carol\.m2\repository\org\openjfx\javafx-graphics\21.0.6\javafx-graphics-21.0.6.jar;C:\Users\carol\.m2\repository\org\openjfx\javafx-media\21.0.6\javafx-media-21.0.6.jar;C:\Users\carol\.m2\repository\org\openjfx\javafx-swing\21.0.6\javafx-swing-21.0.6.jar;C:\Users\carol\.m2\repository\org\openjfx\javafx-web\21.0.6\javafx-web-21.0.6.jar
Launcher Type: SUN_STANDARD

[Global flags]
     intx CICompilerCount                          = 4                                         {product} {ergonomic}
     uint ConcGCThreads                            = 3                                         {product} {ergonomic}
     uint G1ConcRefinementThreads                  = 10                                        {product} {ergonomic}
   size_t G1HeapRegionSize                         = 2097152                                   {product} {ergonomic}
   size_t InitialHeapSize                          = 264241152                                 {product} {ergonomic}
   size_t MarkStackSize                            = 4194304                                   {product} {ergonomic}
   size_t MarkStackSizeMax                         = 536870912                                 {product} {ergonomic}
   size_t MaxHeapSize                              = 4202692608                                {product} {ergonomic}
   size_t MaxNewSize                               = 2520776704                                {product} {ergonomic}
   size_t MinHeapDeltaBytes                        = 2097152                                   {product} {ergonomic}
   size_t MinHeapSize                              = 8388608                                   {product} {ergonomic}
    uintx NonNMethodCodeHeapSize                   = 5832704                                {pd product} {ergonomic}
    uintx NonProfiledCodeHeapSize                  = 122945536                              {pd product} {ergonomic}
    uintx ProfiledCodeHeapSize                     = 122880000                              {pd product} {ergonomic}
    uintx ReservedCodeCacheSize                    = 251658240                              {pd product} {ergonomic}
     bool SegmentedCodeCache                       = true                                      {product} {ergonomic}
   size_t SoftMaxHeapSize                          = 4202692608                             {manageable} {ergonomic}
     bool UseCompressedOops                        = true                           {product lp64_product} {ergonomic}
     bool UseG1GC                                  = true                                      {product} {ergonomic}
     bool UseLargePagesIndividualAllocation        = false                                  {pd product} {ergonomic}

Logging:
Log output configuration:
 #0: stdout all=warning uptime,level,tags foldmultilines=false
 #1: stderr all=off uptime,level,tags foldmultilines=false

Release file:
IMPLEMENTOR="Oracle Corporation" 
JAVA_RUNTIME_VERSION="25.0.1+8-LTS-27" 
JAVA_VERSION="25.0.1" 
JAVA_VERSION_DATE="2025-10-21" 
LIBC="default" 
MODULES="java.base java.compiler java.datatransfer java.xml java.prefs java.desktop java.instrument java.logging java.management java.security.sasl java.naming java.rmi java.management.rmi java.net.http java.scripting java.security.jgss java.transaction.xa java.sql java.sql.rowset java.xml.crypto java.se java.smartcardio jdk.accessibility jdk.internal.jvmstat jdk.attach jdk.charsets jdk.internal.opt jdk.zipfs jdk.compiler jdk.crypto.cryptoki jdk.crypto.ec jdk.crypto.mscapi jdk.dynalink jdk.internal.ed jdk.editpad jdk.internal.vm.ci jdk.graal.compiler jdk.graal.compiler.management jdk.hotspot.agent jdk.httpserver jdk.incubator.vector jdk.internal.le jdk.internal.md jdk.jartool jdk.javadoc jdk.jcmd jdk.management jdk.management.agent jdk.jconsole jdk.jdeps jdk.jdwp.agent jdk.jdi jdk.jfr jdk.jlink jdk.jpackage jdk.jshell jdk.jsobject jdk.jstatd jdk.localedata jdk.management.jfr jdk.naming.dns jdk.naming.rmi jdk.net jdk.nio.mapmode jdk.sctp jdk.security.auth jdk.security.jgss jdk.unsupported jdk.unsupported.desktop jdk.xml.dom" 
OS_ARCH="x86_64" 
OS_NAME="Windows" 
SOURCE=".:git:862c85bc42b7 open:git:78770bfaefd2" 

Environment Variables:
JAVA_HOME=C:\Program Files\Java\jdk-25
JAVA_TOOL_OPTIONS=-Dfile.encoding=IBM850
PATH=C:\Program Files\Common Files\Oracle\Java\javapath;C:\WINDOWS\system32;C:\WINDOWS;C:\WINDOWS\System32\Wbem;C:\WINDOWS\System32\WindowsPowerShell\v1.0\;C:\WINDOWS\System32\OpenSSH\;C:\Program Files\Git\cmd;C:\Users\carol\AppData\Local\Programs\Python\Launcher\;C:\Users\carol\AppData\Local\Microsoft\WindowsApps;C:\Users\carol\AppData\Local\Programs\Microsoft VS Code\bin;;C:\Users\carol\.lmstudio\bin
USERNAME=carol
OS=Windows_NT
PROCESSOR_IDENTIFIER=Intel64 Family 6 Model 186 Stepping 3, GenuineIntel
TMP=C:\Users\carol\AppData\Local\Temp
TEMP=C:\Users\carol\AppData\Local\Temp




Compilation memory statistics disabled.

Periodic native trim disabled

---------------  S Y S T E M  ---------------

OS:
 Windows 11 , 64 bit Build 26100 (10.0.26100.8328)
OS uptime: 9 days 8:22 hours
Hyper-V role detected

CPU: total 12 (initial active 12) (6 cores per cpu, 2 threads per core) family 6 model 186 stepping 3 microcode 0x4114, cx8, cmov, fxsr, ht, mmx, 3dnowpref, sse, sse2, sse3, ssse3, sse4.1, sse4.2, popcnt, lzcnt, tsc, tscinvbit, avx, avx2, aes, erms, clmul, bmi1, bmi2, adx, sha, fma, vzeroupper, clflush, clflushopt, clwb, hv, serialize, rdtscp, rdpid, fsrm, gfni, f16c, cet_ibt, cet_ss
Processor Information for processor 0
  Max Mhz: 1700, Current Mhz: 1700, Mhz Limit: 1700
Processor Information for processor 1
  Max Mhz: 1700, Current Mhz: 1700, Mhz Limit: 1700
Processor Information for processor 2
  Max Mhz: 1700, Current Mhz: 1700, Mhz Limit: 1700
Processor Information for processor 3
  Max Mhz: 1700, Current Mhz: 1700, Mhz Limit: 1700
Processor Information for processor 4
  Max Mhz: 1700, Current Mhz: 1200, Mhz Limit: 1190
Processor Information for processor 5
  Max Mhz: 1700, Current Mhz: 1200, Mhz Limit: 1190
Processor Information for processor 6
  Max Mhz: 1700, Current Mhz: 1200, Mhz Limit: 1190
Processor Information for processor 7
  Max Mhz: 1700, Current Mhz: 1200, Mhz Limit: 1190
Processor Information for processor 8
  Max Mhz: 1700, Current Mhz: 1200, Mhz Limit: 1190
Processor Information for processor 9
  Max Mhz: 1700, Current Mhz: 1200, Mhz Limit: 1190
Processor Information for processor 10
  Max Mhz: 1700, Current Mhz: 1200, Mhz Limit: 1190
Processor Information for processor 11
  Max Mhz: 1700, Current Mhz: 1200, Mhz Limit: 1190

Memory: 4k page, system-wide physical 16024M (614M free)
TotalPageFile size 32631M (AvailPageFile size 0M)
current process WorkingSet (physical memory assigned to process): 5107M, peak: 5107M
current process commit charge ("private bytes"): 9431M, peak: 9432M

vm_info: Java HotSpot(TM) 64-Bit Server VM (25.0.1+8-LTS-27) for windows-amd64 JRE (25.0.1+8-LTS-27), built on 2025-09-25T16:41:16Z with unknown MS VC++:1943

END.
